MeshVersionFormatted 1
Dimension 3
Vertices
3005
0.34879900000000003 2.6650109999999998 -0.083233100000000004 1
0.31313200000000002 2.600949 0.88119199999999998 1
0.266758 3.1816279999999999 0.122726 1
0.22955500000000001 3.0663178000000002 0.82870200000000005 1
0.35362300000000002 2.9513544 0.443969 1
0.33587800000000001 2.6155050000000002 0.42569299999999999 1
0.30536200000000002 3.0307982999999998 -0.0065566299999999999 1
0.279611 2.9447613000000001 0.85854699999999995 1
0.26671899999999998 3.1057800000000002 0.46681 1
0.149341 2.5484780000000002 0.16642299999999999 1
0.12606000000000001 2.8379639999999999 -0.185668 1
0.114009 2.641661 -0.075952099999999995 1
0.101546 2.5246179999999998 0.663157 1
0.240757 2.564365 0.42198099999999999 1
0.38582499999999997 2.8254990000000002 0.18076600000000001 1
0.35860199999999998 2.6220300000000001 0.17896999999999999 1
0.34595300000000001 2.770295 0.66412599999999999 1
0.31610199999999999 2.5806040000000001 0.64915299999999998 1
0.13196099999999999 2.7986179999999998 0.95173099999999999 1
0.087676599999999993 2.6088179999999999 0.90160600000000002 1
0.161859 3.2853560000000002 0.30309799999999998 1
0.177264 3.2828390000000001 0.087553699999999998 1
0.15878600000000001 3.0751889000000001 -0.141343 1
0.31097399999999997 2.9025900999999998 -0.069776199999999997 1
0.138236 3.1911420000000001 0.70039300000000004 1
0.13061 3.1098810000000001 0.87365700000000002 1
0.28754400000000002 2.7854510000000001 0.86493799999999998 1
0.25445000000000001 3.1013359999999999 0.68011200000000005 1
0.34304000000000001 2.9458834999999999 0.67228600000000005 1
0.36938799999999999 2.9757224999999998 0.20583799999999999 1
0.27378200000000003 3.1603319999999999 0.27386100000000002 1
0.36907000000000001 2.771668 0.43527900000000003 1
0.14607400000000001 3.2060629999999999 0.48805199999999999 1
0.15689 3.317253 -0.0179554 1
0.184529 3.181235 -0.23857400000000001 1
0.229877 3.4460380000000002 -0.0428095 1
0.32658399999999999 3.3036759999999998 -0.37549399999999999 1
0.25791500000000001 3.488969 -0.51772099999999999 1
0.18771099999999999 3.7302949999999999 -0.43713400000000002 1
0.190442 3.1228560000000001 -0.43769599999999997 1
0.27150099999999999 3.2019790000000001 -0.57985299999999995 1
0.227961 3.3370160000000002 -0.64146800000000004 1
0.32328800000000002 2.3541020000000001 -0.065006900000000006 1
0.277559 2.3393410000000001 0.87242600000000003 1
0.15321000000000001 2.3284470000000002 0.11659700000000001 1
0.15334300000000001 2.3474880000000002 -0.062848899999999999 1
0.12975200000000001 2.3195869999999998 0.71423300000000001 1
0.31074400000000002 2.3418410000000001 0.12474 1
0.27019700000000002 2.329796 0.70542899999999997 1
0.125665 2.335629 0.87701700000000005 1
0.26416899999999999 3.6469459999999998 -0.36989699999999998 1
0.18035899999999999 3.6864599999999998 -0.14827899999999999 1
0.26320399999999999 3.5603750000000001 -0.13719100000000001 1
0.37176500000000001 3.6838690000000001 -0.32119599999999998 1
0.432195 3.7512460000000001 -0.233457 1
0.42457400000000001 3.6804389999999998 -0.15085499999999999 1
0.37934600000000002 3.6040489999999998 -0.21307499999999999 1
0 2.8079160000000001 -0.196407 1
0 3.5056780000000001 -0.56301599999999996 1
0 3.3406410000000002 -0.66506600000000005 1
0 3.0414775000000001 -0.241591 1
0 3.1176149999999998 -0.30538399999999999 1
0 3.100384 -0.45056400000000002 1
0 3.1825869999999998 -0.61615500000000001 1
-4.3368099999999998e-19 3.7650670000000002 -0.44907200000000003 1
-4.3368099999999998e-19 3.8347569999999997 -0.307668 1
0 2.565226 0.061519200000000003 1
0 2.6458740000000001 -0.067704799999999996 1
0 3.3261240000000001 0.139538 1
0 3.3522069999999999 0.038863099999999998 1
0 3.4991750000000001 0.0586613 1
-4.3368099999999998e-19 3.7239059999999999 -0.059710699999999998 1
0 3.8160609999999999 -0.18936900000000001 1
0 2.5647510000000002 0.72654799999999997 1
0 2.4662760000000001 0.41551100000000002 1
0 3.3011940000000002 0.31271900000000002 1
0 3.2333419999999999 0.49565999999999999 1
0 2.6599629999999999 0.89169100000000001 1
0 2.805005 0.97137899999999999 1
0 3.2205529999999998 0.71102500000000002 1
0 3.1304780000000001 0.89117100000000005 1
0.16401499999999999 3.9293390000000001 -0.23209399999999999 1
0.205905 3.9157410000000001 -0.31337399999999999 1
0.15337999999999999 3.9355539999999998 -0.28202899999999997 1
0.22178600000000001 3.9054609999999998 -0.256021 1
0.11523600000000001 3.8378959999999998 -0.222054 1
0.086327000000000001 3.8122090000000002 -0.21146499999999999 1
0.172231 3.819312 -0.33410400000000001 1
0.162464 3.7910779999999997 -0.35184599999999999 1
0.078736200000000006 3.8221020000000001 -0.29436600000000002 1
0.10299899999999999 3.8447360000000002 -0.28822900000000001 1
0.21939900000000001 3.7545519999999999 -0.28348000000000001 1
0.19975100000000001 3.7903820000000001 -0.24488099999999999 1
0.18468399999999999 3.7620089999999999 -0.19615199999999999 1
0.27970299999999998 3.7624390000000001 -0.233186 1
0.120311 2.5434830000000002 0.243094 1
0.11128200000000001 2.5226839999999999 0.58187999999999995 1
0.186164 2.5122990000000001 0.41753299999999999 1
0 2.5375960000000002 0.20873900000000001 1
0 2.5160520000000002 0.60642099999999999 1
0.17185 2.9589023000000001 0.94527000000000005 1
0.106249 2.9857833 0.96853299999999998 1
0.107395 2.9346537000000001 0.97525300000000004 1
0 3.00228925 0.98717699999999997 1
0 2.9243836999999999 0.99550700000000003 1
0.051750900000000002 2.9391641000000002 1.0247299999999999 1
0.051795099999999997 2.9201907 1.0112000000000001 1
0 2.9311748999999998 1.0480700000000001 1
0 2.9047808000000002 1.0264200000000001 1
-0.34879900000000003 2.6650109999999998 -0.083233100000000004 1
-0.31313200000000002 2.600949 0.88119199999999998 1
-0.266758 3.1816279999999999 0.122726 1
-0.22955500000000001 3.0663178000000002 0.82870200000000005 1
-0.35362300000000002 2.9513544 0.443969 1
-0.33587800000000001 2.6155050000000002 0.42569299999999999 1
-0.30536200000000002 3.0307982999999998 -0.0065566299999999999 1
-0.279611 2.9447613000000001 0.85854699999999995 1
-0.26671899999999998 3.1057800000000002 0.46681 1
-0.149341 2.5484780000000002 0.16642299999999999 1
-0.12606000000000001 2.8379639999999999 -0.185668 1
-0.114009 2.641661 -0.075952099999999995 1
-0.101546 2.5246179999999998 0.663157 1
-0.240757 2.564365 0.42198099999999999 1
-0.38582499999999997 2.8254990000000002 0.18076600000000001 1
-0.35860199999999998 2.6220300000000001 0.17896999999999999 1
-0.34595300000000001 2.770295 0.66412599999999999 1
-0.31610199999999999 2.5806040000000001 0.64915299999999998 1
-0.13196099999999999 2.7986179999999998 0.95173099999999999 1
-0.087676599999999993 2.6088179999999999 0.90160600000000002 1
-0.161859 3.2853560000000002 0.30309799999999998 1
-0.177264 3.2828390000000001 0.087553699999999998 1
-0.15878600000000001 3.0751889000000001 -0.141343 1
-0.31097399999999997 2.9025900999999998 -0.069776199999999997 1
-0.138236 3.1911420000000001 0.70039300000000004 1
-0.13061 3.1098810000000001 0.87365700000000002 1
-0.28754400000000002 2.7854510000000001 0.86493799999999998 1
-0.25445000000000001 3.1013359999999999 0.68011200000000005 1
-0.34304000000000001 2.9458834999999999 0.67228600000000005 1
-0.36938799999999999 2.9757224999999998 0.20583799999999999 1
-0.27378200000000003 3.1603319999999999 0.27386100000000002 1
-0.36907000000000001 2.771668 0.43527900000000003 1
-0.14607400000000001 3.2060629999999999 0.48805199999999999 1
-0.15689 3.317253 -0.0179554 1
-0.184529 3.181235 -0.23857400000000001 1
-0.229877 3.4460380000000002 -0.0428095 1
-0.32658399999999999 3.3036759999999998 -0.37549399999999999 1
-0.25791500000000001 3.488969 -0.51772099999999999 1
-0.18771099999999999 3.7302949999999999 -0.43713400000000002 1
-0.190442 3.1228560000000001 -0.43769599999999997 1
-0.27150099999999999 3.2019790000000001 -0.57985299999999995 1
-0.227961 3.3370160000000002 -0.64146800000000004 1
-0.32328800000000002 2.3541020000000001 -0.065006900000000006 1
-0.277559 2.3393410000000001 0.87242600000000003 1
-0.15321000000000001 2.3284470000000002 0.11659700000000001 1
-0.15334300000000001 2.3474880000000002 -0.062848899999999999 1
-0.12975200000000001 2.3195869999999998 0.71423300000000001 1
-0.31074400000000002 2.3418410000000001 0.12474 1
-0.27019700000000002 2.329796 0.70542899999999997 1
-0.125665 2.335629 0.87701700000000005 1
-0.26416899999999999 3.6469459999999998 -0.36989699999999998 1
-0.18035899999999999 3.6864599999999998 -0.14827899999999999 1
-0.26320399999999999 3.5603750000000001 -0.13719100000000001 1
-0.37176500000000001 3.6838690000000001 -0.32119599999999998 1
-0.432195 3.7512460000000001 -0.233457 1
-0.42457400000000001 3.6804389999999998 -0.15085499999999999 1
-0.37934600000000002 3.6040489999999998 -0.21307499999999999 1
-0.16401499999999999 3.9293390000000001 -0.23209399999999999 1
-0.205905 3.9157410000000001 -0.31337399999999999 1
-0.15337999999999999 3.9355539999999998 -0.28202899999999997 1
-0.22178600000000001 3.9054609999999998 -0.256021 1
-0.11523600000000001 3.8378959999999998 -0.222054 1
-0.086327000000000001 3.8122090000000002 -0.21146499999999999 1
-0.172231 3.819312 -0.33410400000000001 1
-0.162464 3.7910779999999997 -0.35184599999999999 1
-0.078736200000000006 3.8221020000000001 -0.29436600000000002 1
-0.10299899999999999 3.8447360000000002 -0.28822900000000001 1
-0.21939900000000001 3.7545519999999999 -0.28348000000000001 1
-0.19975100000000001 3.7903820000000001 -0.24488099999999999 1
-0.18468399999999999 3.7620089999999999 -0.19615199999999999 1
-0.27970299999999998 3.7624390000000001 -0.233186 1
-0.120311 2.5434830000000002 0.243094 1
-0.11128200000000001 2.5226839999999999 0.58187999999999995 1
-0.186164 2.5122990000000001 0.41753299999999999 1
-0.17185 2.9589023000000001 0.94527000000000005 1
-0.106249 2.9857833 0.96853299999999998 1
-0.107395 2.9346537000000001 0.97525300000000004 1
-0.051750900000000002 2.9391641000000002 1.0247299999999999 1
-0.051795099999999997 2.9201907 1.0112000000000001 1
0.28706300000000001 2.5820880000000002 0.42338999999999999 1
0.22332299999999999 2.5682510000000001 0.30083900000000002 1
0.26259900000000003 2.553426 0.21416499999999999 1
0.34568300000000002 2.6325419999999999 0.305622 1
0.284862 2.5897610000000002 0.30485699999999999 1
0.320467 2.6095459999999999 0.53852699999999998 1
0.21864900000000001 2.525147 0.61994499999999997 1
0.19621 2.5527150000000001 0.53873199999999999 1
0.257025 2.5709360000000001 0.53659100000000004 1
0.24060200000000001 2.6587860000000001 -0.117452 1
0.12146999999999999 2.7507260000000002 -0.14502200000000001 1
0.22115699999999999 2.879607 -0.14605799999999999 1
0.32871499999999998 2.807239 -0.077819299999999994 1
0.22947799999999999 2.7879890000000001 -0.13314699999999999 1
0.30798700000000001 2.9668804999999998 -0.049690999999999999 1
0.13989299999999999 2.9451817999999998 -0.18110299999999999 1
0.23707500000000001 3.0521948999999999 -0.075972499999999998 1
0.22717300000000001 2.9627644000000002 -0.128413 1
0.30149199999999998 2.7071149999999999 0.87067399999999995 1
0.213279 2.795258 0.92251799999999995 1
0.11749900000000001 2.7183579999999998 0.93573899999999999 1
0.211816 2.6052680000000001 0.92240900000000003 1
0.21554699999999999 2.7135850000000001 0.91967399999999999 1
0.36496800000000001 2.87459 0.046234999999999998 1
0.38245800000000002 2.7403200000000001 0.17619699999999999 1
0.38519399999999998 2.6487949999999998 0.030615900000000001 1
0.37541799999999997 2.783687 0.035959100000000001 1
0.382575 2.7902360000000002 0.31165300000000001 1
0.361147 2.683376 0.430338 1
0.37438399999999999 2.7054679999999998 0.30824800000000002 1
0.368668 2.8628659999999999 0.43872899999999998 1
0.38513199999999997 2.8988149999999999 0.188168 1
0.36514600000000003 2.9593631999999999 0.32482899999999998 1
0.38194899999999998 2.8744160000000001 0.31541200000000003 1
0.35023199999999999 3.0025388500000001 0.090822100000000003 1
0.361458 2.9380404000000002 0.060915299999999999 1
0.343331 2.5908289999999998 0.77857699999999996 1
0.341862 2.6860930000000001 0.65794900000000001 1
0.32801900000000001 2.7766820000000001 0.77374699999999996 1
0.33654400000000001 2.6968930000000002 0.775339 1
0.28305200000000003 2.8673690000000001 0.86357099999999998 1
0.35100100000000001 2.8575620000000002 0.66882799999999998 1
0.32248700000000002 2.9434950999999998 0.77401900000000001 1
0.32900000000000001 2.8595109999999999 0.774308 1
0.34930099999999997 2.9478699000000002 0.56090399999999996 1
0.357572 2.7668780000000002 0.55166400000000004 1
0.360647 2.8581859999999999 0.55656399999999995 1
0.34927200000000003 2.6801209999999998 0.54457900000000004 1
0.23280999999999999 3.2295430000000001 0.110217 1
0.170184 3.2998289999999999 0.20555000000000001 1
0.22134100000000001 3.2364809999999999 0.29341800000000001 1
0.27268199999999998 3.181352 0.18958900000000001 1
0.22722600000000001 3.2528589999999999 0.20400799999999999 1
0.27115499999999998 3.1295269999999999 0.36622300000000002 1
0.153276 3.2442159999999998 0.39384000000000002 1
0.20968999999999999 3.164574 0.47865799999999997 1
0.21537500000000001 3.1981130000000002 0.38295400000000002 1
0.24282000000000001 3.0875954999999999 0.77072499999999999 1
0.198521 3.1546820000000002 0.68970900000000002 1
0.13453300000000001 3.1616819999999999 0.79657800000000001 1
0.18726200000000001 3.0868869999999999 0.85488699999999995 1
0.19155800000000001 3.1320260000000002 0.78244999999999998 1
0.141545 3.1965819999999998 0.59350899999999995 1
0.26179000000000002 3.101674 0.57476899999999997 1
0.20439199999999999 3.157257 0.58439399999999997 1
0.32775500000000002 3.0676272 0.23951600000000001 1
0.31732100000000002 3.0335117 0.45417299999999999 1
0.32472600000000001 3.0469262000000001 0.344192 1
0.30707200000000001 3.0296091999999999 0.67507899999999998 1
0.25394099999999997 3.0157408000000001 0.84816800000000003 1
0.28986299999999998 3.0225221000000002 0.77107000000000003 1
0.19090099999999999 3.1880160000000002 -0.030048200000000001 1
0.28817399999999999 3.116771 0.063919699999999996 1
0.23929900000000001 3.151564 0.0118342 1
0.313467 3.0305659999999999 0.56685099999999999 1
0.31703300000000001 3.0909783000000002 0.14297299999999999 1
0.15001800000000001 3.148066 -0.17035500000000001 1
0.19200300000000001 3.2576269999999998 -0.114007 1
0.150923 3.290686 0.016265100000000001 1
0.17261899999999999 3.2212450000000001 -0.072210399999999994 1
0.27403100000000002 3.2383099999999998 -0.30131799999999997 1
0.29487600000000003 3.3835030000000001 -0.20377300000000001 1
0.19406799999999999 3.37243 -0.026903699999999999 1
0.24862899999999999 3.3110979999999999 -0.153862 1
0.19680600000000001 3.1412740000000001 -0.36292400000000002 1
0.23910999999999999 3.1449699999999998 -0.50289200000000001 1
0.32470100000000002 3.2410800000000002 -0.50272700000000003 1
0.27814699999999998 3.1810239999999999 -0.423508 1
0.26378600000000002 3.2780499999999999 -0.63021700000000003 1
0.25097900000000001 3.3886620000000001 -0.601302 1
0.31819799999999998 3.390558 -0.44652799999999998 1
0.31459300000000001 3.3207100000000001 -0.56329200000000001 1
0.33804600000000001 2.3199049999999999 0.0309463 1
0.22816500000000001 2.3075779999999999 0.14740700000000001 1
0.12828000000000001 2.310292 0.024574599999999999 1
0.23816100000000001 2.3226179999999998 -0.091885599999999998 1
0.229681 2.2661579999999999 0.026689899999999999 1
0.20055999999999999 2.3126069999999999 0.89886299999999997 1
0.107919 2.3031160000000002 0.79699500000000001 1
0.19917599999999999 2.3003140000000002 0.68654000000000004 1
0.29181800000000002 2.3098049999999999 0.788408 1
0.198244 2.2632159999999999 0.79344800000000004 1
0.30785499999999999 2.4474200000000002 0.89061999999999997 1
0.29459200000000002 2.4284189999999999 0.67875300000000005 1
0.335563 2.4380290000000002 0.78430999999999995 1
0.0593616 2.5419239999999999 0.79593199999999997 1
0.110927 2.4048579999999999 0.69159899999999996 1
0.102733 2.4413749999999999 0.89627400000000002 1
0.071676900000000002 2.4169719999999999 0.79644700000000002 1
0.20300699999999999 2.4084310000000002 0.64712700000000001 1
0.20666599999999999 2.446364 0.93080399999999996 1
0.33912100000000001 2.453484 0.15083199999999999 1
0.352933 2.4794429999999998 -0.088512199999999999 1
0.38324399999999997 2.4676679999999998 0.029710899999999998 1
0.13256899999999999 2.4653480000000001 -0.076731599999999997 1
0.24401999999999999 2.4753379999999998 -0.12428500000000001 1
0.14349899999999999 2.422488 0.14191400000000001 1
0.24107300000000001 2.4282110000000001 0.188527 1
0.096494200000000002 2.565096 0.034291500000000003 1
0.099995100000000003 2.4360300000000001 0.031757500000000001 1
0.27157599999999998 3.5616469999999998 -0.41631800000000002 1
0.28289399999999998 3.56989 -0.25728299999999998 1
0.23851 3.5203869999999999 -0.090788599999999997 1
0.29319499999999998 3.482084 -0.27665400000000001 1
0.21304500000000001 3.6091769999999999 -0.109989 1
0.321376 3.576724 -0.18568299999999999 1
0.42287799999999998 3.6320730000000001 -0.16866100000000001 1
0.32688 3.6807840000000001 -0.145207 1
0.326345 3.6123409999999998 -0.14154600000000001 1
0.31259399999999998 3.674309 -0.34118500000000002 1
0.37905299999999997 3.6358700000000002 -0.28389500000000001 1
0.31540000000000001 3.6068709999999999 -0.278418 1
0.41777300000000001 3.7312659999999997 -0.288914 1
0.460287 3.727236 -0.177367 1
0.45418500000000001 3.6843509999999999 -0.230461 1
0 3.3200509999999999 0.223298 1
0.0857686 3.3011840000000001 0.30987199999999998 1
0.092247399999999993 3.3202030000000002 0.12790599999999999 1
0.091038499999999994 3.3182510000000001 0.216664 1
0 3.227033 0.60208600000000001 1
0.071068599999999996 3.2131150000000002 0.70809900000000003 1
0.075059600000000004 3.2275499999999999 0.49376599999999998 1
0.072477299999999995 3.2195879999999999 0.599773 1
0 3.1866029999999999 0.81065100000000001 1
0.067045599999999997 3.125156 0.88625500000000001 1
0.069506200000000004 3.1801200000000001 0.80677500000000002 1
0 2.5956799999999998 -0.0018770099999999999 1
0.050268500000000001 2.6553300000000002 -0.066539699999999993 1
0.066175300000000006 2.5670809999999999 0.087978899999999999 1
0.056363000000000003 2.600088 0.012696799999999999 1
0 2.604454 0.81000899999999998 1
0.0398588 2.5572889999999999 0.71435700000000002 1
0.036111699999999997 2.6533500000000001 0.89162399999999997 1
0.032110100000000003 2.5952739999999999 0.80476499999999995 1
0 3.2646920000000001 0.40128399999999997 1
0.079872700000000005 3.262384 0.39961799999999997 1
0 3.3303250000000002 0.071655700000000003 1
0.087475200000000003 3.345901 0.0284499 1
0.085841600000000004 3.3234900000000001 0.060559700000000001 1
0 3.4093840000000002 0.051597700000000003 1
0.124296 3.4875479999999999 0.0340513 1
0.10599699999999999 3.4027150000000002 0.0360884 1
0 3.6415790000000001 -0.50732500000000003 1
0.10473300000000001 3.7550879999999998 -0.44483099999999998 1
0.214286 3.6293829999999998 -0.48475400000000002 1
0.13639200000000001 3.5038200000000002 -0.55697399999999997 1
0.12181699999999999 3.6368460000000002 -0.50206099999999998 1
0 3.4129429999999998 -0.62384200000000001 1
0.13927800000000001 3.3409089999999999 -0.66154900000000005 1
0.13894500000000001 3.411476 -0.62015299999999995 1
0 2.728863 0.94367599999999996 1
0.062219900000000002 2.8026070000000001 0.96678900000000001 1
0.050127699999999997 2.7259859999999998 0.94191499999999995 1
0 2.713927 -0.13852300000000001 1
0.055329799999999998 2.8141989999999999 -0.197022 1
0.050201999999999997 2.7245949999999999 -0.14232300000000001 1
0 2.9304595999999998 -0.225378 1
0.076666200000000004 3.0457919000000002 -0.21755099999999999 1
0.065505599999999997 2.9329931 -0.21449299999999999 1
0 3.1015190000000001 -0.26491799999999999 1
0.093395900000000004 3.130309 -0.28522900000000001 1
0.083846299999999999 3.1106199999999999 -0.23888300000000001 1
0 3.1068739999999999 -0.36930099999999999 1
0.114603 3.1046369999999999 -0.44550099999999998 1
0.10259600000000001 3.1151990000000001 -0.35983399999999999 1
0 3.1264409999999998 -0.53936899999999999 1
0.153665 3.185489 -0.61119100000000004 1
0.137484 3.1290019999999998 -0.53409099999999998 1
0 3.2598250000000002 -0.66134800000000005 1
0.150371 3.2624529999999998 -0.65735500000000002 1
0.081963599999999998 3.7070110000000001 -0.097884799999999994 1
0 3.613137 0.011837200000000001 1
0.12893399999999999 3.5935489999999999 -0.027606499999999999 1
0.23089899999999999 3.6961930000000001 -0.41549599999999998 1
0.2462 3.6320579999999998 -0.45199800000000001 1
0.22550000000000001 3.918412 -0.28790900000000003 1
0.18228900000000001 3.9373589999999998 -0.30433399999999999 1
0.155831 3.9459200000000001 -0.25301600000000002 1
0.199042 3.9269720000000001 -0.236591 1
0.198381 3.9508529999999999 -0.26973000000000003 1
0.19553599999999999 3.7687080000000002 -0.32373200000000002 1
0.16259100000000001 3.7966410000000002 -0.33770600000000001 1
0.19813500000000001 3.8044120000000001 -0.30018400000000001 1
0.20485600000000001 3.7678319999999998 -0.258627 1
0.19034400000000001 3.7804190000000002 -0.30532100000000001 1
0.15859500000000001 3.8170139999999999 -0.22018599999999999 1
0.102838 3.8153040000000003 -0.21903 1
0.12548000000000001 3.7862809999999998 -0.19053100000000001 1
0.18859000000000001 3.7714759999999998 -0.21513099999999999 1
0.14521000000000001 3.793415 -0.20871200000000001 1
0.113814 3.8107250000000001 -0.33925499999999997 1
0.091150599999999998 3.822276 -0.28965999999999997 1
0.13434599999999999 3.8341349999999998 -0.32432800000000001 1
0.12321 3.8118639999999999 -0.32710499999999998 1
0.069946400000000006 3.8237570000000001 -0.248502 1
0.095634899999999995 3.846841 -0.24887699999999999 1
0.083669800000000003 3.8245450000000001 -0.24920400000000001 1
0.24364 3.7578480000000001 -0.20743300000000001 1
0.246443 3.7569530000000002 -0.25745299999999999 1
0.21289 3.7622450000000001 -0.22883000000000001 1
0.35575099999999998 3.7624279999999999 -0.23849699999999999 1
0.24996599999999999 3.723503 -0.33225900000000003 1
0.32002999999999998 3.7396419999999999 -0.30471399999999998 1
0.18184800000000001 3.7413150000000002 -0.18004300000000001 1
0.32851599999999997 3.7419769999999999 -0.181175 1
0.049968100000000001 3.812176 -0.19939499999999999 1
0 3.7857089999999998 -0.12911600000000001 1
0.0788354 3.7742839999999998 -0.158189 1
0.050569099999999999 3.8288530000000001 -0.30436800000000003 1
0.168022 3.7787549999999999 -0.38606499999999999 1
0 3.8211140000000001 -0.37870700000000002 1
0.089719499999999994 3.8117960000000002 -0.373587 1
0 3.8318029999999998 -0.24630299999999999 1
0.040474499999999997 3.8283529999999999 -0.24745900000000001 1
0.21130199999999999 3.7443710000000001 -0.36519600000000002 1
0.19370200000000001 3.87269 -0.32939200000000002 1
0.216553 3.8566609999999999 -0.25113600000000003 1
0.218551 3.8607550000000002 -0.29710199999999998 1
0.12684100000000001 3.8973879999999999 -0.28583599999999998 1
0.15751299999999999 3.8879860000000002 -0.32035799999999998 1
0.13893800000000001 3.8905829999999999 -0.222912 1
0.120161 3.9001939999999999 -0.24780099999999999 1
0.18113699999999999 3.8729480000000001 -0.22415399999999999 1
0.106299 2.5326520000000001 0.61279399999999995 1
0.156751 2.5143490000000002 0.51766199999999996 1
0.218865 2.5414319999999999 0.41981600000000002 1
0.17771300000000001 2.535539 0.52787099999999998 1
0 2.5402580000000001 0.666605 1
0.064075599999999996 2.5187749999999998 0.60014999999999996 1
0.048680800000000003 2.5374669999999999 0.65544899999999995 1
0.129769 2.554109 0.21099200000000001 1
0.067491899999999994 2.540816 0.218582 1
0 2.5540440000000002 0.12884000000000001 1
0.063835699999999995 2.5553819999999998 0.15006 1
0.160168 2.5282420000000001 0.31390899999999999 1
0.192938 2.54955 0.30762400000000001 1
0 2.4815230000000001 0.51985199999999998 1
0.106971 2.4814470000000002 0.41603200000000001 1
0.091375499999999998 2.4924059999999999 0.51813200000000004 1
0 2.4964909999999998 0.30756299999999998 1
0.090686199999999995 2.5070139999999999 0.31040699999999999 1
0.14893799999999999 2.9811822000000001 0.95082699999999998 1
0.10974399999999999 2.9587237000000002 0.97634100000000001 1
0.15229500000000001 2.9401305 0.95788099999999998 1
0.133131 2.9625238 0.96509100000000003 1
0.12914400000000001 2.876814 0.96197600000000005 1
0.214922 2.9527231999999999 0.91785300000000003 1
0.20294599999999999 2.886679 0.93064499999999994 1
0.124777 3.0448233999999998 0.92676700000000001 1
0.18943099999999999 3.0176501999999998 0.907717 1
0.054129400000000001 2.9994178460000001 0.98095699999999997 1
0 3.0636728999999998 0.94613700000000001 1
0.062752100000000005 3.0592134 0.94039700000000004 1
0.054473399999999998 2.9241282000000002 0.98921899999999996 1
0 2.8788659999999999 0.98553999999999997 1
0.063152799999999995 2.876906 0.97946800000000001 1
0.071630700000000005 2.9567999999999999 1.0054099999999999 1
0.052795000000000002 2.9274076 1.01945 1
0.071768100000000001 2.9309894000000001 0.99489399999999995 1
0.080929699999999993 2.9441499000000002 0.99726300000000001 1
0 2.9599882000000002 1.0251300000000001 1
0.029721899999999999 2.9346952000000002 1.0405899999999999 1
0.040695799999999997 2.9604775999999999 1.0183899999999999 1
0.029758699999999999 2.9091762999999999 1.0200100000000001 1
0 2.9217088000000002 1.00911 1
0.040781199999999997 2.9234433000000002 1.00299 1
0 2.9096438999999998 1.0443100000000001 1
0.026406800000000001 2.9148193999999998 1.0368599999999999 1
-0.34568300000000002 2.6325419999999999 0.305622 1
-0.26259900000000003 2.553426 0.21416499999999999 1
-0.22332299999999999 2.5682510000000001 0.30083900000000002 1
-0.28706300000000001 2.5820880000000002 0.42338999999999999 1
-0.284862 2.5897610000000002 0.30485699999999999 1
-0.19621 2.5527150000000001 0.53873199999999999 1
-0.21864900000000001 2.525147 0.61994499999999997 1
-0.320467 2.6095459999999999 0.53852699999999998 1
-0.257025 2.5709360000000001 0.53659100000000004 1
-0.32871499999999998 2.807239 -0.077819299999999994 1
-0.22115699999999999 2.879607 -0.14605799999999999 1
-0.12146999999999999 2.7507260000000002 -0.14502200000000001 1
-0.24060200000000001 2.6587860000000001 -0.117452 1
-0.22947799999999999 2.7879890000000001 -0.13314699999999999 1
-0.23707500000000001 3.0521948999999999 -0.075972499999999998 1
-0.13989299999999999 2.9451817999999998 -0.18110299999999999 1
-0.30798700000000001 2.9668804999999998 -0.049690999999999999 1
-0.22717300000000001 2.9627644000000002 -0.128413 1
-0.211816 2.6052680000000001 0.92240900000000003 1
-0.11749900000000001 2.7183579999999998 0.93573899999999999 1
-0.213279 2.795258 0.92251799999999995 1
-0.30149199999999998 2.7071149999999999 0.87067399999999995 1
-0.21554699999999999 2.7135850000000001 0.91967399999999999 1
-0.38519399999999998 2.6487949999999998 0.030615900000000001 1
-0.38245800000000002 2.7403200000000001 0.17619699999999999 1
-0.36496800000000001 2.87459 0.046234999999999998 1
-0.37541799999999997 2.783687 0.035959100000000001 1
-0.361147 2.683376 0.430338 1
-0.382575 2.7902360000000002 0.31165300000000001 1
-0.37438399999999999 2.7054679999999998 0.30824800000000002 1
-0.36514600000000003 2.9593631999999999 0.32482899999999998 1
-0.38513199999999997 2.8988149999999999 0.188168 1
-0.368668 2.8628659999999999 0.43872899999999998 1
-0.38194899999999998 2.8744160000000001 0.31541200000000003 1
-0.35023199999999999 3.0025388500000001 0.090822100000000003 1
-0.361458 2.9380404000000002 0.060915299999999999 1
-0.32801900000000001 2.7766820000000001 0.77374699999999996 1
-0.341862 2.6860930000000001 0.65794900000000001 1
-0.343331 2.5908289999999998 0.77857699999999996 1
-0.33654400000000001 2.6968930000000002 0.775339 1
-0.32248700000000002 2.9434950999999998 0.77401900000000001 1
-0.35100100000000001 2.8575620000000002 0.66882799999999998 1
-0.28305200000000003 2.8673690000000001 0.86357099999999998 1
-0.32900000000000001 2.8595109999999999 0.774308 1
-0.357572 2.7668780000000002 0.55166400000000004 1
-0.34930099999999997 2.9478699000000002 0.56090399999999996 1
-0.360647 2.8581859999999999 0.55656399999999995 1
-0.34927200000000003 2.6801209999999998 0.54457900000000004 1
-0.27268199999999998 3.181352 0.18958900000000001 1
-0.22134100000000001 3.2364809999999999 0.29341800000000001 1
-0.170184 3.2998289999999999 0.20555000000000001 1
-0.23280999999999999 3.2295430000000001 0.110217 1
-0.22722600000000001 3.2528589999999999 0.20400799999999999 1
-0.20968999999999999 3.164574 0.47865799999999997 1
-0.153276 3.2442159999999998 0.39384000000000002 1
-0.27115499999999998 3.1295269999999999 0.36622300000000002 1
-0.21537500000000001 3.1981130000000002 0.38295400000000002 1
-0.18726200000000001 3.0868869999999999 0.85488699999999995 1
-0.13453300000000001 3.1616819999999999 0.79657800000000001 1
-0.198521 3.1546820000000002 0.68970900000000002 1
-0.24282000000000001 3.0875954999999999 0.77072499999999999 1
-0.19155800000000001 3.1320260000000002 0.78244999999999998 1
-0.26179000000000002 3.101674 0.57476899999999997 1
-0.141545 3.1965819999999998 0.59350899999999995 1
-0.20439199999999999 3.157257 0.58439399999999997 1
-0.31732100000000002 3.0335117 0.45417299999999999 1
-0.32775500000000002 3.0676272 0.23951600000000001 1
-0.32472600000000001 3.0469262000000001 0.344192 1
-0.25394099999999997 3.0157408000000001 0.84816800000000003 1
-0.30707200000000001 3.0296091999999999 0.67507899999999998 1
-0.28986299999999998 3.0225221000000002 0.77107000000000003 1
-0.28817399999999999 3.116771 0.063919699999999996 1
-0.19090099999999999 3.1880160000000002 -0.030048200000000001 1
-0.23929900000000001 3.151564 0.0118342 1
-0.313467 3.0305659999999999 0.56685099999999999 1
-0.31703300000000001 3.0909783000000002 0.14297299999999999 1
-0.150923 3.290686 0.016265100000000001 1
-0.19200300000000001 3.2576269999999998 -0.114007 1
-0.15001800000000001 3.148066 -0.17035500000000001 1
-0.17261899999999999 3.2212450000000001 -0.072210399999999994 1
-0.19406799999999999 3.37243 -0.026903699999999999 1
-0.29487600000000003 3.3835030000000001 -0.20377300000000001 1
-0.27403100000000002 3.2383099999999998 -0.30131799999999997 1
-0.24862899999999999 3.3110979999999999 -0.153862 1
-0.32470100000000002 3.2410800000000002 -0.50272700000000003 1
-0.23910999999999999 3.1449699999999998 -0.50289200000000001 1
-0.19680600000000001 3.1412740000000001 -0.36292400000000002 1
-0.27814699999999998 3.1810239999999999 -0.423508 1
-0.31819799999999998 3.390558 -0.44652799999999998 1
-0.25097900000000001 3.3886620000000001 -0.601302 1
-0.26378600000000002 3.2780499999999999 -0.63021700000000003 1
-0.31459300000000001 3.3207100000000001 -0.56329200000000001 1
-0.23816100000000001 2.3226179999999998 -0.091885599999999998 1
-0.12828000000000001 2.310292 0.024574599999999999 1
-0.22816500000000001 2.3075779999999999 0.14740700000000001 1
-0.33804600000000001 2.3199049999999999 0.0309463 1
-0.229681 2.2661579999999999 0.026689899999999999 1
-0.29181800000000002 2.3098049999999999 0.788408 1
-0.19917599999999999 2.3003140000000002 0.68654000000000004 1
-0.107919 2.3031160000000002 0.79699500000000001 1
-0.20055999999999999 2.3126069999999999 0.89886299999999997 1
-0.198244 2.2632159999999999 0.79344800000000004 1
-0.29459200000000002 2.4284189999999999 0.67875300000000005 1
-0.30785499999999999 2.4474200000000002 0.89061999999999997 1
-0.335563 2.4380290000000002 0.78430999999999995 1
-0.102733 2.4413749999999999 0.89627400000000002 1
-0.110927 2.4048579999999999 0.69159899999999996 1
-0.0593616 2.5419239999999999 0.79593199999999997 1
-0.071676900000000002 2.4169719999999999 0.79644700000000002 1
-0.20300699999999999 2.4084310000000002 0.64712700000000001 1
-0.20666599999999999 2.446364 0.93080399999999996 1
-0.352933 2.4794429999999998 -0.088512199999999999 1
-0.33912100000000001 2.453484 0.15083199999999999 1
-0.38324399999999997 2.4676679999999998 0.029710899999999998 1
-0.13256899999999999 2.4653480000000001 -0.076731599999999997 1
-0.24401999999999999 2.4753379999999998 -0.12428500000000001 1
-0.14349899999999999 2.422488 0.14191400000000001 1
-0.24107300000000001 2.4282110000000001 0.188527 1
-0.096494200000000002 2.565096 0.034291500000000003 1
-0.099995100000000003 2.4360300000000001 0.031757500000000001 1
-0.23851 3.5203869999999999 -0.090788599999999997 1
-0.28289399999999998 3.56989 -0.25728299999999998 1
-0.27157599999999998 3.5616469999999998 -0.41631800000000002 1
-0.29319499999999998 3.482084 -0.27665400000000001 1
-0.32688 3.6807840000000001 -0.145207 1
-0.42287799999999998 3.6320730000000001 -0.16866100000000001 1
-0.321376 3.576724 -0.18568299999999999 1
-0.21304500000000001 3.6091769999999999 -0.109989 1
-0.326345 3.6123409999999998 -0.14154600000000001 1
-0.37905299999999997 3.6358700000000002 -0.28389500000000001 1
-0.31259399999999998 3.674309 -0.34118500000000002 1
-0.31540000000000001 3.6068709999999999 -0.278418 1
-0.460287 3.727236 -0.177367 1
-0.41777300000000001 3.7312659999999997 -0.288914 1
-0.45418500000000001 3.6843509999999999 -0.230461 1
-0.092247399999999993 3.3202030000000002 0.12790599999999999 1
-0.0857686 3.3011840000000001 0.30987199999999998 1
-0.091038499999999994 3.3182510000000001 0.216664 1
-0.075059600000000004 3.2275499999999999 0.49376599999999998 1
-0.071068599999999996 3.2131150000000002 0.70809900000000003 1
-0.072477299999999995 3.2195879999999999 0.599773 1
-0.067045599999999997 3.125156 0.88625500000000001 1
-0.069506200000000004 3.1801200000000001 0.80677500000000002 1
-0.066175300000000006 2.5670809999999999 0.087978899999999999 1
-0.050268500000000001 2.6553300000000002 -0.066539699999999993 1
-0.056363000000000003 2.600088 0.012696799999999999 1
-0.036111699999999997 2.6533500000000001 0.89162399999999997 1
-0.0398588 2.5572889999999999 0.71435700000000002 1
-0.032110100000000003 2.5952739999999999 0.80476499999999995 1
-0.079872700000000005 3.262384 0.39961799999999997 1
-0.087475200000000003 3.345901 0.0284499 1
-0.085841600000000004 3.3234900000000001 0.060559700000000001 1
-0.124296 3.4875479999999999 0.0340513 1
-0.10599699999999999 3.4027150000000002 0.0360884 1
-0.13639200000000001 3.5038200000000002 -0.55697399999999997 1
-0.214286 3.6293829999999998 -0.48475400000000002 1
-0.10473300000000001 3.7550879999999998 -0.44483099999999998 1
-0.12181699999999999 3.6368460000000002 -0.50206099999999998 1
-0.13927800000000001 3.3409089999999999 -0.66154900000000005 1
-0.13894500000000001 3.411476 -0.62015299999999995 1
-0.062219900000000002 2.8026070000000001 0.96678900000000001 1
-0.050127699999999997 2.7259859999999998 0.94191499999999995 1
-0.055329799999999998 2.8141989999999999 -0.197022 1
-0.050201999999999997 2.7245949999999999 -0.14232300000000001 1
-0.076666200000000004 3.0457919000000002 -0.21755099999999999 1
-0.065505599999999997 2.9329931 -0.21449299999999999 1
-0.093395900000000004 3.130309 -0.28522900000000001 1
-0.083846299999999999 3.1106199999999999 -0.23888300000000001 1
-0.114603 3.1046369999999999 -0.44550099999999998 1
-0.10259600000000001 3.1151990000000001 -0.35983399999999999 1
-0.153665 3.185489 -0.61119100000000004 1
-0.137484 3.1290019999999998 -0.53409099999999998 1
-0.150371 3.2624529999999998 -0.65735500000000002 1
-0.081963599999999998 3.7070110000000001 -0.097884799999999994 1
-0.12893399999999999 3.5935489999999999 -0.027606499999999999 1
-0.23089899999999999 3.6961930000000001 -0.41549599999999998 1
-0.2462 3.6320579999999998 -0.45199800000000001 1
-0.199042 3.9269720000000001 -0.236591 1
-0.155831 3.9459200000000001 -0.25301600000000002 1
-0.18228900000000001 3.9373589999999998 -0.30433399999999999 1
-0.22550000000000001 3.918412 -0.28790900000000003 1
-0.198381 3.9508529999999999 -0.26973000000000003 1
-0.20485600000000001 3.7678319999999998 -0.258627 1
-0.19813500000000001 3.8044120000000001 -0.30018400000000001 1
-0.16259100000000001 3.7966410000000002 -0.33770600000000001 1
-0.19553599999999999 3.7687080000000002 -0.32373200000000002 1
-0.19034400000000001 3.7804190000000002 -0.30532100000000001 1
-0.18859000000000001 3.7714759999999998 -0.21513099999999999 1
-0.12548000000000001 3.7862809999999998 -0.19053100000000001 1
-0.102838 3.8153040000000003 -0.21903 1
-0.15859500000000001 3.8170139999999999 -0.22018599999999999 1
-0.14521000000000001 3.793415 -0.20871200000000001 1
-0.13434599999999999 3.8341349999999998 -0.32432800000000001 1
-0.091150599999999998 3.822276 -0.28965999999999997 1
-0.113814 3.8107250000000001 -0.33925499999999997 1
-0.12321 3.8118639999999999 -0.32710499999999998 1
-0.095634899999999995 3.846841 -0.24887699999999999 1
-0.069946400000000006 3.8237570000000001 -0.248502 1
-0.083669800000000003 3.8245450000000001 -0.24920400000000001 1
-0.246443 3.7569530000000002 -0.25745299999999999 1
-0.24364 3.7578480000000001 -0.20743300000000001 1
-0.21289 3.7622450000000001 -0.22883000000000001 1
-0.24996599999999999 3.723503 -0.33225900000000003 1
-0.35575099999999998 3.7624279999999999 -0.23849699999999999 1
-0.32002999999999998 3.7396419999999999 -0.30471399999999998 1
-0.18184800000000001 3.7413150000000002 -0.18004300000000001 1
-0.32851599999999997 3.7419769999999999 -0.181175 1
-0.049968100000000001 3.812176 -0.19939499999999999 1
-0.0788354 3.7742839999999998 -0.158189 1
-0.168022 3.7787549999999999 -0.38606499999999999 1
-0.050569099999999999 3.8288530000000001 -0.30436800000000003 1
-0.089719499999999994 3.8117960000000002 -0.373587 1
-0.040474499999999997 3.8283529999999999 -0.24745900000000001 1
-0.21130199999999999 3.7443710000000001 -0.36519600000000002 1
-0.216553 3.8566609999999999 -0.25113600000000003 1
-0.19370200000000001 3.87269 -0.32939200000000002 1
-0.218551 3.8607550000000002 -0.29710199999999998 1
-0.12684100000000001 3.8973879999999999 -0.28583599999999998 1
-0.15751299999999999 3.8879860000000002 -0.32035799999999998 1
-0.13893800000000001 3.8905829999999999 -0.222912 1
-0.120161 3.9001939999999999 -0.24780099999999999 1
-0.18113699999999999 3.8729480000000001 -0.22415399999999999 1
-0.218865 2.5414319999999999 0.41981600000000002 1
-0.156751 2.5143490000000002 0.51766199999999996 1
-0.106299 2.5326520000000001 0.61279399999999995 1
-0.17771300000000001 2.535539 0.52787099999999998 1
-0.064075599999999996 2.5187749999999998 0.60014999999999996 1
-0.048680800000000003 2.5374669999999999 0.65544899999999995 1
-0.067491899999999994 2.540816 0.218582 1
-0.129769 2.554109 0.21099200000000001 1
-0.063835699999999995 2.5553819999999998 0.15006 1
-0.160168 2.5282420000000001 0.31390899999999999 1
-0.192938 2.54955 0.30762400000000001 1
-0.106971 2.4814470000000002 0.41603200000000001 1
-0.091375499999999998 2.4924059999999999 0.51813200000000004 1
-0.090686199999999995 2.5070139999999999 0.31040699999999999 1
-0.15229500000000001 2.9401305 0.95788099999999998 1
-0.10974399999999999 2.9587237000000002 0.97634100000000001 1
-0.14893799999999999 2.9811822000000001 0.95082699999999998 1
-0.133131 2.9625238 0.96509100000000003 1
-0.214922 2.9527231999999999 0.91785300000000003 1
-0.12914400000000001 2.876814 0.96197600000000005 1
-0.20294599999999999 2.886679 0.93064499999999994 1
-0.124777 3.0448233999999998 0.92676700000000001 1
-0.18943099999999999 3.0176501999999998 0.907717 1
-0.054129400000000001 2.9994178460000001 0.98095699999999997 1
-0.062752100000000005 3.0592134 0.94039700000000004 1
-0.054473399999999998 2.9241282000000002 0.98921899999999996 1
-0.063152799999999995 2.876906 0.97946800000000001 1
-0.071768100000000001 2.9309894000000001 0.99489399999999995 1
-0.052795000000000002 2.9274076 1.01945 1
-0.071630700000000005 2.9567999999999999 1.0054099999999999 1
-0.080929699999999993 2.9441499000000002 0.99726300000000001 1
-0.029721899999999999 2.9346952000000002 1.0405899999999999 1
-0.040695799999999997 2.9604775999999999 1.0183899999999999 1
-0.029758699999999999 2.9091762999999999 1.0200100000000001 1
-0.040781199999999997 2.9234433000000002 1.00299 1
-0.026406800000000001 2.9148193999999998 1.0368599999999999 1
0.31312099999999998 2.5953200000000001 0.42430299999999999 1
0.28963800000000001 2.5880160000000001 0.36304399999999998 1
0.31781799999999999 2.607577 0.30548500000000001 1
0.34129900000000002 2.6240559999999999 0.366232 1
0.31728800000000001 2.6027049999999998 0.36444799999999999 1
0.23935000000000001 2.5680100000000001 0.361842 1
0.25154399999999999 2.5775649999999999 0.30233199999999999 1
0.26163199999999998 2.5727790000000001 0.42270099999999999 1
0.26233200000000001 2.5773359999999998 0.36213699999999999 1
0.2099 2.5423780000000002 0.202318 1
0.27484599999999998 2.5812460000000002 0.25265799999999999 1
0.19481699999999999 2.5625979999999999 0.23935799999999999 1
0.231211 2.5690339999999998 0.24548600000000001 1
0.35028399999999998 2.6355469999999999 0.244783 1
0.31249500000000002 2.57742 0.20841499999999999 1
0.31660100000000002 2.6035840000000001 0.250199 1
0.32816200000000001 2.612304 0.48308299999999998 1
0.29136200000000001 2.5866210000000001 0.53681500000000004 1
0.27502500000000002 2.5780509999999999 0.48206700000000002 1
0.30342599999999997 2.5917780000000001 0.482265 1
0.26978999999999997 2.5445069999999999 0.62400299999999997 1
0.236564 2.5557720000000002 0.584476 1
0.31511099999999997 2.6023209999999999 0.59214599999999995 1
0.28008899999999998 2.574392 0.58643500000000004 1
0.15611900000000001 2.541474 0.59578900000000001 1
0.22298899999999999 2.5605790000000002 0.53835 1
0.16401099999999999 2.5169670000000002 0.63140600000000002 1
0.19114300000000001 2.5461390000000002 0.59111800000000003 1
0.22539899999999999 2.5598070000000002 0.48087099999999999 1
0.247502 2.5683259999999999 0.481825 1
0.300873 2.6641919999999999 -0.11045000000000001 1
0.23546 2.7302059999999999 -0.12322 1
0.28353499999999998 2.801917 -0.11242000000000001 1
0.33951900000000002 2.7428179999999998 -0.080283099999999996 1
0.29291499999999998 2.739805 -0.110308 1
0.119478 2.704224 -0.113872 1
0.17310600000000001 2.7695219999999998 -0.142628 1
0.17638300000000001 2.6508500000000002 -0.10631 1
0.17453199999999999 2.717123 -0.121531 1
0.172014 2.8584489999999998 -0.17000199999999999 1
0.224047 2.8365049999999998 -0.142015 1
0.123113 2.793612 -0.170045 1
0.171621 2.8150010000000001 -0.16003700000000001 1
0.31849699999999997 2.8599410000000001 -0.074698100000000003 1
0.26898 2.896099 -0.112945 1
0.27485100000000001 2.8531439999999999 -0.11417099999999999 1
0.30780800000000003 2.9968130799999999 -0.031709500000000002 1
0.26987800000000001 2.9681118999999998 -0.092883800000000002 1
0.232462 3.0060820399999999 -0.106821 1
0.273281 3.0420733000000002 -0.043849800000000001 1
0.27234199999999997 3.0033130799999999 -0.072400699999999998 1
0.222802 2.9211496000000001 -0.14150699999999999 1
0.30825599999999997 2.9368547 -0.061910199999999999 1
0.26804 2.9333979000000001 -0.106124 1
0.131964 2.8888639999999999 -0.188613 1
0.18288299999999999 2.9542907999999999 -0.157469 1
0.17621800000000001 2.9047561000000002 -0.168768 1
0.19905200000000001 3.0623656000000001 -0.105989 1
0.14891499999999999 3.0057881100000001 -0.16536200000000001 1
0.19065799999999999 3.0074223999999998 -0.137241 1
0.30851000000000001 2.6599119999999998 0.87540499999999999 1
0.26310499999999998 2.7107779999999999 0.90057699999999996 1
0.214141 2.6653190000000002 0.91990300000000003 1
0.26887 2.6036480000000002 0.90975200000000001 1
0.26699499999999998 2.6630769999999999 0.90429199999999998 1
0.25326199999999999 2.7907859999999998 0.89788199999999996 1
0.21521599999999999 2.755271 0.92060399999999998 1
0.29389799999999999 2.7473610000000002 0.86713899999999999 1
0.25819500000000001 2.7516989999999999 0.898482 1
0.12665599999999999 2.7595860000000001 0.94502399999999998 1
0.164801 2.7157930000000001 0.93025999999999998 1
0.17200299999999999 2.7973629999999998 0.93974000000000002 1
0.16995499999999999 2.7576420000000001 0.93533500000000003 1
0.149733 2.6065999999999998 0.92033900000000002 1
0.104904 2.671513 0.92278099999999996 1
0.15673000000000001 2.6673610000000001 0.92412799999999995 1
0.35845700000000003 2.7998880000000002 -0.026716199999999999 1
0.38090099999999999 2.7227570000000001 0.032670999999999999 1
0.37598700000000002 2.659186 -0.033726800000000001 1
0.36789500000000003 2.7361469999999999 -0.0306343 1
0.34262700000000001 2.8937430000000002 -0.015664000000000001 1
0.36960300000000001 2.8337089999999998 0.040605700000000002 1
0.34944399999999998 2.8519169999999998 -0.0217878 1
0.385185 2.785288 0.17802499999999999 1
0.38225300000000001 2.7624580000000001 0.105277 1
0.379025 2.8501639999999999 0.112764 1
0.38088 2.8099539999999998 0.108528 1
0.37917600000000001 2.6359140000000001 0.102343 1
0.37559599999999999 2.6888550000000002 0.17593900000000001 1
0.38139899999999999 2.7056110000000002 0.10366499999999999 1
0.36372900000000002 2.6661830000000002 0.306674 1
0.36796499999999999 2.6923490000000001 0.37043100000000001 1
0.35140399999999999 2.6456689999999998 0.42781400000000003 1
0.35769000000000001 2.6547239999999999 0.36828 1
0.379525 2.7213910000000001 0.24367900000000001 1
0.36970199999999998 2.6766360000000002 0.24308399999999999 1
0.38639800000000002 2.8056260000000002 0.247084 1
0.380079 2.7473640000000001 0.30995299999999998 1
0.38442500000000002 2.764348 0.245143 1
0.36655300000000002 2.7261880000000001 0.43293599999999999 1
0.37618800000000002 2.77902 0.37440600000000002 1
0.37362899999999999 2.7345670000000002 0.372527 1
0.36353099999999999 2.9076759000000001 0.44086700000000001 1
0.37537900000000002 2.8674409999999999 0.37767400000000001 1
0.37622100000000003 2.9165798999999999 0.319025 1
0.35914299999999999 2.9545623999999999 0.384517 1
0.36975400000000003 2.9112138999999999 0.38033099999999997 1
0.383633 2.8324440000000002 0.31321399999999999 1
0.370145 2.8173789999999999 0.43703799999999998 1
0.37714799999999998 2.8233440000000001 0.375911 1
0.38642900000000002 2.8626879999999999 0.18376200000000001 1
0.385994 2.8846029999999998 0.25216899999999998 1
0.38744400000000001 2.8453379999999999 0.24911 1
0.36932799999999999 2.9662514999999998 0.265179 1
0.38007299999999999 2.9358404999999999 0.19514100000000001 1
0.38047900000000001 2.9245350999999999 0.25720900000000002 1
0.33101199999999997 3.0171673999999999 0.038971600000000002 1
0.357964 2.9682488999999999 0.073165499999999994 1
0.33848699999999998 2.9556174 0.0023577799999999999 1
0.336366 2.9842795999999998 0.0175237 1
0.37697999999999998 2.9178671 0.12363399999999999 1
0.36302299999999998 2.9882711 0.14708199999999999 1
0.37255100000000002 2.9512572000000001 0.13308300000000001 1
0.36302299999999998 2.9080938000000001 0.052471700000000003 1
0.37843100000000002 2.8851520000000002 0.117331 1
0.33977400000000002 2.9268740000000002 -0.0081601599999999996 1
0.33684199999999997 2.5963799999999999 0.83555199999999996 1
0.34091100000000002 2.6494019999999998 0.77666000000000002 1
0.32472800000000002 2.70234 0.82767000000000002 1
0.33190399999999998 2.6551019999999999 0.831349 1
0.33471600000000001 2.6397019999999998 0.65417599999999998 1
0.34067599999999998 2.6912189999999998 0.71745300000000001 1
0.33593299999999998 2.5851869999999999 0.71601400000000004 1
0.33926299999999998 2.6435719999999998 0.71587199999999995 1
0.33868500000000001 2.7732019999999999 0.72009199999999995 1
0.33154600000000001 2.737895 0.77429499999999996 1
0.344609 2.7287309999999998 0.661246 1
0.339619 2.733174 0.71879599999999999 1
0.311718 2.7807569999999999 0.82279400000000003 1
0.31732700000000003 2.7426919999999999 0.824743 1
0.28298200000000001 2.9067926000000002 0.86163000000000001 1
0.309753 2.8624429999999998 0.82164199999999998 1
0.32815 2.9017225999999998 0.77445299999999995 1
0.30429600000000001 2.9433558 0.81894199999999995 1
0.30906400000000001 2.9033088 0.82069000000000003 1
0.32806299999999999 2.817526 0.77391200000000004 1
0.28425099999999998 2.826187 0.86421099999999995 1
0.309915 2.8211330000000001 0.822052 1
0.34889100000000001 2.8134610000000002 0.66664500000000004 1
0.34226099999999998 2.8580559999999999 0.72292000000000001 1
0.34046500000000002 2.8150680000000001 0.72153 1
0.33509699999999998 2.9445481 0.72479499999999997 1
0.34985899999999998 2.9019257000000001 0.67070099999999999 1
0.34137200000000001 2.9014546000000001 0.72407200000000005 1
0.350887 2.9492441 0.502911 1
0.35759999999999997 2.9035739999999999 0.55864999999999998 1
0.36419899999999999 2.8598759999999999 0.49835200000000002 1
0.36000399999999999 2.9052049000000002 0.50037399999999999 1
0.35668899999999998 2.85751 0.61338300000000001 1
0.34722999999999998 2.9468703000000001 0.61750899999999997 1
0.354744 2.9025566 0.61549200000000004 1
0.35205999999999998 2.7679360000000002 0.60814400000000002 1
0.36008800000000002 2.8123909999999999 0.554338 1
0.35511199999999998 2.8124090000000002 0.61099499999999995 1
0.36305300000000001 2.767871 0.49420399999999998 1
0.36477900000000002 2.8138879999999999 0.49643300000000001 1
0.35481200000000002 2.679891 0.48807899999999999 1
0.338808 2.6416189999999999 0.54122899999999996 1
0.34468900000000002 2.6424240000000001 0.48518899999999998 1
0.35474600000000001 2.7223310000000001 0.54823500000000003 1
0.36033199999999999 2.7224560000000002 0.49125099999999999 1
0.34484100000000001 2.6822910000000002 0.60076300000000005 1
0.349578 2.7247699999999999 0.60464600000000002 1
0.33502399999999999 2.6398809999999999 0.59675900000000004 1
0.253104 3.2034349999999998 0.118078 1
0.22988 3.2475450000000001 0.157829 1
0.25053500000000001 3.219935 0.20011200000000001 1
0.27002100000000001 3.1837960000000001 0.15140500000000001 1
0.25109599999999999 3.217673 0.158942 1
0.17393700000000001 3.295795 0.15179500000000001 1
0.20102800000000001 3.2797930000000002 0.20460600000000001 1
0.20844499999999999 3.2550159999999999 0.099748600000000007 1
0.20474200000000001 3.2741169999999999 0.15328600000000001 1
0.19325000000000001 3.2649279999999998 0.29897400000000002 1
0.22434200000000001 3.2485559999999998 0.24901200000000001 1
0.16612199999999999 3.2964000000000002 0.25568200000000002 1
0.19717399999999999 3.2764150000000001 0.25283600000000001 1
0.273837 3.1729690000000002 0.23055700000000001 1
0.247672 3.2012149999999999 0.28539399999999998 1
0.24932799999999999 3.213762 0.24224200000000001 1
0.26904699999999998 3.1156890000000002 0.41544700000000001 1
0.243641 3.1661070000000002 0.37536199999999997 1
0.21248 3.1789559999999999 0.42964400000000003 1
0.23893400000000001 3.1370979999999999 0.47295300000000001 1
0.24135100000000001 3.149381 0.42299999999999999 1
0.21834100000000001 3.218477 0.33780500000000002 1
0.27281100000000003 3.14513 0.31905600000000001 1
0.24576200000000001 3.184358 0.32962999999999998 1
0.15750400000000001 3.2665419999999998 0.34870400000000001 1
0.185529 3.2244980000000001 0.38908399999999999 1
0.189327 3.2462759999999999 0.34401799999999999 1
0.17879900000000001 3.1877230000000001 0.48375000000000001 1
0.149393 3.2226370000000002 0.43984299999999998 1
0.181979 3.2036340000000001 0.43528899999999998 1
0.23585600000000001 3.0765799 0.80562100000000003 1
0.21770100000000001 3.11212 0.77552699999999997 1
0.18862599999999999 3.1123080000000001 0.82154799999999994 1
0.21201200000000001 3.0755800999999998 0.84120099999999998 1
0.21332400000000001 3.0965224999999998 0.81185300000000005 1
0.22681399999999999 3.1302949999999998 0.68449700000000002 1
0.19501499999999999 3.146226 0.73819699999999999 1
0.249108 3.0961373000000001 0.72820700000000005 1
0.22236700000000001 3.1235400000000002 0.73254799999999998 1
0.13644200000000001 3.1796190000000002 0.75038700000000003 1
0.163968 3.1484000000000001 0.78970600000000002 1
0.16913800000000001 3.1748470000000002 0.69519299999999995 1
0.166543 3.164739 0.74439599999999995 1
0.159999 3.0987976000000002 0.86537299999999995 1
0.13256999999999999 3.1381589999999999 0.83799199999999996 1
0.161693 3.1262720000000002 0.83030400000000004 1
0.207042 3.158534 0.53077700000000005 1
0.233686 3.1314859999999998 0.57948699999999997 1
0.26440200000000003 3.1019679999999998 0.520397 1
0.236433 3.1321759999999998 0.52563400000000005 1
0.143538 3.1987540000000001 0.53980499999999998 1
0.173735 3.1789640000000001 0.589175 1
0.17611499999999999 3.180806 0.535582 1
0.201599 3.1571660000000001 0.637907 1
0.13985800000000001 3.1954210000000001 0.64756899999999995 1
0.17147299999999999 3.1782840000000001 0.64291500000000001 1
0.258575 3.1023230000000002 0.62848700000000002 1
0.23053399999999999 3.1319020000000002 0.63295900000000005 1
0.34742000000000001 3.00319315 0.33360200000000001 1
0.32092900000000002 3.0389878000000001 0.39863500000000002 1
0.33783600000000003 2.9934474400000002 0.44854899999999998 1
0.34241899999999997 2.9973884900000001 0.39086700000000002 1
0.351215 3.0204208000000001 0.221415 1
0.32742900000000003 3.0566863 0.29107499999999997 1
0.35097400000000001 3.0108682999999998 0.27702700000000002 1
0.29874400000000001 3.0894187 0.35544900000000001 1
0.30120999999999998 3.1150340000000001 0.25778299999999998 1
0.300703 3.102007 0.30564400000000003 1
0.29323199999999999 3.0711037999999999 0.46040500000000001 1
0.29602200000000001 3.0786559000000002 0.40707700000000002 1
0.32812200000000002 2.9887652999999998 0.67360799999999998 1
0.30029 3.0266191 0.72505399999999998 1
0.30898500000000001 2.9841636 0.772679 1
0.32073800000000002 2.9866228000000001 0.72489800000000004 1
0.267341 3.0573644 0.76982899999999999 1
0.28185900000000003 3.0674533999999998 0.67710999999999999 1
0.27574799999999999 3.0634771999999999 0.72593300000000005 1
0.24016999999999999 3.0457535999999998 0.83834600000000004 1
0.27488800000000002 3.0183198 0.81225700000000001 1
0.25629200000000002 3.0501447000000002 0.807253 1
0.268509 2.9815770000000001 0.85448100000000005 1
0.29189700000000002 2.9822082000000001 0.81614200000000003 1
0.181753 3.135303 -0.084853600000000001 1
0.213035 3.1700219999999999 -0.0095320400000000003 1
0.23941799999999999 3.102195 -0.035107699999999999 1
0.20757 3.1173350000000002 -0.061618199999999998 1
0.23652300000000001 3.1957810000000002 0.0609139 1
0.19029299999999999 3.2370549999999998 0.025893099999999999 1
0.21226800000000001 3.2181160000000002 0.044866400000000001 1
0.276588 3.1555740000000001 0.098102099999999998 1
0.26527800000000001 3.133372 0.035355900000000003 1
0.25864799999999999 3.1736819999999999 0.076866599999999993 1
0.298292 3.0729820999999999 0.027176599999999999 1
0.27054099999999998 3.0874644999999998 -0.0064069499999999998 1
0.31111299999999997 3.0304905 0.62201600000000001 1
0.28887299999999999 3.0678481999999998 0.57055999999999996 1
0.28601900000000002 3.0682635 0.62490599999999996 1
0.33409899999999998 2.99038694 0.563635 1
0.33210200000000001 2.9897705000000001 0.61961699999999997 1
0.31518499999999999 3.0311387999999999 0.51057399999999997 1
0.33553699999999997 2.9913630800000002 0.50637600000000005 1
0.29106300000000002 3.0681481000000002 0.51531300000000002 1
0.33595000000000003 3.0447294999999999 0.115485 1
0.32442300000000002 3.0791081999999999 0.189745 1
0.346277 3.0318575999999999 0.16703999999999999 1
0.30518800000000001 3.1030859999999998 0.100412 1
0.320025 3.0585873000000001 0.068335400000000004 1
0.29539599999999999 3.1374430000000002 0.16910900000000001 1
0.28828599999999999 3.1452119999999999 0.129998 1
0.29957299999999998 3.1271149999999999 0.21198700000000001 1
0.149034 3.1192549999999999 -0.15276699999999999 1
0.16703399999999999 3.1822300000000001 -0.122798 1
0.177314 3.2048179999999999 -0.0510199 1
0.16872500000000001 3.1585190000000001 -0.103729 1
0.19492100000000001 3.2213569999999998 -0.173014 1
0.17716399999999999 3.2381120000000001 -0.093382999999999994 1
0.16005800000000001 3.1682290000000002 -0.19583800000000001 1
0.17522799999999999 3.2016809999999998 -0.14661299999999999 1
0.14972099999999999 3.3008000000000002 -0.0047002900000000002 1
0.16742599999999999 3.2590110000000001 -0.0241111 1
0.17918000000000001 3.2904970000000002 -0.060974300000000002 1
0.16855700000000001 3.2723599999999999 -0.044714799999999999 1
0.159665 3.2852670000000002 0.0452783 1
0.175009 3.2489650000000001 0.0011626900000000001 1
0.233098 3.2108400000000001 -0.26730100000000001 1
0.26422000000000001 3.2742930000000001 -0.22820699999999999 1
0.21819 3.2819950000000002 -0.133552 1
0.22772500000000001 3.2457419999999999 -0.19983699999999999 1
0.314639 3.343639 -0.29252299999999998 1
0.27622000000000002 3.344814 -0.176785 1
0.30663800000000002 3.2686410000000001 -0.33816600000000002 1
0.294985 3.3064689999999999 -0.25924900000000001 1
0.21453 3.407775 -0.031708899999999998 1
0.225521 3.344757 -0.0845003 1
0.26722200000000002 3.417414 -0.11644400000000001 1
0.249809 3.3792040000000001 -0.097889299999999999 1
0.173263 3.3416930000000002 -0.023837899999999999 1
0.200073 3.314908 -0.073215699999999995 1
0.192666 3.1598290000000002 -0.30860100000000001 1
0.24025099999999999 3.1591100000000001 -0.38764900000000002 1
0.27979700000000002 3.2071170000000002 -0.366981 1
0.23872599999999999 3.1819829999999998 -0.331175 1
0.21346100000000001 3.1294200000000001 -0.46510800000000002 1
0.26571499999999998 3.160342 -0.46921200000000002 1
0.19545100000000001 3.1284969999999999 -0.40737200000000001 1
0.23331099999999999 3.1421580000000002 -0.43291600000000002 1
0.30578699999999998 3.2185630000000001 -0.54744099999999996 1
0.30739899999999998 3.2082130000000002 -0.46356000000000003 1
0.25941199999999998 3.1698 -0.54272200000000004 1
0.29090100000000002 3.1861259999999998 -0.50914300000000001 1
0.33078600000000002 3.2694700000000001 -0.44548700000000002 1
0.31170999999999999 3.2358039999999999 -0.406418 1
0.32674999999999998 3.280027 -0.53593299999999999 1
0.32100800000000002 3.3526549999999999 -0.51141700000000001 1
0.32954099999999997 3.345256 -0.41095599999999999 1
0.333345 3.309542 -0.48018899999999998 1
0.27251599999999998 3.239582 -0.609537 1
0.296456 3.2957860000000001 -0.60246999999999995 1
0.30729499999999998 3.256707 -0.57883499999999999 1
0.24054800000000001 3.3576600000000001 -0.62795999999999996 1
0.28927799999999998 3.3587859999999998 -0.58491800000000005 1
0.246645 3.312827 -0.64033700000000005 1
0.27430500000000002 3.331026 -0.61749100000000001 1
0.29524499999999998 3.4367619999999999 -0.48418699999999998 1
0.25597599999999998 3.4295490000000002 -0.56362199999999996 1
0.29539900000000002 3.3954430000000002 -0.54006699999999996 1
0.33504699999999998 2.3325300000000002 -0.026193999999999999 1
0.28831299999999999 2.2804700000000002 0.029200199999999999 1
0.23366700000000001 2.2816169999999998 -0.039468200000000002 1
0.288912 2.3337210000000002 -0.083198099999999997 1
0.28852299999999997 2.2950729999999999 -0.032990100000000001 1
0.27615200000000001 2.3205230000000001 0.14116000000000001 1
0.22744200000000001 2.2752590000000001 0.093385200000000002 1
0.327044 2.3259340000000002 0.087282499999999999 1
0.28116099999999999 2.2892960000000002 0.091075799999999998 1
0.136631 2.313879 0.078763399999999997 1
0.17279600000000001 2.2764060000000002 0.0247169 1
0.18276600000000001 2.3126880000000001 0.135767 1
0.17619099999999999 2.283849 0.085786399999999999 1
0.187443 2.3303020000000001 -0.081881899999999994 1
0.13655200000000001 2.3248899999999999 -0.0280042 1
0.17963299999999999 2.2917670000000001 -0.035026700000000001 1
0.24610000000000001 2.3217949999999998 0.88950799999999997 1
0.19889599999999999 2.2766649999999999 0.85192999999999997 1
0.248642 2.2754810000000001 0.79089500000000001 1
0.288217 2.3205650000000002 0.83837899999999999 1
0.24683099999999999 2.2880880000000001 0.84543199999999996 1
0.11303299999999999 2.3158289999999999 0.84496499999999997 1
0.14866099999999999 2.272653 0.79562600000000006 1
0.15573999999999999 2.3199959999999997 0.89212100000000005 1
0.15182899999999999 2.2860680000000002 0.84914599999999996 1
0.15797600000000001 2.3052869999999999 0.69698599999999999 1
0.198408 2.271468 0.73459099999999999 1
0.115859 2.3065169999999999 0.74811499999999997 1
0.15304699999999999 2.2794449999999999 0.74140099999999998 1
0.28358699999999998 2.3154849999999998 0.73878500000000003 1
0.24088000000000001 2.311318 0.69162800000000002 1
0.24443400000000001 2.2835169999999998 0.73635799999999996 1
0.34248899999999999 2.516581 0.78141000000000005 1
0.32282 2.4340479999999998 0.72619800000000001 1
0.30391000000000001 2.5019339999999999 0.668956 1
0.331237 2.5110169999999998 0.71983600000000003 1
0.31353999999999999 2.525423 0.88789499999999999 1
0.33133099999999999 2.4433410000000002 0.84223599999999998 1
0.33752399999999999 2.5215749999999999 0.84005099999999999 1
0.31973200000000002 2.366546 0.78642800000000002 1
0.29419699999999999 2.3810259999999999 0.88446899999999995 1
0.315639 2.3743270000000001 0.83949600000000002 1
0.28283000000000003 2.3674369999999998 0.69100899999999998 1
0.30832599999999999 2.3672659999999999 0.73395600000000005 1
0.063471100000000003 2.568235 0.85189899999999996 1
0.065456700000000007 2.4841220000000002 0.79542999999999997 1
0.077471899999999996 2.429827 0.85133000000000003 1
0.096919400000000003 2.5212219999999999 0.89749500000000004 1
0.070723400000000006 2.503679 0.85239200000000004 1
0.106684 2.4653640000000001 0.68287399999999998 1
0.083265500000000006 2.4088560000000001 0.74008700000000005 1
0.069956000000000004 2.5257800000000001 0.73529199999999995 1
0.077366099999999993 2.4715410000000002 0.73505600000000004 1
0.084044400000000005 2.3539300000000001 0.79711799999999999 1
0.119063 2.3523209999999999 0.70201199999999997 1
0.094347500000000001 2.3517510000000001 0.746058 1
0.112805 2.375912 0.88898600000000005 1
0.089911099999999994 2.3654790000000001 0.84727399999999997 1
0.25237100000000001 2.418167 0.65283199999999997 1
0.208287 2.4716499999999999 0.63722299999999998 1
0.26065100000000002 2.4863819999999999 0.64239800000000002 1
0.20033999999999999 2.3486440000000002 0.66047500000000003 1
0.24465300000000001 2.358006 0.66651400000000005 1
0.15334999999999999 2.4043559999999999 0.66032999999999997 1
0.15643599999999999 2.3490169999999999 0.67289600000000005 1
0.153645 2.4650220000000003 0.65048899999999998 1
0.14954300000000001 2.4455710000000002 0.92281199999999997 1
0.20939199999999999 2.5282299999999998 0.92831399999999997 1
0.14779800000000001 2.5277639999999999 0.92229399999999995 1
0.20343600000000001 2.3718310000000002 0.92307099999999997 1
0.153584 2.3747389999999999 0.91471599999999997 1
0.26286799999999999 2.4477039999999999 0.92010800000000004 1
0.25355100000000003 2.3770609999999999 0.91265799999999997 1
0.26773400000000003 2.5275449999999999 0.91708199999999995 1
0.34856100000000001 2.535946 0.158716 1
0.369537 2.4615809999999998 0.096121100000000001 1
0.387436 2.559679 0.029668199999999999 1
0.376444 2.5498699999999999 0.099959900000000004 1
0.36823600000000001 2.385024 0.0306267 1
0.32555800000000001 2.3845770000000002 0.13959199999999999 1
0.35478599999999999 2.3851490000000002 0.090429800000000005 1
0.34074199999999999 2.402101 -0.079822900000000002 1
0.37845499999999999 2.4746920000000001 -0.035620100000000002 1
0.36408699999999999 2.3943859999999999 -0.029681300000000001 1
0.35444500000000001 2.572149 -0.087812500000000002 1
0.38096400000000002 2.5674960000000002 -0.036178700000000001 1
0.24351800000000001 2.5693579999999998 -0.121062 1
0.182701 2.4721539999999997 -0.10993700000000001 1
0.12703999999999999 2.551901 -0.073578500000000005 1
0.17913899999999999 2.563752 -0.106528 1
0.30444300000000002 2.4787129999999999 -0.117606 1
0.30529099999999998 2.5724629999999999 -0.115465 1
0.241923 2.3901409999999998 -0.117359 1
0.296601 2.397033 -0.109127 1
0.141316 2.3927830000000001 -0.073037199999999997 1
0.18696699999999999 2.392385 -0.104287 1
0.148115 2.4874369999999999 0.14992900000000001 1
0.18853600000000001 2.422606 0.17493400000000001 1
0.25113000000000002 2.497255 0.19709399999999999 1
0.19617699999999999 2.4882309999999999 0.18354599999999999 1
0.23306399999999999 2.361774 0.175543 1
0.145237 2.3648220000000002 0.13052 1
0.185474 2.3615159999999999 0.162245 1
0.29378399999999999 2.4404319999999999 0.181063 1
0.28237099999999998 2.3731230000000001 0.16797699999999999 1
0.30435699999999999 2.515784 0.18995600000000001 1
0.105712 2.4511050000000001 -0.026843200000000001 1
0.099794599999999997 2.5075319999999999 0.035271200000000003 1
0.095370099999999999 2.5943890000000001 -0.021478199999999999 1
0.102107 2.5300639999999999 -0.023927500000000001 1
0.106751 2.366892 0.0275567 1
0.114552 2.3803589999999999 -0.026739200000000001 1
0.113288 2.4267270000000001 0.091099299999999994 1
0.117988 2.364163 0.082799999999999999 1
0.112515 2.5480809999999998 0.093568799999999994 1
0.115559 2.4935960000000001 0.096863900000000003 1
0.27118399999999998 3.5257589999999999 -0.46007900000000002 1
0.28535300000000002 3.5208529999999998 -0.36155100000000001 1
0.30865799999999999 3.43336 -0.36830499999999999 1
0.29139100000000001 3.478507 -0.41852699999999998 1
0.278055 3.600765 -0.320108 1
0.28257700000000002 3.5358830000000001 -0.259681 1
0.26700000000000002 3.601931 -0.388185 1
0.27864499999999998 3.5639760000000003 -0.33172000000000001 1
0.24700800000000001 3.54474 -0.11411399999999999 1
0.27121400000000001 3.4980669999999998 -0.16797699999999999 1
0.27787499999999998 3.5568900000000001 -0.190965 1
0.27166499999999999 3.531425 -0.180446 1
0.29850900000000002 3.4275220000000002 -0.23628199999999999 1
0.23533499999999999 3.4855309999999999 -0.0647615 1
0.27204499999999998 3.4585499999999998 -0.14322499999999999 1
0.31780199999999997 3.3871700000000002 -0.32758999999999999 1
0.19262599999999999 3.6475759999999999 -0.125774 1
0.267679 3.610284 -0.129549 1
0.32645200000000002 3.6453090000000001 -0.13850399999999999 1
0.252363 3.6821669999999997 -0.15032999999999999 1
0.25811600000000001 3.645451 -0.13607 1
0.28947099999999998 3.5690740000000001 -0.162469 1
0.32434600000000002 3.5877140000000001 -0.15672 1
0.23908199999999999 3.5789569999999999 -0.111996 1
0.27936100000000003 3.5832079999999999 -0.137022 1
0.40158300000000002 3.6127159999999998 -0.19176000000000001 1
0.38032100000000002 3.6185700000000001 -0.15241299999999999 1
0.35448000000000002 3.589213 -0.20256399999999999 1
0.367842 3.597467 -0.17194000000000001 1
0.38868200000000003 3.6804060000000001 -0.14489299999999999 1
0.43034899999999998 3.658277 -0.15438199999999999 1
0.38479200000000002 3.6479080000000002 -0.143704 1
0.29443900000000001 3.5918489999999998 -0.26603900000000003 1
0.318359 3.5846659999999999 -0.23009399999999999 1
0.29431800000000002 3.5727289999999998 -0.209871 1
0.28588000000000002 3.6620490000000001 -0.34908899999999998 1
0.31260599999999999 3.638668 -0.31912400000000002 1
0.29037200000000002 3.6241080000000001 -0.31778800000000001 1
0.37588100000000002 3.6625049999999999 -0.31082100000000001 1
0.34396700000000002 3.6200679999999998 -0.286887 1
0.34507900000000002 3.681327 -0.33315600000000001 1
0.34177000000000002 3.6491069999999999 -0.31847700000000001 1
0.38059100000000001 3.614582 -0.245535 1
0.34736299999999998 3.5984249999999998 -0.244565 1
0.39374300000000001 3.7067649999999999 -0.31230000000000002 1
0.44419700000000001 3.7113939999999999 -0.26325599999999999 1
0.419572 3.658706 -0.26189200000000001 1
0.41295799999999999 3.685943 -0.291128 1
0.45258900000000002 3.7444440000000001 -0.206816 1
0.47155200000000003 3.7085789999999998 -0.199184 1
0.43241000000000002 3.7464550000000001 -0.258303 1
0.46079199999999998 3.7308310000000002 -0.23106299999999999 1
0.44728899999999999 3.6559559999999998 -0.19680300000000001 1
0.44739699999999999 3.7023920000000001 -0.15815000000000001 1
0.460337 3.6814480000000001 -0.17324999999999999 1
0.41730299999999998 3.6337130000000002 -0.22525600000000001 1
0 3.3240940000000001 0.18016499999999999 1
0.046243600000000003 3.3201640000000001 0.22133700000000001 1
0.092553899999999995 3.3201390000000002 0.17069899999999999 1
0.046738200000000001 3.3252839999999999 0.136739 1
0.046899099999999999 3.3237070000000002 0.17766000000000001 1
0.043489199999999999 3.30185 0.31193399999999999 1
0.088649099999999995 3.3123960000000001 0.26343499999999997 1
0 3.3128120000000001 0.26784599999999997 1
0.045023100000000003 3.313323 0.266515 1
0.132936 3.3120609999999999 0.21048500000000001 1
0.12562799999999999 3.296564 0.30682900000000002 1
0.12948100000000001 3.3075749999999999 0.259519 1
0.135299 3.3083200000000001 0.112598 1
0.13572000000000001 3.3109859999999998 0.15983800000000001 1
0 3.228164 0.54779800000000001 1
0.036451699999999997 3.2252000000000001 0.60147899999999999 1
0.073532700000000006 3.2212930000000002 0.54570600000000002 1
0.037782700000000002 3.232065 0.49518800000000002 1
0.0369868 3.2265259999999998 0.54725999999999997 1
0.0357781 3.2186789999999998 0.71024900000000002 1
0.071715299999999996 3.2182550000000001 0.65442 1
0 3.2258599999999999 0.65700099999999995 1
0.036080899999999999 3.2239599999999999 0.65631899999999999 1
0.107651 3.210086 0.59707900000000003 1
0.10538400000000001 3.2039170000000001 0.70475500000000002 1
0.106456 3.2087430000000001 0.65145399999999998 1
0.11132499999999999 3.2191109999999998 0.49138900000000002 1
0.109197 3.2121430000000002 0.54320100000000004 1
0 3.20702 0.76263499999999995 1
0.035033000000000002 3.1849400000000001 0.80962299999999998 1
0.070359199999999997 3.1999870000000001 0.75926499999999997 1
0.035446900000000003 3.2052320000000001 0.76174200000000003 1
0.033740300000000001 3.1291190000000002 0.88985199999999998 1
0.068428600000000006 3.1547610000000001 0.84948599999999996 1
0 3.1606420000000002 0.85389099999999996 1
0.034482199999999998 3.1591279999999999 0.85271799999999998 1
0.10285999999999999 3.1723110000000001 0.80234700000000003 1
0.099480499999999999 3.1187049999999998 0.88073699999999999 1
0.101303 3.147713 0.84448100000000004 1
0.104202 3.1914090000000002 0.75541199999999997 1
0 2.5777640000000002 0.029751799999999998 1
0.029002699999999999 2.5986639999999999 0.0026095900000000002 1
0.061985499999999999 2.580546 0.051640499999999999 1
0.032543999999999997 2.5666639999999998 0.068445599999999995 1
0.031214200000000001 2.5799639999999999 0.035839999999999997 1
0.024587000000000001 2.6497450000000002 -0.066992700000000002 1
0.052498900000000001 2.6255139999999999 -0.026865799999999999 1
0 2.6185299999999998 -0.034113699999999997 1
0.026572599999999998 2.622134 -0.031562399999999997 1
0.080438599999999999 2.5924230000000001 0.025012 1
0.078139200000000006 2.6565979999999998 -0.068029099999999995 1
0.077132699999999998 2.621235 -0.022981000000000001 1
0.101981 2.5625800000000001 0.11887300000000001 1
0.0918712 2.5734909999999998 0.074688900000000003 1
0 2.6303450000000002 0.85316499999999995 1
0.016214200000000002 2.6031420000000001 0.80846899999999999 1
0.032517999999999998 2.622045 0.851217 1
0.017349900000000001 2.659103 0.89134800000000003 1
0.016110300000000001 2.629267 0.85231900000000005 1
0.0190571 2.5632649999999999 0.72386899999999998 1
0.035226300000000002 2.5736889999999999 0.75720200000000004 1
0 2.5825149999999999 0.76640900000000001 1
0.0173127 2.5810379999999999 0.76418900000000001 1
0.047369300000000003 2.576921 0.79981500000000005 1
0.064149899999999996 2.5453070000000002 0.69653799999999999 1
0.0543417 2.55755 0.74512199999999995 1
0.057697400000000003 2.6395309999999998 0.89382200000000001 1
0.049520399999999999 2.6046960000000001 0.85129200000000005 1
0 3.2840120000000002 0.35682900000000001 1
0.0403407 3.2645840000000002 0.40089999999999998 1
0.082780000000000006 3.283223 0.35483799999999999 1
0.0418935 3.284411 0.35633799999999999 1
0.077236100000000002 3.242537 0.44549800000000001 1
0 3.2466599999999999 0.44719100000000001 1
0.038935499999999998 3.245943 0.44679200000000002 1
0.117787 3.2562199999999999 0.39730799999999999 1
0.11426699999999999 3.2351860000000001 0.443214 1
0.121652 3.2780619999999998 0.352302 1
0 3.3377439999999998 0.049578799999999999 1
0.044157399999999999 3.3291189999999999 0.069311200000000003 1
0.084777000000000005 3.331134 0.039260200000000002 1
0.044866400000000001 3.3510360000000001 0.036891699999999999 1
0.043628100000000003 3.3365290000000001 0.047541 1
0.089170899999999997 3.3205830000000001 0.090650300000000003 1
0 3.3273269999999999 0.102505 1
0.0455092 3.3262290000000001 0.099833500000000006 1
0.12257899999999999 3.311429 0.043683100000000002 1
0.129137 3.3080340000000001 0.073786400000000002 1
0.12556899999999999 3.3351799999999998 0.0110101 1
0.12096800000000001 3.319807 0.022568899999999999 1
0 3.4505810000000001 0.059680299999999999 1
0.0541098 3.4081600000000001 0.048371400000000002 1
0.116503 3.442256 0.039930800000000002 1
0.063228400000000004 3.4966930000000001 0.052285199999999997 1
0.059370800000000001 3.4489549999999998 0.055119300000000003 1
0.095434599999999994 3.3701789999999998 0.029826999999999999 1
0 3.3763399999999999 0.042097299999999997 1
0.048817699999999999 3.3752170000000001 0.039732000000000003 1
0.15343799999999999 3.3912770000000001 0.0121446 1
0.13764999999999999 3.3595600000000001 0.0095733999999999993 1
0.18104000000000001 3.4700389999999999 0.0048543400000000004 1
0.169159 3.4286599999999998 0.0126096 1
0 3.570891 -0.53467200000000004 1
0.062648499999999996 3.6401889999999999 -0.506046 1
0.130136 3.5680040000000002 -0.52876400000000001 1
0.069276099999999993 3.505582 -0.56204200000000004 1
0.0664738 3.5702159999999998 -0.53352500000000003 1
0.053679400000000002 3.7623679999999999 -0.44766400000000001 1
0.113201 3.7017259999999998 -0.47450500000000001 1
0 3.7091639999999999 -0.47933799999999999 1
0.058237900000000002 3.707055 -0.47797099999999998 1
0.199905 3.6854969999999998 -0.46249600000000002 1
0.17402500000000001 3.632377 -0.49522300000000002 1
0.150533 3.744043 -0.44196000000000002 1
0.16161400000000001 3.694175 -0.46957599999999999 1
0.199187 3.49892 -0.54566800000000004 1
0.232047 3.5652159999999999 -0.50191799999999998 1
0.18817300000000001 3.564066 -0.51907000000000003 1
0 3.3764750000000001 -0.64878800000000003 1
0.071181099999999997 3.4132750000000001 -0.62329199999999996 1
0.13828199999999999 3.3756810000000002 -0.645424 1
0.072695800000000005 3.340957 -0.66479900000000003 1
0.071646500000000002 3.3768150000000001 -0.64841599999999999 1
0.138821 3.4529170000000002 -0.58905399999999997 1
0 3.45452 -0.59399500000000005 1
0.070618100000000003 3.4547330000000001 -0.59323300000000001 1
0.199873 3.4047480000000001 -0.61293500000000001 1
0.20219500000000001 3.4466139999999998 -0.57956700000000005 1
0.193634 3.339499 -0.65286599999999995 1
0.19489500000000001 3.3709210000000001 -0.63793800000000001 1
0 2.766451 0.95987699999999998 1
0.0240468 2.7281650000000002 0.94326399999999999 1
0.057123 2.764078 0.95662100000000005 1
0.030639900000000001 2.8042720000000001 0.97028499999999995 1
0.027785799999999999 2.7657479999999999 0.95913899999999996 1
0.042552699999999999 2.6885370000000002 0.92105300000000001 1
0 2.6930839999999998 0.92140500000000003 1
0.0202817 2.6923430000000002 0.92116500000000001 1
0.080276899999999998 2.7222360000000001 0.93951499999999999 1
0.068802299999999997 2.6800820000000001 0.92167399999999999 1
0.095680299999999996 2.8005450000000001 0.96067599999999997 1
0.089562699999999995 2.7618779999999998 0.95201800000000003 1
0 2.6772670000000001 -0.103397 1
0.023836699999999999 2.7168969999999999 -0.139843 1
0.049547000000000001 2.6880440000000001 -0.10581699999999999 1
0.023709000000000001 2.680866 -0.10399799999999999 1
0.026702400000000001 2.8092820000000001 -0.19711100000000001 1
0.052100800000000003 2.7659199999999999 -0.173683 1
0 2.7570709999999998 -0.17041500000000001 1
0.024868399999999999 2.7592349999999999 -0.171792 1
0.081624299999999997 2.735811 -0.144485 1
0.087807399999999994 2.8234870000000001 -0.193941 1
0.0840611 2.7773150000000002 -0.173847 1
0.0796433 2.6951809999999998 -0.108871 1
0 2.8676789999999999 -0.21383199999999999 1
0.032187100000000003 2.9308404000000001 -0.22273100000000001 1
0.059975100000000003 2.8716119999999998 -0.20946699999999999 1
0.029236700000000001 2.8684349999999998 -0.213064 1
0.038198099999999999 3.0419961 -0.23552600000000001 1
0.071390200000000001 2.9931785799999999 -0.21557200000000001 1
0 2.9903591700000001 -0.233734 1
0.035269000000000002 2.9906454099999999 -0.22919200000000001 1
0.101087 2.9379281000000002 -0.20036399999999999 1
0.115674 3.0551050000000002 -0.18788299999999999 1
0.10921599999999999 2.9996331600000001 -0.192884 1
0.093716900000000006 2.8781180000000002 -0.20174800000000001 1
0 3.0779149000000001 -0.25163600000000003 1
0.042892600000000003 3.103386 -0.25797700000000001 1
0.080371100000000001 3.0844567000000001 -0.225271 1
0.0406901 3.0790388000000002 -0.244814 1
0.047021199999999999 3.1204429999999999 -0.299626 1
0.088433100000000001 3.1257299999999999 -0.25853300000000001 1
0 3.1141359999999998 -0.28248499999999999 1
0.044953699999999999 3.1166499999999999 -0.27594000000000002 1
0.120922 3.1248550000000002 -0.20936299999999999 1
0.13847799999999999 3.1485949999999998 -0.265069 1
0.128964 3.1429179999999999 -0.232488 1
0.118034 3.0962149999999999 -0.193935 1
0 3.113801 -0.33466400000000002 1
0.051894700000000002 3.1088529999999999 -0.36575299999999999 1
0.097999000000000003 3.1248779999999998 -0.31997599999999998 1
0.049242899999999999 3.116377 -0.32995600000000003 1
0.059591900000000003 3.1010239999999998 -0.44902599999999998 1
0.107541 3.1070310000000001 -0.40186100000000002 1
0 3.1010089999999999 -0.40827599999999997 1
0.055252500000000003 3.102268 -0.40583599999999997 1
0.15091099999999999 3.126322 -0.356271 1
0.16045000000000001 3.1129150000000001 -0.441079 1
0.15390100000000001 3.1162809999999999 -0.39969700000000002 1
0.14578199999999999 3.1400779999999999 -0.308863 1
0 3.1091769999999999 -0.495145 1
0.070998199999999997 3.126709 -0.53864199999999995 1
0.125551 3.112279 -0.49019600000000002 1
0.065188999999999997 3.1095199999999998 -0.494143 1
0.079071799999999998 3.1829879999999999 -0.61559900000000001 1
0.14749999999999999 3.1538539999999999 -0.57533199999999995 1
0 3.1512259999999999 -0.58058900000000002 1
0.075974299999999995 3.1515469999999999 -0.57997600000000005 1
0.19494400000000001 3.1348060000000002 -0.52334599999999998 1
0.219301 3.1913870000000002 -0.60018899999999997 1
0.21012900000000001 3.1594899999999999 -0.56384999999999996 1
0.176258 3.119186 -0.48235899999999998 1
0 3.219576 -0.64341999999999999 1
0.0775425 3.2602060000000002 -0.66100199999999998 1
0.15404399999999999 3.2225640000000002 -0.63894099999999998 1
0.079245499999999996 3.2199870000000002 -0.64296500000000001 1
0.14437800000000001 3.3025340000000001 -0.66520800000000002 1
0 3.3009689999999998 -0.66890899999999998 1
0.075010199999999999 3.3013089999999998 -0.66863700000000004 1
0.21377199999999999 3.2676699999999999 -0.64780300000000002 1
0.202463 3.3048510000000002 -0.65600899999999995 1
0.21995000000000001 3.2286480000000002 -0.62868500000000005 1
0.12671499999999999 3.537337 0.0111468 1
0.060688400000000003 3.60785 0.00104436 1
0 3.554408 0.040856700000000003 1
0.064310699999999998 3.5504630000000001 0.032178499999999999 1
0.191637 3.550233 -0.0477524 1
0.185308 3.5137429999999998 -0.017235400000000001 1
0.17116500000000001 3.6057990000000002 -0.076428899999999994 1
0.209701 3.5699680000000003 -0.0807895 1
0.12609600000000001 3.69557 -0.12707099999999999 1
0.098746600000000004 3.6567859999999999 -0.062447000000000003 1
0.14282400000000001 3.6509260000000001 -0.096990599999999996 1
0 3.6722190000000001 -0.0228265 1
0.040351699999999997 3.7183000000000002 -0.071901599999999996 1
0.050432600000000001 3.666442 -0.034872 1
0.23761399999999999 3.630468 -0.46987299999999999 1
0.25851400000000002 3.6021969999999999 -0.44519900000000001 1
0.25321700000000003 3.5782690000000001 -0.47478300000000001 1
0.212896 3.7149049999999999 -0.42843500000000001 1
0.24094299999999999 3.6622240000000001 -0.43894 1
0.22450100000000001 3.6767889999999999 -0.45257799999999998 1
0.246529 3.6724800000000002 -0.39795199999999997 1
0.25477100000000003 3.6359759999999999 -0.42070000000000002 1
0.226436 3.9127229999999997 -0.26973000000000003 1
0.21543999999999999 3.9386809999999999 -0.27942299999999998 1
0.201014 3.9433379999999998 -0.25145000000000001 1
0.214224 3.9166720000000002 -0.24604599999999999 1
0.21696499999999999 3.9318249999999999 -0.26116699999999998 1
0.19691700000000001 3.9276759999999999 -0.31154599999999999 1
0.19187599999999999 3.9489890000000001 -0.28837800000000002 1
0.216862 3.918936 -0.30396499999999999 1
0.20763400000000001 3.937732 -0.29670999999999997 1
0.1537 3.9432520000000002 -0.26905400000000002 1
0.17745 3.953646 -0.260405 1
0.165912 3.9393029999999998 -0.29273900000000003 1
0.17310900000000001 3.9510350000000001 -0.277835 1
0.17980099999999999 3.9309449999999999 -0.23207 1
0.159856 3.939686 -0.239651 1
0.180783 3.9464109999999999 -0.24463499999999999 1
0.207814 3.7598690000000001 -0.30298999999999998 1
0.191438 3.774734 -0.31202200000000002 1
0.19908400000000001 3.7733699999999999 -0.28140500000000002 1
0.20999599999999999 3.761876 -0.26835799999999999 1
0.201734 3.7671269999999999 -0.28954999999999997 1
0.161743 3.7931409999999999 -0.34275800000000001 1
0.17822099999999999 3.7883740000000001 -0.325575 1
0.18095600000000001 3.7795999999999998 -0.34144000000000002 1
0.17835699999999999 3.783728 -0.331262 1
0.18742 3.8117429999999999 -0.32153199999999998 1
0.192387 3.7890920000000001 -0.301842 1
0.16581899999999999 3.8044180000000001 -0.33528799999999997 1
0.18106800000000001 3.7966679999999999 -0.32284400000000002 1
0.20217499999999999 3.7754820000000002 -0.25199700000000003 1
0.203233 3.797472 -0.27393200000000001 1
0.19922100000000001 3.78193 -0.27639999999999998 1
0.181336 3.8043170000000002 -0.228606 1
0.15141499999999999 3.8016480000000001 -0.21548200000000001 1
0.16850299999999999 3.781447 -0.21054100000000001 1
0.19251599999999999 3.7779379999999998 -0.22775899999999999 1
0.17426800000000001 3.7891560000000002 -0.22056500000000001 1
0.108345 3.8229189999999997 -0.22107499999999999 1
0.12229 3.8053090000000003 -0.21138599999999999 1
0.135327 3.8285719999999999 -0.217894 1
0.12826199999999999 3.8133550000000001 -0.21546399999999999 1
0.103071 3.8002570000000002 -0.19801299999999999 1
0.137434 3.7891759999999999 -0.20041999999999999 1
0.096302299999999993 3.8125629999999999 -0.21584999999999999 1
0.114773 3.8018160000000001 -0.205592 1
0.18617500000000001 3.7668819999999998 -0.204739 1
0.153638 3.7725390000000001 -0.19137599999999999 1
0.16229199999999999 3.7767369999999998 -0.20086100000000001 1
0.13844999999999999 3.8016769999999998 -0.35068500000000002 1
0.119159 3.8098039999999997 -0.33135100000000001 1
0.14332900000000001 3.804627 -0.337252 1
0.140844 3.8020019999999999 -0.34199800000000002 1
0.086002999999999996 3.8204579999999999 -0.29130400000000001 1
0.10501000000000001 3.817882 -0.31015700000000002 1
0.093455399999999994 3.8175490000000001 -0.318853 1
0.100185 3.8160419999999999 -0.31318499999999999 1
0.116614 3.8402479999999999 -0.30805100000000002 1
0.127696 3.8192059999999999 -0.32520199999999999 1
0.096156699999999998 3.829666 -0.28883500000000001 1
0.109848 3.825231 -0.30877700000000002 1
0.15371299999999999 3.8269660000000001 -0.33402399999999999 1
0.14719099999999999 3.8121 -0.33505600000000002 1
0.071017899999999995 3.824335 -0.27068199999999998 1
0.078091900000000006 3.8225759999999998 -0.24892800000000001 1
0.084054000000000004 3.8246380000000002 -0.26886399999999999 1
0.078696100000000005 3.8227950000000002 -0.269513 1
0.089947899999999997 3.8215750000000002 -0.23211499999999999 1
0.075167499999999998 3.8198790000000002 -0.22852900000000001 1
0.084017999999999995 3.8193239999999999 -0.23066800000000001 1
0.10202899999999999 3.8438919999999999 -0.232989 1
0.088808100000000001 3.8318919999999999 -0.249223 1
0.095202999999999996 3.8289809999999997 -0.23288300000000001 1
0.095981800000000006 3.8470279999999999 -0.26789800000000003 1
0.0891348 3.8320030000000003 -0.26842899999999997 1
0.20807600000000001 3.7644150000000001 -0.241789 1
0.226075 3.7599939999999998 -0.24085799999999999 1
0.231902 3.7542230000000001 -0.26946999999999999 1
0.216972 3.7599520000000002 -0.25295600000000001 1
0.20188999999999999 3.765574 -0.22073999999999999 1
0.20185400000000001 3.770051 -0.23411199999999999 1
0.21575900000000001 3.757673 -0.200462 1
0.223444 3.7604509999999998 -0.21768899999999999 1
0.20591200000000001 3.7619920000000002 -0.20987900000000001 1
0.26414399999999999 3.7608160000000002 -0.243923 1
0.26510299999999998 3.7608519999999999 -0.220189 1
0.24071400000000001 3.7606410000000001 -0.229576 1
0.27899499999999999 3.751255 -0.27923799999999999 1
0.27785799999999999 3.7274979999999998 -0.319523 1
0.234872 3.7427989999999998 -0.306286 1
0.25622400000000001 3.7447859999999999 -0.293184 1
0.31116700000000003 3.7636849999999997 -0.23617299999999999 1
0.34396500000000002 3.7566169999999999 -0.26972099999999999 1
0.30016100000000001 3.7592309999999998 -0.25911299999999998 1
0.37536000000000003 3.7381479999999998 -0.30115999999999998 1
0.40268500000000002 3.7586430000000002 -0.23620099999999999 1
0.39075799999999999 3.7537050000000001 -0.27032 1
0.31798599999999999 3.7080470000000001 -0.33357700000000001 1
0.358205 3.7125149999999998 -0.32474500000000001 1
0.25823600000000002 3.6935519999999999 -0.35688300000000001 1
0.28472599999999998 3.6982159999999999 -0.34391300000000002 1
0.183529 3.7547139999999999 -0.18893499999999999 1
0.24865100000000001 3.7377729999999998 -0.18065999999999999 1
0.27737600000000001 3.7532510000000001 -0.197126 1
0.23327000000000001 3.7509839999999999 -0.19142200000000001 1
0.329845 3.7129319999999999 -0.15926799999999999 1
0.17877899999999999 3.7181350000000002 -0.16642999999999999 1
0.252112 3.7138870000000002 -0.166078 1
0.40900300000000001 3.736167 -0.174314 1
0.39942 3.7109939999999999 -0.155057 1
0.35261700000000001 3.756796 -0.208565 1
0.40942899999999999 3.752424 -0.20278099999999999 1
0.303456 3.7595879999999999 -0.21377599999999999 1
0.070500599999999997 3.8117529999999999 -0.20580699999999999 1
0.060266100000000003 3.7974250000000001 -0.17779700000000001 1
0.106741 3.7820819999999999 -0.17896899999999999 1
0.084545099999999998 3.7980149999999999 -0.188581 1
0 3.8035199999999998 -0.16012999999999999 1
0.035963799999999997 3.7817449999999999 -0.13791999999999999 1
0.025874399999999999 3.8144559999999998 -0.19275 1
0.031303900000000003 3.800824 -0.16616 1
0.077168799999999996 3.7441339999999999 -0.128582 1
0 3.7604540000000002 -0.095391500000000004 1
0.037254200000000001 3.7554859999999999 -0.106376 1
0.12835199999999999 3.7536800000000001 -0.16955999999999999 1
0.122404 3.7299509999999998 -0.15126600000000001 1
0.140544 3.7663640000000003 -0.18193599999999999 1
0.0269807 3.8327629999999999 -0.30695600000000001 1
0.064756400000000006 3.8240080000000001 -0.33702100000000002 1
0.043801699999999999 3.818098 -0.37741200000000003 1
0 3.8313120000000001 -0.34244400000000003 1
0.0352238 3.828719 -0.341387 1
0.105446 3.8123240000000003 -0.35213100000000003 1
0.067372899999999999 3.8250999999999999 -0.29944599999999999 1
0.082906499999999994 3.8202449999999999 -0.328154 1
0.16394800000000001 3.7876129999999999 -0.36637199999999998 1
0.13414799999999999 3.7946270000000002 -0.38491999999999998 1
0.13486200000000001 3.8011080000000002 -0.36470200000000003 1
0.096856800000000007 3.7893759999999999 -0.41177200000000003 1
0.176513 3.7605149999999998 -0.41065499999999999 1
0.140375 3.7765659999999999 -0.41220699999999999 1
0 3.8007080000000002 -0.41488900000000001 1
0.049410500000000003 3.7976809999999999 -0.413491 1
0.043131599999999999 3.822381 -0.222498 1
0.020958500000000001 3.8306800000000001 -0.24671699999999999 1
0 3.8255050000000002 -0.21776899999999999 1
0.022275199999999998 3.824379 -0.21934100000000001 1
0.057105499999999997 3.8258640000000002 -0.248034 1
0.061150599999999999 3.8208890000000002 -0.225684 1
0.042714299999999997 3.830406 -0.27463100000000001 1
0.058976099999999997 3.827121 -0.27267999999999998 1
0 3.8349039999999999 -0.275945 1
0.022376299999999998 3.8334450000000002 -0.27566099999999999 1
0.192333 3.7612360000000002 -0.37858399999999998 1
0.22089300000000001 3.723503 -0.39026499999999997 1
0.20182 3.7424870000000001 -0.402976 1
0.20250299999999999 3.7590129999999999 -0.34223799999999999 1
0.185497 3.7728549999999998 -0.35764299999999999 1
0.22914699999999999 3.7304599999999999 -0.34861900000000001 1
0.21796399999999999 3.7482679999999999 -0.323878 1
0.23832800000000001 3.7045859999999999 -0.37361699999999998 1
0.18263799999999999 3.844163 -0.33275100000000002 1
0.20855000000000001 3.8660890000000001 -0.31715700000000002 1
0.20815400000000001 3.8300419999999997 -0.29894799999999999 1
0.197796 3.8367309999999999 -0.320106 1
0.225435 3.891324 -0.29361199999999998 1
0.20208799999999999 3.898609 -0.32218999999999998 1
0.21603600000000001 3.8942730000000001 -0.31127899999999997 1
0.22171299999999999 3.8857530000000002 -0.25337399999999999 1
0.22169 3.8567239999999998 -0.273536 1
0.22722200000000001 3.8868840000000002 -0.27308300000000002 1
0.20747299999999999 3.823979 -0.24925900000000001 1
0.21220900000000001 3.824662 -0.27339799999999997 1
0.11365400000000001 3.8695969999999997 -0.287244 1
0.14018800000000001 3.8934950000000002 -0.30485400000000001 1
0.14488899999999999 3.8589500000000001 -0.32316699999999998 1
0.127225 3.865094 -0.30698599999999998 1
0.170407 3.9155739999999999 -0.31453700000000001 1
0.14127799999999999 3.9212509999999998 -0.28396399999999999 1
0.15401100000000001 3.9191769999999999 -0.300925 1
0.17602000000000001 3.8805199999999997 -0.32949899999999999 1
0.18665499999999999 3.9072139999999997 -0.32245099999999999 1
0.16418099999999999 3.851772 -0.332764 1
0.12592100000000001 3.862724 -0.22203700000000001 1
0.12623500000000001 3.896792 -0.23275699999999999 1
0.106278 3.8716200000000001 -0.248059 1
0.11267199999999999 3.8686579999999999 -0.23244600000000001 1
0.13670599999999999 3.9265319999999999 -0.24913399999999999 1
0.15282499999999999 3.9146520000000002 -0.22656799999999999 1
0.141818 3.9218070000000003 -0.235425 1
0.120264 3.900007 -0.26615699999999998 1
0.136018 3.9250249999999998 -0.26600699999999999 1
0.106638 3.8718520000000001 -0.26696300000000001 1
0.20172499999999999 3.8632270000000002 -0.23457800000000001 1
0.169297 3.8426529999999999 -0.222278 1
0.19145799999999999 3.8313809999999999 -0.23233400000000001 1
0.19173499999999999 3.902282 -0.228209 1
0.209229 3.8927309999999999 -0.23816599999999999 1
0.158724 3.8823509999999999 -0.22015499999999999 1
0.17119899999999999 3.9088659999999997 -0.22425300000000001 1
0.146124 3.8535789999999999 -0.218747 1
0.183641 2.544511 0.53437900000000005 1
0.20510999999999999 2.5381629999999999 0.47550199999999998 1
0.22836500000000001 2.5538189999999998 0.42097699999999999 1
0.21326000000000001 2.5496970000000001 0.47853899999999999 1
0.102981 2.5342769999999999 0.63297400000000004 1
0.14255899999999999 2.533331 0.57469000000000003 1
0.143787 2.537757 0.58791400000000005 1
0.13203300000000001 2.5188329999999999 0.55678099999999997 1
0.17086000000000001 2.525369 0.52178899999999995 1
0.109552 2.5279430000000001 0.59548500000000004 1
0.140849 2.5265420000000001 0.56331600000000004 1
0.20666300000000001 2.527495 0.418626 1
0.17688100000000001 2.5114800000000002 0.46999099999999999 1
0.19497500000000001 2.525369 0.47242800000000001 1
0.043999499999999997 2.546071 0.68206299999999997 1
0.075589199999999995 2.5346130000000002 0.63901799999999997 1
0.070506100000000002 2.5389170000000001 0.66338900000000001 1
0 2.5513870000000001 0.69460999999999995 1
0.023826799999999999 2.5394700000000001 0.66417099999999996 1
0.0210984 2.5501300000000002 0.69190099999999999 1
0.032905299999999998 2.5169060000000001 0.60496799999999995 1
0.054935100000000001 2.5289090000000001 0.62964200000000003 1
0 2.529201 0.63853899999999997 1
0.027632400000000001 2.5291169999999998 0.63656500000000005 1
0.091775800000000005 2.520966 0.59150499999999995 1
0.081578100000000001 2.5286249999999999 0.61677099999999996 1
0.065740999999999994 2.5598890000000001 0.119726 1
0.031764599999999997 2.5546479999999998 0.13427600000000001 1
0 2.5585089999999999 0.094171900000000003 1
0.0323291 2.5593940000000002 0.100743 1
0.138015 2.5561050000000001 0.19228100000000001 1
0.096519800000000003 2.5551659999999998 0.17566200000000001 1
0.10131900000000001 2.557833 0.15038899999999999 1
0.098127800000000001 2.5427210000000002 0.23067699999999999 1
0.063612299999999997 2.5499719999999999 0.18216099999999999 1
0.124102 2.5492810000000001 0.228684 1
0.094220100000000001 2.5504989999999998 0.20111799999999999 1
0 2.5482620000000002 0.16665199999999999 1
0.034368000000000003 2.5387040000000001 0.211229 1
0.032045799999999999 2.5489199999999999 0.17058999999999999 1
0.20566100000000001 2.5590769999999998 0.30331000000000002 1
0.16353599999999999 2.5523150000000001 0.25595899999999999 1
0.174785 2.5575860000000001 0.24495 1
0.21309500000000001 2.5455749999999999 0.36304999999999998 1
0.22467699999999999 2.5573839999999999 0.36227700000000002 1
0.178344 2.5188769999999998 0.36405199999999999 1
0.179537 2.539174 0.31165999999999999 1
0.19938900000000001 2.5327000000000002 0.36377199999999998 1
0.13838500000000001 2.537417 0.27146500000000001 1
0.15349099999999999 2.5451030000000001 0.26608100000000001 1
0 2.4986459999999999 0.56625800000000004 1
0.047288400000000001 2.484699 0.51927400000000001 1
0.077415899999999996 2.5054400000000001 0.56247999999999998 1
0.040035599999999998 2.5006710000000001 0.56526799999999999 1
0.055221899999999997 2.4706790000000001 0.41564400000000001 1
0.10237400000000001 2.4831729999999999 0.46860499999999999 1
0 2.46922 0.469003 1
0.052928799999999998 2.4732729999999998 0.46879599999999999 1
0.12906000000000001 2.5028250000000001 0.51701900000000001 1
0.15177599999999999 2.4961349999999998 0.41666500000000001 1
0.14485300000000001 2.4966620000000002 0.46885900000000003 1
0.109485 2.5116459999999998 0.55807700000000005 1
0 2.4772289999999999 0.36117700000000003 1
0.046641000000000002 2.499568 0.30843100000000001 1
0.101727 2.4909340000000002 0.36254599999999998 1
0.052432800000000002 2.481204 0.361628 1
0.077895599999999995 2.5250690000000002 0.26187500000000002 1
0 2.5184760000000002 0.25622899999999998 1
0.039926200000000002 2.5204940000000002 0.25773699999999999 1
0.12953999999999999 2.5170469999999998 0.31286199999999997 1
0.11195099999999999 2.5307249999999999 0.26825700000000002 1
0.14474300000000001 2.5042230000000001 0.36349900000000002 1
0.16267000000000001 2.9702537000000002 0.94759700000000002 1
0.13789699999999999 2.9701735 0.96106100000000005 1
0.139042 2.9548367 0.96365900000000004 1
0.164631 2.9495510999999999 0.95117600000000002 1
0.150007 2.9618389999999999 0.95703400000000005 1
0.109331 2.9695592 0.97429299999999996 1
0.122462 2.9620860000000002 0.96996300000000002 1
0.130968 2.9864541 0.95685100000000001 1
0.124172 2.9726105 0.96625899999999998 1
0.133714 2.9357500999999999 0.96541600000000005 1
0.109851 2.9483206000000002 0.97628300000000001 1
0.125245 2.9512219000000002 0.96961900000000001 1
0.17278199999999999 2.9187329000000002 0.94765100000000002 1
0.213918 2.9219780000000002 0.92284100000000002 1
0.18873000000000001 2.9565252000000002 0.93576400000000004 1
0.18590300000000001 2.935254 0.94048600000000004 1
0.119758 2.9088891000000001 0.96806700000000001 1
0.163882 2.8790110000000002 0.94927099999999998 1
0.149065 2.9114024999999999 0.95754499999999998 1
0.209867 2.8384269999999998 0.92524399999999996 1
0.13300100000000001 2.838876 0.95695600000000003 1
0.17075399999999999 2.8394089999999998 0.94386099999999995 1
0.24743000000000001 2.874806 0.89874500000000002 1
0.24929999999999999 2.832986 0.89865099999999998 1
0.24751699999999999 2.9483427999999998 0.89181500000000002 1
0.24877199999999999 2.9127532999999999 0.89611799999999997 1
0.20664099999999999 2.9831375000000002 0.91318299999999997 1
0.16595299999999999 2.9962659299999999 0.93417899999999998 1
0.181563 2.9781059000000001 0.93320000000000003 1
0.22559699999999999 3.0165131999999999 0.87835399999999997 1
0.23785700000000001 2.9830907 0.88688500000000003 1
0.18850800000000001 3.055577 0.88186100000000001 1
0.21654200000000001 3.0481267000000001 0.86324699999999999 1
0.12871299999999999 3.0776756999999999 0.90259999999999996 1
0.15503700000000001 3.0342159 0.91836499999999999 1
0.159167 3.0664178 0.89409400000000006 1
0.116698 3.0146028999999999 0.948102 1
0.14344699999999999 3.00727528 0.94008499999999995 1
0.0272441 3.0017463700000002 0.98536800000000002 1
0.0591053 3.0273946999999999 0.96148 1
0.031412900000000001 3.0626180000000001 0.94454899999999997 1
0 3.0312489999999999 0.96748299999999998 1
0.029612400000000001 3.0304080999999998 0.965777 1
0.093944299999999994 3.0532189000000001 0.93428999999999995 1
0.080296900000000004 2.9946038000000001 0.97496099999999997 1
0.088359099999999996 3.0217177999999998 0.95541100000000001 1
0.065276200000000006 3.0925539 0.91593999999999998 1
0.097339499999999995 3.0863776000000001 0.91003599999999996 1
0 3.0974522000000002 0.92130900000000004 1
0.032752999999999997 3.0962353 0.919852 1
0.064099699999999996 2.8413680000000001 0.97403600000000001 1
0.031391799999999997 2.8781129999999999 0.98399199999999998 1
0 2.843677 0.97955300000000001 1
0.031749699999999999 2.8429150000000001 0.97819599999999995 1
0.095652299999999996 2.876293 0.97208499999999998 1
0.097650100000000004 2.8397749999999999 0.96698499999999998 1
0.081001900000000002 2.9266203000000002 0.98285500000000003 1
0.059769999999999997 2.9057656000000001 0.98419000000000001 1
0.089867100000000005 2.9068189000000002 0.97711400000000004 1
0 2.9069683999999998 0.99047799999999997 1
0.027378400000000001 2.9239182000000001 0.99372099999999997 1
0.029842500000000001 2.9063024 0.98879300000000003 1
0.095599900000000002 2.9523027000000002 0.98596899999999998 1
0.078926899999999994 2.93716 0.99495900000000004 1
0.086452899999999999 2.9359834 0.98579000000000006 1
0.094095100000000001 2.9434588000000002 0.98502000000000001 1
0.086106799999999997 2.9693567000000001 0.98915299999999995 1
0.078842499999999996 2.9511729 1.00064 1
0.093876899999999999 2.9614288000000002 0.98682800000000004 1
0.052500900000000003 2.9337871 1.0230999999999999 1
0.066634700000000005 2.9355921 1.00864 1
0.059841100000000001 2.9463802000000001 1.0176799999999999 1
0.065260799999999994 2.9417450999999999 1.01251 1
0.059898899999999998 2.9246609000000001 1.0040100000000001 1
0.052527600000000001 2.9224625999999998 1.0148299999999999 1
0.065294599999999994 2.9299477 1.0052300000000001 1
0.047618399999999998 2.9776028999999999 1.0005999999999999 1
0.0582598 2.9596024000000001 1.0119 1
0.069470599999999993 2.9746060000000001 0.994502 1
0 2.9789024999999998 1.00705 1
0.020904699999999998 2.9603229999999998 1.0231699999999999 1
0.024200599999999999 2.9787735999999998 1.00515 1
0.0152462 2.9323199 1.0460199999999999 1
0.034484599999999997 2.9465697999999998 1.0323199999999999 1
0 2.9444458999999998 1.0394600000000001 1
0.0177789 2.9452273999999998 1.03745 1
0.042656699999999999 2.9372411999999999 1.03251 1
0.049043900000000001 2.9474713000000001 1.02501 1
0.047785599999999998 2.9281747 0.99557099999999998 1
0.0209476 2.9220263000000002 1.0071600000000001 1
0 2.9275095000000002 1.00177 1
0.024275700000000001 2.9273962999999998 0.99989499999999998 1
0.058387099999999997 2.9264239999999999 0.99823300000000004 1
0.069763900000000004 2.9309628999999999 0.99008799999999997 1
0.042701200000000002 2.9145241999999998 1.01505 1
0.034535099999999999 2.9154716999999999 1.0112099999999999 1
0.049105700000000002 2.9195807 1.00671 1
0 2.9123448000000001 1.01738 1
0.015266699999999999 2.9059005999999998 1.0243800000000001 1
0.017806900000000001 2.9130978999999999 1.0153799999999999 1
0.027144399999999999 2.9236691000000001 1.04139 1
0.039490900000000002 2.9203746000000002 1.0290600000000001 1
0.039931800000000003 2.9279411 1.0330900000000001 1
0 2.9190749 1.0489999999999999 1
0.0132272 2.9110684 1.04223 1
0.013729099999999999 2.9204336 1.0469200000000001 1
0.027163699999999999 2.9094736999999999 1.0291399999999999 1
0 2.9043798000000001 1.03609 1
0.01374 2.9057241 1.0340199999999999 1
0.0399551 2.9153456000000002 1.02277 1
-0.34129900000000002 2.6240559999999999 0.366232 1
-0.31781799999999999 2.607577 0.30548500000000001 1
-0.28963800000000001 2.5880160000000001 0.36304399999999998 1
-0.31312099999999998 2.5953200000000001 0.42430299999999999 1
-0.31728800000000001 2.6027049999999998 0.36444799999999999 1
-0.31249500000000002 2.57742 0.20841499999999999 1
-0.27484599999999998 2.5812460000000002 0.25265799999999999 1
-0.35028399999999998 2.6355469999999999 0.244783 1
-0.31660100000000002 2.6035840000000001 0.250199 1
-0.19481699999999999 2.5625979999999999 0.23935799999999999 1
-0.25154399999999999 2.5775649999999999 0.30233199999999999 1
-0.2099 2.5423780000000002 0.202318 1
-0.231211 2.5690339999999998 0.24548600000000001 1
-0.26163199999999998 2.5727790000000001 0.42270099999999999 1
-0.23935000000000001 2.5680100000000001 0.361842 1
-0.26233200000000001 2.5773359999999998 0.36213699999999999 1
-0.27502500000000002 2.5780509999999999 0.48206700000000002 1
-0.29136200000000001 2.5866210000000001 0.53681500000000004 1
-0.32816200000000001 2.612304 0.48308299999999998 1
-0.30342599999999997 2.5917780000000001 0.482265 1
-0.22539899999999999 2.5598070000000002 0.48087099999999999 1
-0.22298899999999999 2.5605790000000002 0.53835 1
-0.247502 2.5683259999999999 0.481825 1
-0.16401099999999999 2.5169670000000002 0.63140600000000002 1
-0.236564 2.5557720000000002 0.584476 1
-0.15611900000000001 2.541474 0.59578900000000001 1
-0.19114300000000001 2.5461390000000002 0.59111800000000003 1
-0.31511099999999997 2.6023209999999999 0.59214599999999995 1
-0.26978999999999997 2.5445069999999999 0.62400299999999997 1
-0.28008899999999998 2.574392 0.58643500000000004 1
-0.33951900000000002 2.7428179999999998 -0.080283099999999996 1
-0.28353499999999998 2.801917 -0.11242000000000001 1
-0.23546 2.7302059999999999 -0.12322 1
-0.300873 2.6641919999999999 -0.11045000000000001 1
-0.29291499999999998 2.739805 -0.110308 1
-0.26898 2.896099 -0.112945 1
-0.224047 2.8365049999999998 -0.142015 1
-0.31849699999999997 2.8599410000000001 -0.074698100000000003 1
-0.27485100000000001 2.8531439999999999 -0.11417099999999999 1
-0.123113 2.793612 -0.170045 1
-0.17310600000000001 2.7695219999999998 -0.142628 1
-0.172014 2.8584489999999998 -0.17000199999999999 1
-0.171621 2.8150010000000001 -0.16003700000000001 1
-0.17638300000000001 2.6508500000000002 -0.10631 1
-0.119478 2.704224 -0.113872 1
-0.17453199999999999 2.717123 -0.121531 1
-0.273281 3.0420733000000002 -0.043849800000000001 1
-0.232462 3.0060820399999999 -0.106821 1
-0.26987800000000001 2.9681118999999998 -0.092883800000000002 1
-0.30780800000000003 2.9968130799999999 -0.031709500000000002 1
-0.27234199999999997 3.0033130799999999 -0.072400699999999998 1
-0.14891499999999999 3.0057881100000001 -0.16536200000000001 1
-0.18288299999999999 2.9542907999999999 -0.157469 1
-0.19905200000000001 3.0623656000000001 -0.105989 1
-0.19065799999999999 3.0074223999999998 -0.137241 1
-0.222802 2.9211496000000001 -0.14150699999999999 1
-0.131964 2.8888639999999999 -0.188613 1
-0.17621800000000001 2.9047561000000002 -0.168768 1
-0.30825599999999997 2.9368547 -0.061910199999999999 1
-0.26804 2.9333979000000001 -0.106124 1
-0.26887 2.6036480000000002 0.90975200000000001 1
-0.214141 2.6653190000000002 0.91990300000000003 1
-0.26310499999999998 2.7107779999999999 0.90057699999999996 1
-0.30851000000000001 2.6599119999999998 0.87540499999999999 1
-0.26699499999999998 2.6630769999999999 0.90429199999999998 1
-0.104904 2.671513 0.92278099999999996 1
-0.164801 2.7157930000000001 0.93025999999999998 1
-0.149733 2.6065999999999998 0.92033900000000002 1
-0.15673000000000001 2.6673610000000001 0.92412799999999995 1
-0.17200299999999999 2.7973629999999998 0.93974000000000002 1
-0.21521599999999999 2.755271 0.92060399999999998 1
-0.12665599999999999 2.7595860000000001 0.94502399999999998 1
-0.16995499999999999 2.7576420000000001 0.93533500000000003 1
-0.29389799999999999 2.7473610000000002 0.86713899999999999 1
-0.25326199999999999 2.7907859999999998 0.89788199999999996 1
-0.25819500000000001 2.7516989999999999 0.898482 1
-0.37598700000000002 2.659186 -0.033726800000000001 1
-0.38090099999999999 2.7227570000000001 0.032670999999999999 1
-0.35845700000000003 2.7998880000000002 -0.026716199999999999 1
-0.36789500000000003 2.7361469999999999 -0.0306343 1
-0.37559599999999999 2.6888550000000002 0.17593900000000001 1
-0.38225300000000001 2.7624580000000001 0.105277 1
-0.37917600000000001 2.6359140000000001 0.102343 1
-0.38139899999999999 2.7056110000000002 0.10366499999999999 1
-0.379025 2.8501639999999999 0.112764 1
-0.36960300000000001 2.8337089999999998 0.040605700000000002 1
-0.385185 2.785288 0.17802499999999999 1
-0.38088 2.8099539999999998 0.108528 1
-0.34262700000000001 2.8937430000000002 -0.015664000000000001 1
-0.34944399999999998 2.8519169999999998 -0.0217878 1
-0.35140399999999999 2.6456689999999998 0.42781400000000003 1
-0.36796499999999999 2.6923490000000001 0.37043100000000001 1
-0.36372900000000002 2.6661830000000002 0.306674 1
-0.35769000000000001 2.6547239999999999 0.36828 1
-0.37618800000000002 2.77902 0.37440600000000002 1
-0.380079 2.7473640000000001 0.30995299999999998 1
-0.36655300000000002 2.7261880000000001 0.43293599999999999 1
-0.37362899999999999 2.7345670000000002 0.372527 1
-0.379525 2.7213910000000001 0.24367900000000001 1
-0.38639800000000002 2.8056260000000002 0.247084 1
-0.38442500000000002 2.764348 0.245143 1
-0.36970199999999998 2.6766360000000002 0.24308399999999999 1
-0.35914299999999999 2.9545623999999999 0.384517 1
-0.37622100000000003 2.9165798999999999 0.319025 1
-0.37537900000000002 2.8674409999999999 0.37767400000000001 1
-0.36353099999999999 2.9076759000000001 0.44086700000000001 1
-0.36975400000000003 2.9112138999999999 0.38033099999999997 1
-0.38007299999999999 2.9358404999999999 0.19514100000000001 1
-0.385994 2.8846029999999998 0.25216899999999998 1
-0.36932799999999999 2.9662514999999998 0.265179 1
-0.38047900000000001 2.9245350999999999 0.25720900000000002 1
-0.383633 2.8324440000000002 0.31321399999999999 1
-0.38642900000000002 2.8626879999999999 0.18376200000000001 1
-0.38744400000000001 2.8453379999999999 0.24911 1
-0.370145 2.8173789999999999 0.43703799999999998 1
-0.37714799999999998 2.8233440000000001 0.375911 1
-0.33848699999999998 2.9556174 0.0023577799999999999 1
-0.357964 2.9682488999999999 0.073165499999999994 1
-0.33101199999999997 3.0171673999999999 0.038971600000000002 1
-0.336366 2.9842795999999998 0.0175237 1
-0.36302299999999998 2.9080938000000001 0.052471700000000003 1
-0.33977400000000002 2.9268740000000002 -0.0081601599999999996 1
-0.37697999999999998 2.9178671 0.12363399999999999 1
-0.37843100000000002 2.8851520000000002 0.117331 1
-0.36302299999999998 2.9882711 0.14708199999999999 1
-0.37255100000000002 2.9512572000000001 0.13308300000000001 1
-0.32472800000000002 2.70234 0.82767000000000002 1
-0.34091100000000002 2.6494019999999998 0.77666000000000002 1
-0.33684199999999997 2.5963799999999999 0.83555199999999996 1
-0.33190399999999998 2.6551019999999999 0.831349 1
-0.311718 2.7807569999999999 0.82279400000000003 1
-0.33154600000000001 2.737895 0.77429499999999996 1
-0.31732700000000003 2.7426919999999999 0.824743 1
-0.344609 2.7287309999999998 0.661246 1
-0.34067599999999998 2.6912189999999998 0.71745300000000001 1
-0.33868500000000001 2.7732019999999999 0.72009199999999995 1
-0.339619 2.733174 0.71879599999999999 1
-0.33593299999999998 2.5851869999999999 0.71601400000000004 1
-0.33471600000000001 2.6397019999999998 0.65417599999999998 1
-0.33926299999999998 2.6435719999999998 0.71587199999999995 1
-0.30429600000000001 2.9433558 0.81894199999999995 1
-0.32815 2.9017225999999998 0.77445299999999995 1
-0.309753 2.8624429999999998 0.82164199999999998 1
-0.28298200000000001 2.9067926000000002 0.86163000000000001 1
-0.30906400000000001 2.9033088 0.82069000000000003 1
-0.34985899999999998 2.9019257000000001 0.67070099999999999 1
-0.34226099999999998 2.8580559999999999 0.72292000000000001 1
-0.33509699999999998 2.9445481 0.72479499999999997 1
-0.34137200000000001 2.9014546000000001 0.72407200000000005 1
-0.32806299999999999 2.817526 0.77391200000000004 1
-0.34889100000000001 2.8134610000000002 0.66664500000000004 1
-0.34046500000000002 2.8150680000000001 0.72153 1
-0.28425099999999998 2.826187 0.86421099999999995 1
-0.309915 2.8211330000000001 0.822052 1
-0.36419899999999999 2.8598759999999999 0.49835200000000002 1
-0.35759999999999997 2.9035739999999999 0.55864999999999998 1
-0.350887 2.9492441 0.502911 1
-0.36000399999999999 2.9052049000000002 0.50037399999999999 1
-0.36305300000000001 2.767871 0.49420399999999998 1
-0.36008800000000002 2.8123909999999999 0.554338 1
-0.36477900000000002 2.8138879999999999 0.49643300000000001 1
-0.35668899999999998 2.85751 0.61338300000000001 1
-0.35205999999999998 2.7679360000000002 0.60814400000000002 1
-0.35511199999999998 2.8124090000000002 0.61099499999999995 1
-0.34722999999999998 2.9468703000000001 0.61750899999999997 1
-0.354744 2.9025566 0.61549200000000004 1
-0.338808 2.6416189999999999 0.54122899999999996 1
-0.35481200000000002 2.679891 0.48807899999999999 1
-0.34468900000000002 2.6424240000000001 0.48518899999999998 1
-0.34484100000000001 2.6822910000000002 0.60076300000000005 1
-0.33502399999999999 2.6398809999999999 0.59675900000000004 1
-0.35474600000000001 2.7223310000000001 0.54823500000000003 1
-0.349578 2.7247699999999999 0.60464600000000002 1
-0.36033199999999999 2.7224560000000002 0.49125099999999999 1
-0.27002100000000001 3.1837960000000001 0.15140500000000001 1
-0.25053500000000001 3.219935 0.20011200000000001 1
-0.22988 3.2475450000000001 0.157829 1
-0.253104 3.2034349999999998 0.118078 1
-0.25109599999999999 3.217673 0.158942 1
-0.247672 3.2012149999999999 0.28539399999999998 1
-0.22434200000000001 3.2485559999999998 0.24901200000000001 1
-0.273837 3.1729690000000002 0.23055700000000001 1
-0.24932799999999999 3.213762 0.24224200000000001 1
-0.16612199999999999 3.2964000000000002 0.25568200000000002 1
-0.20102800000000001 3.2797930000000002 0.20460600000000001 1
-0.19325000000000001 3.2649279999999998 0.29897400000000002 1
-0.19717399999999999 3.2764150000000001 0.25283600000000001 1
-0.20844499999999999 3.2550159999999999 0.099748600000000007 1
-0.17393700000000001 3.295795 0.15179500000000001 1
-0.20474200000000001 3.2741169999999999 0.15328600000000001 1
-0.23893400000000001 3.1370979999999999 0.47295300000000001 1
-0.21248 3.1789559999999999 0.42964400000000003 1
-0.243641 3.1661070000000002 0.37536199999999997 1
-0.26904699999999998 3.1156890000000002 0.41544700000000001 1
-0.24135100000000001 3.149381 0.42299999999999999 1
-0.149393 3.2226370000000002 0.43984299999999998 1
-0.185529 3.2244980000000001 0.38908399999999999 1
-0.17879900000000001 3.1877230000000001 0.48375000000000001 1
-0.181979 3.2036340000000001 0.43528899999999998 1
-0.21834100000000001 3.218477 0.33780500000000002 1
-0.15750400000000001 3.2665419999999998 0.34870400000000001 1
-0.189327 3.2462759999999999 0.34401799999999999 1
-0.27281100000000003 3.14513 0.31905600000000001 1
-0.24576200000000001 3.184358 0.32962999999999998 1
-0.21201200000000001 3.0755800999999998 0.84120099999999998 1
-0.18862599999999999 3.1123080000000001 0.82154799999999994 1
-0.21770100000000001 3.11212 0.77552699999999997 1
-0.23585600000000001 3.0765799 0.80562100000000003 1
-0.21332400000000001 3.0965224999999998 0.81185300000000005 1
-0.13256999999999999 3.1381589999999999 0.83799199999999996 1
-0.163968 3.1484000000000001 0.78970600000000002 1
-0.159999 3.0987976000000002 0.86537299999999995 1
-0.161693 3.1262720000000002 0.83030400000000004 1
-0.16913800000000001 3.1748470000000002 0.69519299999999995 1
-0.19501499999999999 3.146226 0.73819699999999999 1
-0.13644200000000001 3.1796190000000002 0.75038700000000003 1
-0.166543 3.164739 0.74439599999999995 1
-0.249108 3.0961373000000001 0.72820700000000005 1
-0.22681399999999999 3.1302949999999998 0.68449700000000002 1
-0.22236700000000001 3.1235400000000002 0.73254799999999998 1
-0.26440200000000003 3.1019679999999998 0.520397 1
-0.233686 3.1314859999999998 0.57948699999999997 1
-0.207042 3.158534 0.53077700000000005 1
-0.236433 3.1321759999999998 0.52563400000000005 1
-0.201599 3.1571660000000001 0.637907 1
-0.258575 3.1023230000000002 0.62848700000000002 1
-0.23053399999999999 3.1319020000000002 0.63295900000000005 1
-0.13985800000000001 3.1954210000000001 0.64756899999999995 1
-0.173735 3.1789640000000001 0.589175 1
-0.17147299999999999 3.1782840000000001 0.64291500000000001 1
-0.143538 3.1987540000000001 0.53980499999999998 1
-0.17611499999999999 3.180806 0.535582 1
-0.33783600000000003 2.9934474400000002 0.44854899999999998 1
-0.32092900000000002 3.0389878000000001 0.39863500000000002 1
-0.34742000000000001 3.00319315 0.33360200000000001 1
-0.34241899999999997 2.9973884900000001 0.39086700000000002 1
-0.29874400000000001 3.0894187 0.35544900000000001 1
-0.29323199999999999 3.0711037999999999 0.46040500000000001 1
-0.29602200000000001 3.0786559000000002 0.40707700000000002 1
-0.30120999999999998 3.1150340000000001 0.25778299999999998 1
-0.32742900000000003 3.0566863 0.29107499999999997 1
-0.300703 3.102007 0.30564400000000003 1
-0.351215 3.0204208000000001 0.221415 1
-0.35097400000000001 3.0108682999999998 0.27702700000000002 1
-0.30898500000000001 2.9841636 0.772679 1
-0.30029 3.0266191 0.72505399999999998 1
-0.32812200000000002 2.9887652999999998 0.67360799999999998 1
-0.32073800000000002 2.9866228000000001 0.72489800000000004 1
-0.268509 2.9815770000000001 0.85448100000000005 1
-0.27488800000000002 3.0183198 0.81225700000000001 1
-0.29189700000000002 2.9822082000000001 0.81614200000000003 1
-0.267341 3.0573644 0.76982899999999999 1
-0.24016999999999999 3.0457535999999998 0.83834600000000004 1
-0.25629200000000002 3.0501447000000002 0.807253 1
-0.28185900000000003 3.0674533999999998 0.67710999999999999 1
-0.27574799999999999 3.0634771999999999 0.72593300000000005 1
-0.23941799999999999 3.102195 -0.035107699999999999 1
-0.213035 3.1700219999999999 -0.0095320400000000003 1
-0.181753 3.135303 -0.084853600000000001 1
-0.20757 3.1173350000000002 -0.061618199999999998 1
-0.298292 3.0729820999999999 0.027176599999999999 1
-0.26527800000000001 3.133372 0.035355900000000003 1
-0.27054099999999998 3.0874644999999998 -0.0064069499999999998 1
-0.23652300000000001 3.1957810000000002 0.0609139 1
-0.276588 3.1555740000000001 0.098102099999999998 1
-0.25864799999999999 3.1736819999999999 0.076866599999999993 1
-0.19029299999999999 3.2370549999999998 0.025893099999999999 1
-0.21226800000000001 3.2181160000000002 0.044866400000000001 1
-0.28887299999999999 3.0678481999999998 0.57055999999999996 1
-0.31111299999999997 3.0304905 0.62201600000000001 1
-0.28601900000000002 3.0682635 0.62490599999999996 1
-0.31518499999999999 3.0311387999999999 0.51057399999999997 1
-0.29106300000000002 3.0681481000000002 0.51531300000000002 1
-0.33409899999999998 2.99038694 0.563635 1
-0.33553699999999997 2.9913630800000002 0.50637600000000005 1
-0.33210200000000001 2.9897705000000001 0.61961699999999997 1
-0.32442300000000002 3.0791081999999999 0.189745 1
-0.33595000000000003 3.0447294999999999 0.115485 1
-0.346277 3.0318575999999999 0.16703999999999999 1
-0.29539599999999999 3.1374430000000002 0.16910900000000001 1
-0.29957299999999998 3.1271149999999999 0.21198700000000001 1
-0.30518800000000001 3.1030859999999998 0.100412 1
-0.28828599999999999 3.1452119999999999 0.129998 1
-0.320025 3.0585873000000001 0.068335400000000004 1
-0.177314 3.2048179999999999 -0.0510199 1
-0.16703399999999999 3.1822300000000001 -0.122798 1
-0.149034 3.1192549999999999 -0.15276699999999999 1
-0.16872500000000001 3.1585190000000001 -0.103729 1
-0.159665 3.2852670000000002 0.0452783 1
-0.16742599999999999 3.2590110000000001 -0.0241111 1
-0.175009 3.2489650000000001 0.0011626900000000001 1
-0.17918000000000001 3.2904970000000002 -0.060974300000000002 1
-0.17716399999999999 3.2381120000000001 -0.093382999999999994 1
-0.14972099999999999 3.3008000000000002 -0.0047002900000000002 1
-0.16855700000000001 3.2723599999999999 -0.044714799999999999 1
-0.16005800000000001 3.1682290000000002 -0.19583800000000001 1
-0.19492100000000001 3.2213569999999998 -0.173014 1
-0.17522799999999999 3.2016809999999998 -0.14661299999999999 1
-0.21819 3.2819950000000002 -0.133552 1
-0.26422000000000001 3.2742930000000001 -0.22820699999999999 1
-0.233098 3.2108400000000001 -0.26730100000000001 1
-0.22772500000000001 3.2457419999999999 -0.19983699999999999 1
-0.173263 3.3416930000000002 -0.023837899999999999 1
-0.225521 3.344757 -0.0845003 1
-0.200073 3.314908 -0.073215699999999995 1
-0.26722200000000002 3.417414 -0.11644400000000001 1
-0.27622000000000002 3.344814 -0.176785 1
-0.21453 3.407775 -0.031708899999999998 1
-0.249809 3.3792040000000001 -0.097889299999999999 1
-0.30663800000000002 3.2686410000000001 -0.33816600000000002 1
-0.314639 3.343639 -0.29252299999999998 1
-0.294985 3.3064689999999999 -0.25924900000000001 1
-0.27979700000000002 3.2071170000000002 -0.366981 1
-0.24025099999999999 3.1591100000000001 -0.38764900000000002 1
-0.192666 3.1598290000000002 -0.30860100000000001 1
-0.23872599999999999 3.1819829999999998 -0.331175 1
-0.33078600000000002 3.2694700000000001 -0.44548700000000002 1
-0.30739899999999998 3.2082130000000002 -0.46356000000000003 1
-0.31170999999999999 3.2358039999999999 -0.406418 1
-0.25941199999999998 3.1698 -0.54272200000000004 1
-0.26571499999999998 3.160342 -0.46921200000000002 1
-0.30578699999999998 3.2185630000000001 -0.54744099999999996 1
-0.29090100000000002 3.1861259999999998 -0.50914300000000001 1
-0.19545100000000001 3.1284969999999999 -0.40737200000000001 1
-0.21346100000000001 3.1294200000000001 -0.46510800000000002 1
-0.23331099999999999 3.1421580000000002 -0.43291600000000002 1
-0.32954099999999997 3.345256 -0.41095599999999999 1
-0.32100800000000002 3.3526549999999999 -0.51141700000000001 1
-0.32674999999999998 3.280027 -0.53593299999999999 1
-0.333345 3.309542 -0.48018899999999998 1
-0.25597599999999998 3.4295490000000002 -0.56362199999999996 1
-0.28927799999999998 3.3587859999999998 -0.58491800000000005 1
-0.29524499999999998 3.4367619999999999 -0.48418699999999998 1
-0.29539900000000002 3.3954430000000002 -0.54006699999999996 1
-0.246645 3.312827 -0.64033700000000005 1
-0.296456 3.2957860000000001 -0.60246999999999995 1
-0.24054800000000001 3.3576600000000001 -0.62795999999999996 1
-0.27430500000000002 3.331026 -0.61749100000000001 1
-0.27251599999999998 3.239582 -0.609537 1
-0.30729499999999998 3.256707 -0.57883499999999999 1
-0.288912 2.3337210000000002 -0.083198099999999997 1
-0.23366700000000001 2.2816169999999998 -0.039468200000000002 1
-0.28831299999999999 2.2804700000000002 0.029200199999999999 1
-0.33504699999999998 2.3325300000000002 -0.026193999999999999 1
-0.28852299999999997 2.2950729999999999 -0.032990100000000001 1
-0.13655200000000001 2.3248899999999999 -0.0280042 1
-0.17279600000000001 2.2764060000000002 0.0247169 1
-0.187443 2.3303020000000001 -0.081881899999999994 1
-0.17963299999999999 2.2917670000000001 -0.035026700000000001 1
-0.18276600000000001 2.3126880000000001 0.135767 1
-0.22744200000000001 2.2752590000000001 0.093385200000000002 1
-0.136631 2.313879 0.078763399999999997 1
-0.17619099999999999 2.283849 0.085786399999999999 1
-0.327044 2.3259340000000002 0.087282499999999999 1
-0.27615200000000001 2.3205230000000001 0.14116000000000001 1
-0.28116099999999999 2.2892960000000002 0.091075799999999998 1
-0.288217 2.3205650000000002 0.83837899999999999 1
-0.248642 2.2754810000000001 0.79089500000000001 1
-0.19889599999999999 2.2766649999999999 0.85192999999999997 1
-0.24610000000000001 2.3217949999999998 0.88950799999999997 1
-0.24683099999999999 2.2880880000000001 0.84543199999999996 1
-0.24088000000000001 2.311318 0.69162800000000002 1
-0.198408 2.271468 0.73459099999999999 1
-0.28358699999999998 2.3154849999999998 0.73878500000000003 1
-0.24443400000000001 2.2835169999999998 0.73635799999999996 1
-0.115859 2.3065169999999999 0.74811499999999997 1
-0.14866099999999999 2.272653 0.79562600000000006 1
-0.15797600000000001 2.3052869999999999 0.69698599999999999 1
-0.15304699999999999 2.2794449999999999 0.74140099999999998 1
-0.15573999999999999 2.3199959999999997 0.89212100000000005 1
-0.11303299999999999 2.3158289999999999 0.84496499999999997 1
-0.15182899999999999 2.2860680000000002 0.84914599999999996 1
-0.30391000000000001 2.5019339999999999 0.668956 1
-0.32282 2.4340479999999998 0.72619800000000001 1
-0.34248899999999999 2.516581 0.78141000000000005 1
-0.331237 2.5110169999999998 0.71983600000000003 1
-0.31973200000000002 2.366546 0.78642800000000002 1
-0.28283000000000003 2.3674369999999998 0.69100899999999998 1
-0.30832599999999999 2.3672659999999999 0.73395600000000005 1
-0.29419699999999999 2.3810259999999999 0.88446899999999995 1
-0.33133099999999999 2.4433410000000002 0.84223599999999998 1
-0.315639 2.3743270000000001 0.83949600000000002 1
-0.31353999999999999 2.525423 0.88789499999999999 1
-0.33752399999999999 2.5215749999999999 0.84005099999999999 1
-0.096919400000000003 2.5212219999999999 0.89749500000000004 1
-0.077471899999999996 2.429827 0.85133000000000003 1
-0.065456700000000007 2.4841220000000002 0.79542999999999997 1
-0.063471100000000003 2.568235 0.85189899999999996 1
-0.070723400000000006 2.503679 0.85239200000000004 1
-0.084044400000000005 2.3539300000000001 0.79711799999999999 1
-0.112805 2.375912 0.88898600000000005 1
-0.089911099999999994 2.3654790000000001 0.84727399999999997 1
-0.119063 2.3523209999999999 0.70201199999999997 1
-0.083265500000000006 2.4088560000000001 0.74008700000000005 1
-0.094347500000000001 2.3517510000000001 0.746058 1
-0.069956000000000004 2.5257800000000001 0.73529199999999995 1
-0.106684 2.4653640000000001 0.68287399999999998 1
-0.077366099999999993 2.4715410000000002 0.73505600000000004 1
-0.208287 2.4716499999999999 0.63722299999999998 1
-0.25237100000000001 2.418167 0.65283199999999997 1
-0.26065100000000002 2.4863819999999999 0.64239800000000002 1
-0.15334999999999999 2.4043559999999999 0.66032999999999997 1
-0.153645 2.4650220000000003 0.65048899999999998 1
-0.20033999999999999 2.3486440000000002 0.66047500000000003 1
-0.15643599999999999 2.3490169999999999 0.67289600000000005 1
-0.24465300000000001 2.358006 0.66651400000000005 1
-0.20939199999999999 2.5282299999999998 0.92831399999999997 1
-0.14954300000000001 2.4455710000000002 0.92281199999999997 1
-0.14779800000000001 2.5277639999999999 0.92229399999999995 1
-0.26286799999999999 2.4477039999999999 0.92010800000000004 1
-0.26773400000000003 2.5275449999999999 0.91708199999999995 1
-0.20343600000000001 2.3718310000000002 0.92307099999999997 1
-0.25355100000000003 2.3770609999999999 0.91265799999999997 1
-0.153584 2.3747389999999999 0.91471599999999997 1
-0.387436 2.559679 0.029668199999999999 1
-0.369537 2.4615809999999998 0.096121100000000001 1
-0.34856100000000001 2.535946 0.158716 1
-0.376444 2.5498699999999999 0.099959900000000004 1
-0.35444500000000001 2.572149 -0.087812500000000002 1
-0.37845499999999999 2.4746920000000001 -0.035620100000000002 1
-0.38096400000000002 2.5674960000000002 -0.036178700000000001 1
-0.36823600000000001 2.385024 0.0306267 1
-0.34074199999999999 2.402101 -0.079822900000000002 1
-0.36408699999999999 2.3943859999999999 -0.029681300000000001 1
-0.32555800000000001 2.3845770000000002 0.13959199999999999 1
-0.35478599999999999 2.3851490000000002 0.090429800000000005 1
-0.12703999999999999 2.551901 -0.073578500000000005 1
-0.182701 2.4721539999999997 -0.10993700000000001 1
-0.24351800000000001 2.5693579999999998 -0.121062 1
-0.17913899999999999 2.563752 -0.106528 1
-0.241923 2.3901409999999998 -0.117359 1
-0.141316 2.3927830000000001 -0.073037199999999997 1
-0.18696699999999999 2.392385 -0.104287 1
-0.30444300000000002 2.4787129999999999 -0.117606 1
-0.296601 2.397033 -0.109127 1
-0.30529099999999998 2.5724629999999999 -0.115465 1
-0.25113000000000002 2.497255 0.19709399999999999 1
-0.18853600000000001 2.422606 0.17493400000000001 1
-0.148115 2.4874369999999999 0.14992900000000001 1
-0.19617699999999999 2.4882309999999999 0.18354599999999999 1
-0.29378399999999999 2.4404319999999999 0.181063 1
-0.30435699999999999 2.515784 0.18995600000000001 1
-0.23306399999999999 2.361774 0.175543 1
-0.28237099999999998 2.3731230000000001 0.16797699999999999 1
-0.145237 2.3648220000000002 0.13052 1
-0.185474 2.3615159999999999 0.162245 1
-0.095370099999999999 2.5943890000000001 -0.021478199999999999 1
-0.099794599999999997 2.5075319999999999 0.035271200000000003 1
-0.105712 2.4511050000000001 -0.026843200000000001 1
-0.102107 2.5300639999999999 -0.023927500000000001 1
-0.113288 2.4267270000000001 0.091099299999999994 1
-0.112515 2.5480809999999998 0.093568799999999994 1
-0.115559 2.4935960000000001 0.096863900000000003 1
-0.106751 2.366892 0.0275567 1
-0.117988 2.364163 0.082799999999999999 1
-0.114552 2.3803589999999999 -0.026739200000000001 1
-0.30865799999999999 3.43336 -0.36830499999999999 1
-0.28535300000000002 3.5208529999999998 -0.36155100000000001 1
-0.27118399999999998 3.5257589999999999 -0.46007900000000002 1
-0.29139100000000001 3.478507 -0.41852699999999998 1
-0.29850900000000002 3.4275220000000002 -0.23628199999999999 1
-0.31780199999999997 3.3871700000000002 -0.32758999999999999 1
-0.23533499999999999 3.4855309999999999 -0.0647615 1
-0.27121400000000001 3.4980669999999998 -0.16797699999999999 1
-0.27204499999999998 3.4585499999999998 -0.14322499999999999 1
-0.27787499999999998 3.5568900000000001 -0.190965 1
-0.28257700000000002 3.5358830000000001 -0.259681 1
-0.24700800000000001 3.54474 -0.11411399999999999 1
-0.27166499999999999 3.531425 -0.180446 1
-0.26700000000000002 3.601931 -0.388185 1
-0.278055 3.600765 -0.320108 1
-0.27864499999999998 3.5639760000000003 -0.33172000000000001 1
-0.252363 3.6821669999999997 -0.15032999999999999 1
-0.32645200000000002 3.6453090000000001 -0.13850399999999999 1
-0.267679 3.610284 -0.129549 1
-0.19262599999999999 3.6475759999999999 -0.125774 1
-0.25811600000000001 3.645451 -0.13607 1
-0.43034899999999998 3.658277 -0.15438199999999999 1
-0.38032100000000002 3.6185700000000001 -0.15241299999999999 1
-0.38868200000000003 3.6804060000000001 -0.14489299999999999 1
-0.38479200000000002 3.6479080000000002 -0.143704 1
-0.35448000000000002 3.589213 -0.20256399999999999 1
-0.32434600000000002 3.5877140000000001 -0.15672 1
-0.40158300000000002 3.6127159999999998 -0.19176000000000001 1
-0.367842 3.597467 -0.17194000000000001 1
-0.23908199999999999 3.5789569999999999 -0.111996 1
-0.28947099999999998 3.5690740000000001 -0.162469 1
-0.27936100000000003 3.5832079999999999 -0.137022 1
-0.318359 3.5846659999999999 -0.23009399999999999 1
-0.29443900000000001 3.5918489999999998 -0.26603900000000003 1
-0.29431800000000002 3.5727289999999998 -0.209871 1
-0.38059100000000001 3.614582 -0.245535 1
-0.34396700000000002 3.6200679999999998 -0.286887 1
-0.34736299999999998 3.5984249999999998 -0.244565 1
-0.34507900000000002 3.681327 -0.33315600000000001 1
-0.31260599999999999 3.638668 -0.31912400000000002 1
-0.37588100000000002 3.6625049999999999 -0.31082100000000001 1
-0.34177000000000002 3.6491069999999999 -0.31847700000000001 1
-0.28588000000000002 3.6620490000000001 -0.34908899999999998 1
-0.29037200000000002 3.6241080000000001 -0.31778800000000001 1
-0.419572 3.658706 -0.26189200000000001 1
-0.44419700000000001 3.7113939999999999 -0.26325599999999999 1
-0.39374300000000001 3.7067649999999999 -0.31230000000000002 1
-0.41295799999999999 3.685943 -0.291128 1
-0.44728899999999999 3.6559559999999998 -0.19680300000000001 1
-0.41730299999999998 3.6337130000000002 -0.22525600000000001 1
-0.44739699999999999 3.7023920000000001 -0.15815000000000001 1
-0.47155200000000003 3.7085789999999998 -0.199184 1
-0.460337 3.6814480000000001 -0.17324999999999999 1
-0.43241000000000002 3.7464550000000001 -0.258303 1
-0.45258900000000002 3.7444440000000001 -0.206816 1
-0.46079199999999998 3.7308310000000002 -0.23106299999999999 1
-0.046738200000000001 3.3252839999999999 0.136739 1
-0.092553899999999995 3.3201390000000002 0.17069899999999999 1
-0.046243600000000003 3.3201640000000001 0.22133700000000001 1
-0.046899099999999999 3.3237070000000002 0.17766000000000001 1
-0.132936 3.3120609999999999 0.21048500000000001 1
-0.135299 3.3083200000000001 0.112598 1
-0.13572000000000001 3.3109859999999998 0.15983800000000001 1
-0.12562799999999999 3.296564 0.30682900000000002 1
-0.088649099999999995 3.3123960000000001 0.26343499999999997 1
-0.12948100000000001 3.3075749999999999 0.259519 1
-0.043489199999999999 3.30185 0.31193399999999999 1
-0.045023100000000003 3.313323 0.266515 1
-0.037782700000000002 3.232065 0.49518800000000002 1
-0.073532700000000006 3.2212930000000002 0.54570600000000002 1
-0.036451699999999997 3.2252000000000001 0.60147899999999999 1
-0.0369868 3.2265259999999998 0.54725999999999997 1
-0.107651 3.210086 0.59707900000000003 1
-0.11132499999999999 3.2191109999999998 0.49138900000000002 1
-0.109197 3.2121430000000002 0.54320100000000004 1
-0.10538400000000001 3.2039170000000001 0.70475500000000002 1
-0.071715299999999996 3.2182550000000001 0.65442 1
-0.106456 3.2087430000000001 0.65145399999999998 1
-0.0357781 3.2186789999999998 0.71024900000000002 1
-0.036080899999999999 3.2239599999999999 0.65631899999999999 1
-0.070359199999999997 3.1999870000000001 0.75926499999999997 1
-0.035033000000000002 3.1849400000000001 0.80962299999999998 1
-0.035446900000000003 3.2052320000000001 0.76174200000000003 1
-0.10285999999999999 3.1723110000000001 0.80234700000000003 1
-0.104202 3.1914090000000002 0.75541199999999997 1
-0.099480499999999999 3.1187049999999998 0.88073699999999999 1
-0.068428600000000006 3.1547610000000001 0.84948599999999996 1
-0.101303 3.147713 0.84448100000000004 1
-0.033740300000000001 3.1291190000000002 0.88985199999999998 1
-0.034482199999999998 3.1591279999999999 0.85271799999999998 1
-0.032543999999999997 2.5666639999999998 0.068445599999999995 1
-0.061985499999999999 2.580546 0.051640499999999999 1
-0.029002699999999999 2.5986639999999999 0.0026095900000000002 1
-0.031214200000000001 2.5799639999999999 0.035839999999999997 1
-0.080438599999999999 2.5924230000000001 0.025012 1
-0.101981 2.5625800000000001 0.11887300000000001 1
-0.0918712 2.5734909999999998 0.074688900000000003 1
-0.078139200000000006 2.6565979999999998 -0.068029099999999995 1
-0.052498900000000001 2.6255139999999999 -0.026865799999999999 1
-0.077132699999999998 2.621235 -0.022981000000000001 1
-0.024587000000000001 2.6497450000000002 -0.066992700000000002 1
-0.026572599999999998 2.622134 -0.031562399999999997 1
-0.017349900000000001 2.659103 0.89134800000000003 1
-0.032517999999999998 2.622045 0.851217 1
-0.016214200000000002 2.6031420000000001 0.80846899999999999 1
-0.016110300000000001 2.629267 0.85231900000000005 1
-0.047369300000000003 2.576921 0.79981500000000005 1
-0.057697400000000003 2.6395309999999998 0.89382200000000001 1
-0.049520399999999999 2.6046960000000001 0.85129200000000005 1
-0.064149899999999996 2.5453070000000002 0.69653799999999999 1
-0.035226300000000002 2.5736889999999999 0.75720200000000004 1
-0.0543417 2.55755 0.74512199999999995 1
-0.0190571 2.5632649999999999 0.72386899999999998 1
-0.0173127 2.5810379999999999 0.76418900000000001 1
-0.082780000000000006 3.283223 0.35483799999999999 1
-0.0403407 3.2645840000000002 0.40089999999999998 1
-0.0418935 3.284411 0.35633799999999999 1
-0.117787 3.2562199999999999 0.39730799999999999 1
-0.121652 3.2780619999999998 0.352302 1
-0.077236100000000002 3.242537 0.44549800000000001 1
-0.11426699999999999 3.2351860000000001 0.443214 1
-0.038935499999999998 3.245943 0.44679200000000002 1
-0.044866400000000001 3.3510360000000001 0.036891699999999999 1
-0.084777000000000005 3.331134 0.039260200000000002 1
-0.044157399999999999 3.3291189999999999 0.069311200000000003 1
-0.043628100000000003 3.3365290000000001 0.047541 1
-0.12257899999999999 3.311429 0.043683100000000002 1
-0.12556899999999999 3.3351799999999998 0.0110101 1
-0.12096800000000001 3.319807 0.022568899999999999 1
-0.089170899999999997 3.3205830000000001 0.090650300000000003 1
-0.129137 3.3080340000000001 0.073786400000000002 1
-0.0455092 3.3262290000000001 0.099833500000000006 1
-0.063228400000000004 3.4966930000000001 0.052285199999999997 1
-0.116503 3.442256 0.039930800000000002 1
-0.0541098 3.4081600000000001 0.048371400000000002 1
-0.059370800000000001 3.4489549999999998 0.055119300000000003 1
-0.15343799999999999 3.3912770000000001 0.0121446 1
-0.18104000000000001 3.4700389999999999 0.0048543400000000004 1
-0.169159 3.4286599999999998 0.0126096 1
-0.095434599999999994 3.3701789999999998 0.029826999999999999 1
-0.13764999999999999 3.3595600000000001 0.0095733999999999993 1
-0.048817699999999999 3.3752170000000001 0.039732000000000003 1
-0.069276099999999993 3.505582 -0.56204200000000004 1
-0.130136 3.5680040000000002 -0.52876400000000001 1
-0.062648499999999996 3.6401889999999999 -0.506046 1
-0.0664738 3.5702159999999998 -0.53352500000000003 1
-0.232047 3.5652159999999999 -0.50191799999999998 1
-0.17402500000000001 3.632377 -0.49522300000000002 1
-0.199187 3.49892 -0.54566800000000004 1
-0.18817300000000001 3.564066 -0.51907000000000003 1
-0.150533 3.744043 -0.44196000000000002 1
-0.113201 3.7017259999999998 -0.47450500000000001 1
-0.199905 3.6854969999999998 -0.46249600000000002 1
-0.16161400000000001 3.694175 -0.46957599999999999 1
-0.053679400000000002 3.7623679999999999 -0.44766400000000001 1
-0.058237900000000002 3.707055 -0.47797099999999998 1
-0.072695800000000005 3.340957 -0.66479900000000003 1
-0.13828199999999999 3.3756810000000002 -0.645424 1
-0.071181099999999997 3.4132750000000001 -0.62329199999999996 1
-0.071646500000000002 3.3768150000000001 -0.64841599999999999 1
-0.199873 3.4047480000000001 -0.61293500000000001 1
-0.193634 3.339499 -0.65286599999999995 1
-0.19489500000000001 3.3709210000000001 -0.63793800000000001 1
-0.138821 3.4529170000000002 -0.58905399999999997 1
-0.20219500000000001 3.4466139999999998 -0.57956700000000005 1
-0.070618100000000003 3.4547330000000001 -0.59323300000000001 1
-0.030639900000000001 2.8042720000000001 0.97028499999999995 1
-0.057123 2.764078 0.95662100000000005 1
-0.0240468 2.7281650000000002 0.94326399999999999 1
-0.027785799999999999 2.7657479999999999 0.95913899999999996 1
-0.080276899999999998 2.7222360000000001 0.93951499999999999 1
-0.095680299999999996 2.8005450000000001 0.96067599999999997 1
-0.089562699999999995 2.7618779999999998 0.95201800000000003 1
-0.042552699999999999 2.6885370000000002 0.92105300000000001 1
-0.068802299999999997 2.6800820000000001 0.92167399999999999 1
-0.0202817 2.6923430000000002 0.92116500000000001 1
-0.049547000000000001 2.6880440000000001 -0.10581699999999999 1
-0.023836699999999999 2.7168969999999999 -0.139843 1
-0.023709000000000001 2.680866 -0.10399799999999999 1
-0.081624299999999997 2.735811 -0.144485 1
-0.0796433 2.6951809999999998 -0.108871 1
-0.087807399999999994 2.8234870000000001 -0.193941 1
-0.052100800000000003 2.7659199999999999 -0.173683 1
-0.0840611 2.7773150000000002 -0.173847 1
-0.026702400000000001 2.8092820000000001 -0.19711100000000001 1
-0.024868399999999999 2.7592349999999999 -0.171792 1
-0.059975100000000003 2.8716119999999998 -0.20946699999999999 1
-0.032187100000000003 2.9308404000000001 -0.22273100000000001 1
-0.029236700000000001 2.8684349999999998 -0.213064 1
-0.101087 2.9379281000000002 -0.20036399999999999 1
-0.093716900000000006 2.8781180000000002 -0.20174800000000001 1
-0.115674 3.0551050000000002 -0.18788299999999999 1
-0.071390200000000001 2.9931785799999999 -0.21557200000000001 1
-0.10921599999999999 2.9996331600000001 -0.192884 1
-0.038198099999999999 3.0419961 -0.23552600000000001 1
-0.035269000000000002 2.9906454099999999 -0.22919200000000001 1
-0.080371100000000001 3.0844567000000001 -0.225271 1
-0.042892600000000003 3.103386 -0.25797700000000001 1
-0.0406901 3.0790388000000002 -0.244814 1
-0.120922 3.1248550000000002 -0.20936299999999999 1
-0.118034 3.0962149999999999 -0.193935 1
-0.13847799999999999 3.1485949999999998 -0.265069 1
-0.088433100000000001 3.1257299999999999 -0.25853300000000001 1
-0.128964 3.1429179999999999 -0.232488 1
-0.047021199999999999 3.1204429999999999 -0.299626 1
-0.044953699999999999 3.1166499999999999 -0.27594000000000002 1
-0.097999000000000003 3.1248779999999998 -0.31997599999999998 1
-0.051894700000000002 3.1088529999999999 -0.36575299999999999 1
-0.049242899999999999 3.116377 -0.32995600000000003 1
-0.15091099999999999 3.126322 -0.356271 1
-0.14578199999999999 3.1400779999999999 -0.308863 1
-0.16045000000000001 3.1129150000000001 -0.441079 1
-0.107541 3.1070310000000001 -0.40186100000000002 1
-0.15390100000000001 3.1162809999999999 -0.39969700000000002 1
-0.059591900000000003 3.1010239999999998 -0.44902599999999998 1
-0.055252500000000003 3.102268 -0.40583599999999997 1
-0.125551 3.112279 -0.49019600000000002 1
-0.070998199999999997 3.126709 -0.53864199999999995 1
-0.065188999999999997 3.1095199999999998 -0.494143 1
-0.19494400000000001 3.1348060000000002 -0.52334599999999998 1
-0.176258 3.119186 -0.48235899999999998 1
-0.219301 3.1913870000000002 -0.60018899999999997 1
-0.14749999999999999 3.1538539999999999 -0.57533199999999995 1
-0.21012900000000001 3.1594899999999999 -0.56384999999999996 1
-0.079071799999999998 3.1829879999999999 -0.61559900000000001 1
-0.075974299999999995 3.1515469999999999 -0.57997600000000005 1
-0.15404399999999999 3.2225640000000002 -0.63894099999999998 1
-0.0775425 3.2602060000000002 -0.66100199999999998 1
-0.079245499999999996 3.2199870000000002 -0.64296500000000001 1
-0.21377199999999999 3.2676699999999999 -0.64780300000000002 1
-0.21995000000000001 3.2286480000000002 -0.62868500000000005 1
-0.14437800000000001 3.3025340000000001 -0.66520800000000002 1
-0.202463 3.3048510000000002 -0.65600899999999995 1
-0.075010199999999999 3.3013089999999998 -0.66863700000000004 1
-0.060688400000000003 3.60785 0.00104436 1
-0.12671499999999999 3.537337 0.0111468 1
-0.064310699999999998 3.5504630000000001 0.032178499999999999 1
-0.040351699999999997 3.7183000000000002 -0.071901599999999996 1
-0.098746600000000004 3.6567859999999999 -0.062447000000000003 1
-0.050432600000000001 3.666442 -0.034872 1
-0.17116500000000001 3.6057990000000002 -0.076428899999999994 1
-0.12609600000000001 3.69557 -0.12707099999999999 1
-0.14282400000000001 3.6509260000000001 -0.096990599999999996 1
-0.191637 3.550233 -0.0477524 1
-0.209701 3.5699680000000003 -0.0807895 1
-0.185308 3.5137429999999998 -0.017235400000000001 1
-0.25851400000000002 3.6021969999999999 -0.44519900000000001 1
-0.23761399999999999 3.630468 -0.46987299999999999 1
-0.25321700000000003 3.5782690000000001 -0.47478300000000001 1
-0.246529 3.6724800000000002 -0.39795199999999997 1
-0.24094299999999999 3.6622240000000001 -0.43894 1
-0.25477100000000003 3.6359759999999999 -0.42070000000000002 1
-0.212896 3.7149049999999999 -0.42843500000000001 1
-0.22450100000000001 3.6767889999999999 -0.45257799999999998 1
-0.214224 3.9166720000000002 -0.24604599999999999 1
-0.201014 3.9433379999999998 -0.25145000000000001 1
-0.21543999999999999 3.9386809999999999 -0.27942299999999998 1
-0.226436 3.9127229999999997 -0.26973000000000003 1
-0.21696499999999999 3.9318249999999999 -0.26116699999999998 1
-0.159856 3.939686 -0.239651 1
-0.17745 3.953646 -0.260405 1
-0.17980099999999999 3.9309449999999999 -0.23207 1
-0.180783 3.9464109999999999 -0.24463499999999999 1
-0.165912 3.9393029999999998 -0.29273900000000003 1
-0.19187599999999999 3.9489890000000001 -0.28837800000000002 1
-0.1537 3.9432520000000002 -0.26905400000000002 1
-0.17310900000000001 3.9510350000000001 -0.277835 1
-0.216862 3.918936 -0.30396499999999999 1
-0.19691700000000001 3.9276759999999999 -0.31154599999999999 1
-0.20763400000000001 3.937732 -0.29670999999999997 1
-0.20999599999999999 3.761876 -0.26835799999999999 1
-0.19908400000000001 3.7733699999999999 -0.28140500000000002 1
-0.191438 3.774734 -0.31202200000000002 1
-0.207814 3.7598690000000001 -0.30298999999999998 1
-0.201734 3.7671269999999999 -0.28954999999999997 1
-0.203233 3.797472 -0.27393200000000001 1
-0.192387 3.7890920000000001 -0.301842 1
-0.20217499999999999 3.7754820000000002 -0.25199700000000003 1
-0.19922100000000001 3.78193 -0.27639999999999998 1
-0.16581899999999999 3.8044180000000001 -0.33528799999999997 1
-0.17822099999999999 3.7883740000000001 -0.325575 1
-0.18742 3.8117429999999999 -0.32153199999999998 1
-0.18106800000000001 3.7966679999999999 -0.32284400000000002 1
-0.18095600000000001 3.7795999999999998 -0.34144000000000002 1
-0.161743 3.7931409999999999 -0.34275800000000001 1
-0.17835699999999999 3.783728 -0.331262 1
-0.19251599999999999 3.7779379999999998 -0.22775899999999999 1
-0.16850299999999999 3.781447 -0.21054100000000001 1
-0.15141499999999999 3.8016480000000001 -0.21548200000000001 1
-0.181336 3.8043170000000002 -0.228606 1
-0.17426800000000001 3.7891560000000002 -0.22056500000000001 1
-0.153638 3.7725390000000001 -0.19137599999999999 1
-0.137434 3.7891759999999999 -0.20041999999999999 1
-0.18617500000000001 3.7668819999999998 -0.204739 1
-0.16229199999999999 3.7767369999999998 -0.20086100000000001 1
-0.096302299999999993 3.8125629999999999 -0.21584999999999999 1
-0.12229 3.8053090000000003 -0.21138599999999999 1
-0.103071 3.8002570000000002 -0.19801299999999999 1
-0.114773 3.8018160000000001 -0.205592 1
-0.135327 3.8285719999999999 -0.217894 1
-0.108345 3.8229189999999997 -0.22107499999999999 1
-0.12826199999999999 3.8133550000000001 -0.21546399999999999 1
-0.14332900000000001 3.804627 -0.337252 1
-0.119159 3.8098039999999997 -0.33135100000000001 1
-0.13844999999999999 3.8016769999999998 -0.35068500000000002 1
-0.140844 3.8020019999999999 -0.34199800000000002 1
-0.15371299999999999 3.8269660000000001 -0.33402399999999999 1
-0.127696 3.8192059999999999 -0.32520199999999999 1
-0.14719099999999999 3.8121 -0.33505600000000002 1
-0.096156699999999998 3.829666 -0.28883500000000001 1
-0.10501000000000001 3.817882 -0.31015700000000002 1
-0.116614 3.8402479999999999 -0.30805100000000002 1
-0.109848 3.825231 -0.30877700000000002 1
-0.093455399999999994 3.8175490000000001 -0.318853 1
-0.086002999999999996 3.8204579999999999 -0.29130400000000001 1
-0.100185 3.8160419999999999 -0.31318499999999999 1
-0.084054000000000004 3.8246380000000002 -0.26886399999999999 1
-0.078091900000000006 3.8225759999999998 -0.24892800000000001 1
-0.071017899999999995 3.824335 -0.27068199999999998 1
-0.078696100000000005 3.8227950000000002 -0.269513 1
-0.095981800000000006 3.8470279999999999 -0.26789800000000003 1
-0.088808100000000001 3.8318919999999999 -0.249223 1
-0.0891348 3.8320030000000003 -0.26842899999999997 1
-0.089947899999999997 3.8215750000000002 -0.23211499999999999 1
-0.10202899999999999 3.8438919999999999 -0.232989 1
-0.095202999999999996 3.8289809999999997 -0.23288300000000001 1
-0.075167499999999998 3.8198790000000002 -0.22852900000000001 1
-0.084017999999999995 3.8193239999999999 -0.23066800000000001 1
-0.231902 3.7542230000000001 -0.26946999999999999 1
-0.226075 3.7599939999999998 -0.24085799999999999 1
-0.20807600000000001 3.7644150000000001 -0.241789 1
-0.216972 3.7599520000000002 -0.25295600000000001 1
-0.26510299999999998 3.7608519999999999 -0.220189 1
-0.223444 3.7604509999999998 -0.21768899999999999 1
-0.26414399999999999 3.7608160000000002 -0.243923 1
-0.24071400000000001 3.7606410000000001 -0.229576 1
-0.20188999999999999 3.765574 -0.22073999999999999 1
-0.21575900000000001 3.757673 -0.200462 1
-0.20591200000000001 3.7619920000000002 -0.20987900000000001 1
-0.20185400000000001 3.770051 -0.23411199999999999 1
-0.234872 3.7427989999999998 -0.306286 1
-0.27785799999999999 3.7274979999999998 -0.319523 1
-0.27899499999999999 3.751255 -0.27923799999999999 1
-0.25622400000000001 3.7447859999999999 -0.293184 1
-0.31798599999999999 3.7080470000000001 -0.33357700000000001 1
-0.25823600000000002 3.6935519999999999 -0.35688300000000001 1
-0.28472599999999998 3.6982159999999999 -0.34391300000000002 1
-0.37536000000000003 3.7381479999999998 -0.30115999999999998 1
-0.358205 3.7125149999999998 -0.32474500000000001 1
-0.40268500000000002 3.7586430000000002 -0.23620099999999999 1
-0.34396500000000002 3.7566169999999999 -0.26972099999999999 1
-0.39075799999999999 3.7537050000000001 -0.27032 1
-0.31116700000000003 3.7636849999999997 -0.23617299999999999 1
-0.30016100000000001 3.7592309999999998 -0.25911299999999998 1
-0.27737600000000001 3.7532510000000001 -0.197126 1
-0.24865100000000001 3.7377729999999998 -0.18065999999999999 1
-0.183529 3.7547139999999999 -0.18893499999999999 1
-0.23327000000000001 3.7509839999999999 -0.19142200000000001 1
-0.35261700000000001 3.756796 -0.208565 1
-0.303456 3.7595879999999999 -0.21377599999999999 1
-0.40900300000000001 3.736167 -0.174314 1
-0.40942899999999999 3.752424 -0.20278099999999999 1
-0.329845 3.7129319999999999 -0.15926799999999999 1
-0.39942 3.7109939999999999 -0.155057 1
-0.17877899999999999 3.7181350000000002 -0.16642999999999999 1
-0.252112 3.7138870000000002 -0.166078 1
-0.106741 3.7820819999999999 -0.17896899999999999 1
-0.060266100000000003 3.7974250000000001 -0.17779700000000001 1
-0.070500599999999997 3.8117529999999999 -0.20580699999999999 1
-0.084545099999999998 3.7980149999999999 -0.188581 1
-0.12835199999999999 3.7536800000000001 -0.16955999999999999 1
-0.140544 3.7663640000000003 -0.18193599999999999 1
-0.077168799999999996 3.7441339999999999 -0.128582 1
-0.122404 3.7299509999999998 -0.15126600000000001 1
-0.035963799999999997 3.7817449999999999 -0.13791999999999999 1
-0.037254200000000001 3.7554859999999999 -0.106376 1
-0.025874399999999999 3.8144559999999998 -0.19275 1
-0.031303900000000003 3.800824 -0.16616 1
-0.043801699999999999 3.818098 -0.37741200000000003 1
-0.064756400000000006 3.8240080000000001 -0.33702100000000002 1
-0.0269807 3.8327629999999999 -0.30695600000000001 1
-0.0352238 3.828719 -0.341387 1
-0.096856800000000007 3.7893759999999999 -0.41177200000000003 1
-0.049410500000000003 3.7976809999999999 -0.413491 1
-0.176513 3.7605149999999998 -0.41065499999999999 1
-0.13414799999999999 3.7946270000000002 -0.38491999999999998 1
-0.140375 3.7765659999999999 -0.41220699999999999 1
-0.105446 3.8123240000000003 -0.35213100000000003 1
-0.16394800000000001 3.7876129999999999 -0.36637199999999998 1
-0.13486200000000001 3.8011080000000002 -0.36470200000000003 1
-0.067372899999999999 3.8250999999999999 -0.29944599999999999 1
-0.082906499999999994 3.8202449999999999 -0.328154 1
-0.020958500000000001 3.8306800000000001 -0.24671699999999999 1
-0.043131599999999999 3.822381 -0.222498 1
-0.022275199999999998 3.824379 -0.21934100000000001 1
-0.042714299999999997 3.830406 -0.27463100000000001 1
-0.022376299999999998 3.8334450000000002 -0.27566099999999999 1
-0.057105499999999997 3.8258640000000002 -0.248034 1
-0.058976099999999997 3.827121 -0.27267999999999998 1
-0.061150599999999999 3.8208890000000002 -0.225684 1
-0.22089300000000001 3.723503 -0.39026499999999997 1
-0.192333 3.7612360000000002 -0.37858399999999998 1
-0.20182 3.7424870000000001 -0.402976 1
-0.22914699999999999 3.7304599999999999 -0.34861900000000001 1
-0.23832800000000001 3.7045859999999999 -0.37361699999999998 1
-0.20250299999999999 3.7590129999999999 -0.34223799999999999 1
-0.21796399999999999 3.7482679999999999 -0.323878 1
-0.185497 3.7728549999999998 -0.35764299999999999 1
-0.20815400000000001 3.8300419999999997 -0.29894799999999999 1
-0.20855000000000001 3.8660890000000001 -0.31715700000000002 1
-0.18263799999999999 3.844163 -0.33275100000000002 1
-0.197796 3.8367309999999999 -0.320106 1
-0.20747299999999999 3.823979 -0.24925900000000001 1
-0.22169 3.8567239999999998 -0.273536 1
-0.21220900000000001 3.824662 -0.27339799999999997 1
-0.225435 3.891324 -0.29361199999999998 1
-0.22171299999999999 3.8857530000000002 -0.25337399999999999 1
-0.22722200000000001 3.8868840000000002 -0.27308300000000002 1
-0.20208799999999999 3.898609 -0.32218999999999998 1
-0.21603600000000001 3.8942730000000001 -0.31127899999999997 1
-0.14488899999999999 3.8589500000000001 -0.32316699999999998 1
-0.14018800000000001 3.8934950000000002 -0.30485400000000001 1
-0.11365400000000001 3.8695969999999997 -0.287244 1
-0.127225 3.865094 -0.30698599999999998 1
-0.17602000000000001 3.8805199999999997 -0.32949899999999999 1
-0.16418099999999999 3.851772 -0.332764 1
-0.170407 3.9155739999999999 -0.31453700000000001 1
-0.18665499999999999 3.9072139999999997 -0.32245099999999999 1
-0.14127799999999999 3.9212509999999998 -0.28396399999999999 1
-0.15401100000000001 3.9191769999999999 -0.300925 1
-0.106278 3.8716200000000001 -0.248059 1
-0.12623500000000001 3.896792 -0.23275699999999999 1
-0.12592100000000001 3.862724 -0.22203700000000001 1
-0.11267199999999999 3.8686579999999999 -0.23244600000000001 1
-0.120264 3.900007 -0.26615699999999998 1
-0.106638 3.8718520000000001 -0.26696300000000001 1
-0.13670599999999999 3.9265319999999999 -0.24913399999999999 1
-0.136018 3.9250249999999998 -0.26600699999999999 1
-0.15282499999999999 3.9146520000000002 -0.22656799999999999 1
-0.141818 3.9218070000000003 -0.235425 1
-0.169297 3.8426529999999999 -0.222278 1
-0.20172499999999999 3.8632270000000002 -0.23457800000000001 1
-0.19145799999999999 3.8313809999999999 -0.23233400000000001 1
-0.158724 3.8823509999999999 -0.22015499999999999 1
-0.146124 3.8535789999999999 -0.218747 1
-0.19173499999999999 3.902282 -0.228209 1
-0.17119899999999999 3.9088659999999997 -0.22425300000000001 1
-0.209229 3.8927309999999999 -0.23816599999999999 1
-0.22836500000000001 2.5538189999999998 0.42097699999999999 1
-0.20510999999999999 2.5381629999999999 0.47550199999999998 1
-0.183641 2.544511 0.53437900000000005 1
-0.21326000000000001 2.5496970000000001 0.47853899999999999 1
-0.17688100000000001 2.5114800000000002 0.46999099999999999 1
-0.17086000000000001 2.525369 0.52178899999999995 1
-0.20666300000000001 2.527495 0.418626 1
-0.19497500000000001 2.525369 0.47242800000000001 1
-0.109552 2.5279430000000001 0.59548500000000004 1
-0.14255899999999999 2.533331 0.57469000000000003 1
-0.13203300000000001 2.5188329999999999 0.55678099999999997 1
-0.140849 2.5265420000000001 0.56331600000000004 1
-0.102981 2.5342769999999999 0.63297400000000004 1
-0.143787 2.537757 0.58791400000000005 1
-0.075589199999999995 2.5346130000000002 0.63901799999999997 1
-0.043999499999999997 2.546071 0.68206299999999997 1
-0.070506100000000002 2.5389170000000001 0.66338900000000001 1
-0.091775800000000005 2.520966 0.59150499999999995 1
-0.054935100000000001 2.5289090000000001 0.62964200000000003 1
-0.081578100000000001 2.5286249999999999 0.61677099999999996 1
-0.023826799999999999 2.5394700000000001 0.66417099999999996 1
-0.032905299999999998 2.5169060000000001 0.60496799999999995 1
-0.027632400000000001 2.5291169999999998 0.63656500000000005 1
-0.0210984 2.5501300000000002 0.69190099999999999 1
-0.031764599999999997 2.5546479999999998 0.13427600000000001 1
-0.065740999999999994 2.5598890000000001 0.119726 1
-0.0323291 2.5593940000000002 0.100743 1
-0.034368000000000003 2.5387040000000001 0.211229 1
-0.063612299999999997 2.5499719999999999 0.18216099999999999 1
-0.032045799999999999 2.5489199999999999 0.17058999999999999 1
-0.124102 2.5492810000000001 0.228684 1
-0.096519800000000003 2.5551659999999998 0.17566200000000001 1
-0.098127800000000001 2.5427210000000002 0.23067699999999999 1
-0.094220100000000001 2.5504989999999998 0.20111799999999999 1
-0.138015 2.5561050000000001 0.19228100000000001 1
-0.10131900000000001 2.557833 0.15038899999999999 1
-0.16353599999999999 2.5523150000000001 0.25595899999999999 1
-0.20566100000000001 2.5590769999999998 0.30331000000000002 1
-0.174785 2.5575860000000001 0.24495 1
-0.13838500000000001 2.537417 0.27146500000000001 1
-0.179537 2.539174 0.31165999999999999 1
-0.15349099999999999 2.5451030000000001 0.26608100000000001 1
-0.21309500000000001 2.5455749999999999 0.36304999999999998 1
-0.178344 2.5188769999999998 0.36405199999999999 1
-0.19938900000000001 2.5327000000000002 0.36377199999999998 1
-0.22467699999999999 2.5573839999999999 0.36227700000000002 1
-0.077415899999999996 2.5054400000000001 0.56247999999999998 1
-0.047288400000000001 2.484699 0.51927400000000001 1
-0.040035599999999998 2.5006710000000001 0.56526799999999999 1
-0.12906000000000001 2.5028250000000001 0.51701900000000001 1
-0.109485 2.5116459999999998 0.55807700000000005 1
-0.15177599999999999 2.4961349999999998 0.41666500000000001 1
-0.10237400000000001 2.4831729999999999 0.46860499999999999 1
-0.14485300000000001 2.4966620000000002 0.46885900000000003 1
-0.055221899999999997 2.4706790000000001 0.41564400000000001 1
-0.052928799999999998 2.4732729999999998 0.46879599999999999 1
-0.101727 2.4909340000000002 0.36254599999999998 1
-0.046641000000000002 2.499568 0.30843100000000001 1
-0.052432800000000002 2.481204 0.361628 1
-0.12953999999999999 2.5170469999999998 0.31286199999999997 1
-0.14474300000000001 2.5042230000000001 0.36349900000000002 1
-0.077895599999999995 2.5250690000000002 0.26187500000000002 1
-0.11195099999999999 2.5307249999999999 0.26825700000000002 1
-0.039926200000000002 2.5204940000000002 0.25773699999999999 1
-0.164631 2.9495510999999999 0.95117600000000002 1
-0.139042 2.9548367 0.96365900000000004 1
-0.13789699999999999 2.9701735 0.96106100000000005 1
-0.16267000000000001 2.9702537000000002 0.94759700000000002 1
-0.150007 2.9618389999999999 0.95703400000000005 1
-0.109851 2.9483206000000002 0.97628300000000001 1
-0.122462 2.9620860000000002 0.96996300000000002 1
-0.133714 2.9357500999999999 0.96541600000000005 1
-0.125245 2.9512219000000002 0.96961900000000001 1
-0.130968 2.9864541 0.95685100000000001 1
-0.109331 2.9695592 0.97429299999999996 1
-0.124172 2.9726105 0.96625899999999998 1
-0.18873000000000001 2.9565252000000002 0.93576400000000004 1
-0.213918 2.9219780000000002 0.92284100000000002 1
-0.17278199999999999 2.9187329000000002 0.94765100000000002 1
-0.18590300000000001 2.935254 0.94048600000000004 1
-0.24743000000000001 2.874806 0.89874500000000002 1
-0.24751699999999999 2.9483427999999998 0.89181500000000002 1
-0.24877199999999999 2.9127532999999999 0.89611799999999997 1
-0.209867 2.8384269999999998 0.92524399999999996 1
-0.24929999999999999 2.832986 0.89865099999999998 1
-0.13300100000000001 2.838876 0.95695600000000003 1
-0.163882 2.8790110000000002 0.94927099999999998 1
-0.17075399999999999 2.8394089999999998 0.94386099999999995 1
-0.119758 2.9088891000000001 0.96806700000000001 1
-0.149065 2.9114024999999999 0.95754499999999998 1
-0.16595299999999999 2.9962659299999999 0.93417899999999998 1
-0.20664099999999999 2.9831375000000002 0.91318299999999997 1
-0.181563 2.9781059000000001 0.93320000000000003 1
-0.116698 3.0146028999999999 0.948102 1
-0.15503700000000001 3.0342159 0.91836499999999999 1
-0.14344699999999999 3.00727528 0.94008499999999995 1
-0.18850800000000001 3.055577 0.88186100000000001 1
-0.12871299999999999 3.0776756999999999 0.90259999999999996 1
-0.159167 3.0664178 0.89409400000000006 1
-0.22559699999999999 3.0165131999999999 0.87835399999999997 1
-0.21654200000000001 3.0481267000000001 0.86324699999999999 1
-0.23785700000000001 2.9830907 0.88688500000000003 1
-0.031412900000000001 3.0626180000000001 0.94454899999999997 1
-0.0591053 3.0273946999999999 0.96148 1
-0.0272441 3.0017463700000002 0.98536800000000002 1
-0.029612400000000001 3.0304080999999998 0.965777 1
-0.065276200000000006 3.0925539 0.91593999999999998 1
-0.032752999999999997 3.0962353 0.919852 1
-0.093944299999999994 3.0532189000000001 0.93428999999999995 1
-0.097339499999999995 3.0863776000000001 0.91003599999999996 1
-0.080296900000000004 2.9946038000000001 0.97496099999999997 1
-0.088359099999999996 3.0217177999999998 0.95541100000000001 1
-0.031391799999999997 2.8781129999999999 0.98399199999999998 1
-0.064099699999999996 2.8413680000000001 0.97403600000000001 1
-0.031749699999999999 2.8429150000000001 0.97819599999999995 1
-0.027378400000000001 2.9239182000000001 0.99372099999999997 1
-0.059769999999999997 2.9057656000000001 0.98419000000000001 1
-0.029842500000000001 2.9063024 0.98879300000000003 1
-0.095652299999999996 2.876293 0.97208499999999998 1
-0.081001900000000002 2.9266203000000002 0.98285500000000003 1
-0.089867100000000005 2.9068189000000002 0.97711400000000004 1
-0.097650100000000004 2.8397749999999999 0.96698499999999998 1
-0.086452899999999999 2.9359834 0.98579000000000006 1
-0.078926899999999994 2.93716 0.99495900000000004 1
-0.095599900000000002 2.9523027000000002 0.98596899999999998 1
-0.094095100000000001 2.9434588000000002 0.98502000000000001 1
-0.052527600000000001 2.9224625999999998 1.0148299999999999 1
-0.066634700000000005 2.9355921 1.00864 1
-0.059898899999999998 2.9246609000000001 1.0040100000000001 1
-0.065294599999999994 2.9299477 1.0052300000000001 1
-0.059841100000000001 2.9463802000000001 1.0176799999999999 1
-0.078842499999999996 2.9511729 1.00064 1
-0.052500900000000003 2.9337871 1.0230999999999999 1
-0.065260799999999994 2.9417450999999999 1.01251 1
-0.086106799999999997 2.9693567000000001 0.98915299999999995 1
-0.093876899999999999 2.9614288000000002 0.98682800000000004 1
-0.0582598 2.9596024000000001 1.0119 1
-0.047618399999999998 2.9776028999999999 1.0005999999999999 1
-0.069470599999999993 2.9746060000000001 0.994502 1
-0.042656699999999999 2.9372411999999999 1.03251 1
-0.034484599999999997 2.9465697999999998 1.0323199999999999 1
-0.049043900000000001 2.9474713000000001 1.02501 1
-0.020904699999999998 2.9603229999999998 1.0231699999999999 1
-0.0152462 2.9323199 1.0460199999999999 1
-0.0177789 2.9452273999999998 1.03745 1
-0.024200599999999999 2.9787735999999998 1.00515 1
-0.0209476 2.9220263000000002 1.0071600000000001 1
-0.047785599999999998 2.9281747 0.99557099999999998 1
-0.024275700000000001 2.9273962999999998 0.99989499999999998 1
-0.015266699999999999 2.9059005999999998 1.0243800000000001 1
-0.034535099999999999 2.9154716999999999 1.0112099999999999 1
-0.017806900000000001 2.9130978999999999 1.0153799999999999 1
-0.058387099999999997 2.9264239999999999 0.99823300000000004 1
-0.042701200000000002 2.9145241999999998 1.01505 1
-0.049105700000000002 2.9195807 1.00671 1
-0.069763900000000004 2.9309628999999999 0.99008799999999997 1
-0.039490900000000002 2.9203746000000002 1.0290600000000001 1
-0.027144399999999999 2.9236691000000001 1.04139 1
-0.039931800000000003 2.9279411 1.0330900000000001 1
-0.027163699999999999 2.9094736999999999 1.0291399999999999 1
-0.0399551 2.9153456000000002 1.02277 1
-0.0132272 2.9110684 1.04223 1
-0.01374 2.9057241 1.0340199999999999 1
-0.013729099999999999 2.9204336 1.0469200000000001 1
0.30308559536933899 3.7532474994659424 -0.2757091224193573 1
0.049685604870319366 2.9249472618103027 1.0005841255187988 1
-0.16934025287628174 3.7850704193115234 -0.35846751928329468 1
-0.16013599932193756 2.5344350337982178 0.55128049850463867 1
-0.17323689162731171 2.543360710144043 0.55759376287460327 1
0.14665250480175018 2.5532150268554688 0.23347550630569458 1
-0.39061626791954041 3.7307717800140381 -0.17081913352012634 1
-0.19437550008296967 2.5413351058959961 0.50494050979614258 1
0.11730004101991653 2.5275933742523193 0.58752107620239258 1
0.16934025287628174 3.7850704193115234 -0.35846751928329468 1
0.026375934481620789 2.4741015434265137 0.38719236850738525 1
0.15813979506492615 3.4601826667785645 0.017300814390182495 1
0.16371400654315948 2.5411350727081299 0.56114649772644043 1
-0.026375934481620789 2.4741015434265137 0.38719236850738525 1
-0.049685604870319366 2.9249472618103027 1.0005841255187988 1
0.14589114487171173 3.1553366184234619 -0.24128682911396027 1
-0.11730004101991653 2.5275933742523193 0.58752107620239258 1
-0.021709546446800232 2.490159273147583 0.32994833588600159 1
-0.14974944293498993 3.939504861831665 -0.2570035457611084 1
0.077912241220474243 2.9330778121948242 0.99108487367630005 1
0.39061626791954041 3.7307717800140381 -0.17081913352012634 1
0.012654545716941357 3.0945286750793457 -0.25866568088531494 1
0.11886898428201675 2.5294613838195801 0.5896151065826416 1
-0.205063596367836 2.5511517524719238 0.50747543573379517 1
-0.16851156949996948 2.541947603225708 0.5547020435333252 1
-0.16579793393611908 2.5396542549133301 0.55188721418380737 1
0.19437550008296967 2.5413351058959961 0.50494050979614258 1
-0.20380152761936188 2.2757575511932373 0.063678517937660217 1
0.29376187920570374 2.5750877857208252 0.60715270042419434 1
0.027521086856722832 2.4699475765228271 0.44241032004356384 1
0.28050830960273743 3.6199758052825928 -0.32919421792030334 1
-0.012654545716941357 3.0945286750793457 -0.25866568088531494 1
0.16013985872268677 2.5381145477294922 0.55743908882141113 1
-0.14665250480175018 2.5532150268554688 0.23347550630569458 1
0.0095236217603087425 3.8341445922851562 -0.28689122200012207 1
-0.0095236217603087425 3.8341445922851562 -0.28689122200012207 1
0.081182949244976044 3.8236749172210693 -0.25935849547386169 1
0.15484392642974854 2.5299568176269531 0.54985976219177246 1
-0.29376187920570374 2.5750877857208252 0.60715270042419434 1
-0.30308559536933899 3.7532474994659424 -0.2757091224193573 1
0.16993772983551025 2.5429964065551758 0.56495517492294312 1
0.075310468673706055 3.8232719898223877 -0.25748148560523987 1
-0.1530679315328598 2.5260636806488037 0.54640835523605347 1
-0.13474361598491669 2.5477664470672607 0.2422252744436264 1
-0.14589114487171173 3.1553366184234619 -0.24128682911396027 1
0.15239262580871582 2.5260899066925049 0.54734277725219727 1
-0.19834966957569122 2.5470874309539795 0.50664907693862915 1
0.024222811684012413 2.4777443408966064 0.49648627638816833 1
-0.081182949244976044 3.8236749172210693 -0.25935849547386169 1
0.01948871836066246 2.4929008483886719 0.54689472913742065 1
-0.15813979506492615 3.4601826667785645 0.017300814390182495 1
-0.075310468673706055 3.8232719898223877 -0.25748148560523987 1
-0.067547425627708435 3.8244948387145996 -0.25378921627998352 1
0.13474361598491669 2.5477664470672607 0.2422252744436264 1
-0.15566261112689972 2.5301566123962402 0.54907262325286865 1
0.205063596367836 2.5511517524719238 0.50747543573379517 1
0.19834966957569122 2.5470874309539795 0.50664907693862915 1
-0.027521086856722832 2.4699475765228271 0.44241032004356384 1
0.15761393308639526 2.5342764854431152 0.55463945865631104 1
0.14713644981384277 2.5217201709747314 0.54526495933532715 1
0.20380152761936188 2.2757575511932373 0.063678517937660217 1
0.14072379469871521 2.5172548294067383 0.54302686452865601 1
-0.01948871836066246 2.4929008483886719 0.54689472913742065 1
-0.14750427007675171 2.5214383602142334 0.54420900344848633 1
0.20736917853355408 3.259570837020874 0.2699560821056366 1
-0.077912241220474243 2.9330778121948242 0.99108487367630005 1
-0.14133693277835846 2.517143726348877 0.54205650091171265 1
0.13829247653484344 2.5503740310668945 0.23849901556968689 1
-0.28050830960273743 3.6199758052825928 -0.32919421792030334 1
0.067547425627708435 3.8244948387145996 -0.25378921627998352 1
0.070228695869445801 3.8239128589630127 -0.25434550642967224 1
0.14974944293498993 3.939504861831665 -0.2570035457611084 1
-0.070228695869445801 3.8239128589630127 -0.25434550642967224 1
-0.20736917853355408 3.259570837020874 0.2699560821056366 1
-0.13829247653484344 2.5503740310668945 0.23849901556968689 1
Triangles
5856
739 735 736 1
189 736 735 1
192 738 737 1
739 737 738 1
190 741 740 1
743 740 741 1
736 189 743 1
742 743 189 1
745 747 191 1
744 191 747 1
746 747 190 1
741 190 747 1
748 192 750 1
737 750 192 1
191 749 745 1
750 745 749 1
752 754 194 1
751 194 754 1
753 189 754 1
735 754 189 1
195 756 755 1
758 755 756 1
194 757 752 1
758 752 757 1
759 196 762 1
760 762 196 1
761 762 195 1
756 195 762 1
764 742 753 1
189 753 742 1
196 763 760 1
764 760 763 1
769 765 766 1
198 766 765 1
768 769 201 1
767 201 769 1
771 773 199 1
770 199 773 1
772 773 198 1
766 198 773 1
200 775 774 1
777 774 775 1
199 776 771 1
777 771 776 1
201 767 778 1
780 778 767 1
779 780 200 1
775 200 780 1
782 785 203 1
781 203 785 1
784 785 205 1
783 205 785 1
200 786 779 1
788 779 786 1
203 787 782 1
788 782 787 1
790 791 204 1
789 204 791 1
774 791 200 1
786 200 791 1
205 783 792 1
794 792 783 1
204 793 790 1
794 790 793 1
796 799 207 1
795 207 799 1
210 798 797 1
799 797 798 1
208 801 800 1
803 800 801 1
207 802 796 1
803 796 802 1
209 805 804 1
807 804 805 1
806 807 208 1
801 208 807 1
797 810 210 1
808 210 810 1
809 810 209 1
805 209 810 1
201 811 768 1
814 768 811 1
214 813 812 1
814 812 813 1
816 817 212 1
815 212 817 1
778 817 201 1
811 201 817 1
213 819 818 1
821 818 819 1
212 820 816 1
821 816 820 1
812 824 214 1
822 214 824 1
823 824 213 1
819 213 824 1
825 828 192 1
738 192 828 1
827 828 217 1
826 217 828 1
213 829 823 1
830 823 829 1
830 825 748 1
192 748 825 1
832 833 216 1
831 216 833 1
818 833 213 1
829 213 833 1
217 826 834 1
836 834 826 1
216 835 832 1
836 832 835 1
219 838 837 1
841 837 838 1
839 221 841 1
840 841 221 1
842 844 216 1
835 216 844 1
843 844 219 1
838 219 844 1
847 845 846 1
220 846 845 1
216 831 842 1
847 842 831 1
850 848 839 1
221 839 848 1
846 220 850 1
849 850 220 1
223 852 851 1
854 851 852 1
203 781 853 1
854 853 781 1
220 855 849 1
857 849 855 1
852 223 857 1
856 857 223 1
820 212 859 1
858 859 212 1
845 859 220 1
855 220 859 1
787 203 860 1
853 860 203 1
212 815 858 1
860 858 815 1
225 862 861 1
864 861 862 1
207 795 863 1
864 863 795 1
866 868 226 1
865 226 868 1
867 868 225 1
862 225 868 1
227 870 869 1
872 869 870 1
226 871 866 1
872 866 871 1
863 874 207 1
802 207 874 1
873 874 227 1
870 227 874 1
876 879 229 1
875 229 879 1
877 231 879 1
878 879 231 1
227 880 873 1
882 873 880 1
229 881 876 1
882 876 881 1
884 885 230 1
883 230 885 1
869 885 227 1
880 227 885 1
888 886 877 1
231 877 886 1
230 887 884 1
888 884 887 1
892 889 890 1
233 890 889 1
892 891 837 1
219 837 891 1
893 895 230 1
887 230 895 1
894 895 233 1
890 233 895 1
234 897 896 1
898 896 897 1
230 883 893 1
898 893 883 1
900 843 891 1
219 891 843 1
899 900 234 1
897 234 900 1
217 901 827 1
903 827 901 1
194 751 902 1
903 902 751 1
234 904 899 1
905 899 904 1
834 905 217 1
901 217 905 1
906 907 226 1
871 226 907 1
896 907 234 1
904 234 907 1
908 757 902 1
194 902 757 1
226 865 906 1
908 906 865 1
910 913 237 1
909 237 913 1
912 913 240 1
911 240 913 1
238 915 914 1
917 914 915 1
917 910 916 1
237 916 910 1
918 239 921 1
919 921 239 1
920 921 238 1
915 238 921 1
240 911 922 1
924 922 911 1
239 923 919 1
924 919 923 1
926 929 242 1
925 242 929 1
929 927 928 1
244 928 927 1
239 930 923 1
932 923 930 1
242 931 926 1
932 926 931 1
934 935 243 1
933 243 935 1
918 935 239 1
930 239 935 1
938 936 927 1
244 927 936 1
243 937 934 1
938 934 937 1
246 940 939 1
943 939 940 1
249 942 941 1
943 941 942 1
945 947 247 1
944 247 947 1
946 947 246 1
940 246 947 1
951 948 949 1
248 949 948 1
247 950 945 1
951 945 950 1
952 249 954 1
941 954 249 1
953 954 248 1
949 248 954 1
955 958 244 1
928 244 958 1
957 958 252 1
956 252 958 1
251 960 959 1
961 959 960 1
244 936 955 1
961 955 936 1
962 964 247 1
950 247 964 1
963 964 251 1
960 251 964 1
252 956 965 1
966 965 956 1
247 944 962 1
966 962 944 1
221 967 840 1
970 840 967 1
255 969 968 1
970 968 969 1
972 973 254 1
971 254 973 1
848 973 221 1
967 221 973 1
976 931 974 1
242 974 931 1
254 975 972 1
976 972 975 1
968 978 255 1
977 255 978 1
974 242 978 1
925 978 242 1
980 982 257 1
979 257 982 1
886 982 231 1
981 231 982 1
985 946 983 1
246 983 946 1
257 984 980 1
985 980 984 1
258 987 986 1
988 986 987 1
246 939 983 1
988 983 939 1
231 981 878 1
990 878 981 1
990 987 989 1
258 989 987 1
991 260 994 1
992 994 260 1
792 994 205 1
993 205 994 1
916 237 997 1
995 997 237 1
260 996 992 1
997 992 996 1
999 1000 261 1
998 261 1000 1
237 909 995 1
1000 995 909 1
205 993 784 1
1002 784 993 1
1002 999 1001 1
261 1001 999 1
1003 1005 257 1
984 257 1005 1
965 1005 252 1
1004 252 1005 1
233 1006 894 1
1007 894 1006 1
257 979 1003 1
1007 1003 979 1
1008 1009 255 1
969 255 1009 1
889 1009 233 1
1006 233 1009 1
252 1004 957 1
1010 957 1004 1
255 977 1008 1
1010 1008 977 1
223 1011 856 1
1013 856 1011 1
254 971 1012 1
1013 1012 971 1
1014 1015 261 1
1001 261 1015 1
851 1015 223 1
1011 223 1015 1
240 1016 912 1
1017 912 1016 1
261 998 1014 1
1017 1014 998 1
1012 1018 254 1
975 254 1018 1
922 1018 240 1
1016 240 1018 1
1019 265 1022 1
1020 1022 265 1
1022 1021 991 1
260 991 1021 1
1023 266 1026 1
1024 1026 266 1
1025 1026 265 1
1020 265 1026 1
1030 1027 1028 1
267 1028 1027 1
266 1029 1024 1
1030 1024 1029 1
1021 1032 260 1
996 260 1032 1
1028 267 1032 1
1031 1032 267 1
269 1034 1033 1
1036 1033 1034 1
1036 1035 1023 1
266 1023 1035 1
1038 1040 270 1
1037 270 1040 1
1039 1040 269 1
1034 269 1040 1
1044 1041 1042 1
271 1042 1041 1
270 1043 1038 1
1044 1038 1043 1
1035 1046 266 1
1029 266 1046 1
1042 271 1046 1
1045 1046 271 1
1048 1050 273 1
1047 273 1050 1
1033 1050 269 1
1049 269 1050 1
274 1052 1051 1
1054 1051 1052 1
273 1053 1048 1
1054 1048 1053 1
1056 1058 275 1
1055 275 1058 1
1057 1058 274 1
1052 274 1058 1
269 1049 1039 1
1060 1039 1049 1
275 1059 1056 1
1060 1056 1059 1
1061 1064 275 1
1059 275 1064 1
1063 1064 279 1
1062 279 1064 1
277 1066 1065 1
1067 1065 1066 1
275 1055 1061 1
1067 1061 1055 1
278 1069 1068 1
1071 1068 1069 1
1070 1071 277 1
1066 277 1071 1
279 1062 1072 1
1074 1072 1062 1
1073 1074 278 1
1069 278 1074 1
1076 1079 281 1
1075 281 1079 1
1077 284 1079 1
1078 1079 284 1
1081 1083 282 1
1080 282 1083 1
281 1082 1076 1
1083 1076 1082 1
283 1085 1084 1
1087 1084 1085 1
282 1086 1081 1
1087 1081 1086 1
284 1077 1088 1
1090 1088 1077 1
1090 1085 1089 1
283 1089 1085 1
1092 1095 286 1
1091 286 1095 1
1095 1093 1094 1
289 1094 1093 1
1097 1099 287 1
1096 287 1099 1
286 1098 1092 1
1099 1092 1098 1
288 1101 1100 1
1103 1100 1101 1
287 1102 1097 1
1103 1097 1102 1
289 1093 1104 1
1106 1104 1093 1
1101 288 1106 1
1105 1106 288 1
225 1107 867 1
1110 867 1107 1
292 1109 1108 1
1110 1108 1109 1
1112 1113 291 1
1111 291 1113 1
861 1113 225 1
1107 225 1113 1
289 1114 1094 1
1116 1094 1114 1
291 1115 1112 1
1116 1112 1115 1
1108 1118 292 1
1117 292 1118 1
289 1104 1114 1
1118 1114 1104 1
1120 1123 294 1
1119 294 1123 1
1122 1123 296 1
1121 296 1123 1
1127 1124 1125 1
295 1125 1124 1
294 1126 1120 1
1127 1120 1126 1
1128 1130 287 1
1102 287 1130 1
295 1129 1125 1
1130 1125 1129 1
296 1121 1131 1
1132 1131 1121 1
287 1096 1128 1
1132 1128 1096 1
1133 1135 292 1
1109 292 1135 1
755 1135 195 1
1134 195 1135 1
288 1136 1105 1
1137 1105 1136 1
292 1117 1133 1
1137 1133 1117 1
295 1138 1129 1
1139 1129 1138 1
1136 288 1139 1
1100 1139 288 1
195 1134 761 1
1140 761 1134 1
295 1124 1138 1
1140 1138 1124 1
1143 1122 1141 1
296 1141 1122 1
1143 1142 808 1
210 808 1142 1
1144 1145 286 1
1098 286 1145 1
1141 296 1145 1
1131 1145 296 1
291 1146 1115 1
1147 1115 1146 1
286 1091 1144 1
1147 1144 1091 1
1142 1148 210 1
798 210 1148 1
1146 291 1148 1
1111 1148 291 1
300 1150 1149 1
1152 1149 1150 1
214 822 1151 1
1152 1151 822 1
1153 1155 281 1
1082 281 1155 1
1150 300 1155 1
1154 1155 300 1
301 1157 1156 1
1158 1156 1157 1
281 1075 1153 1
1158 1153 1075 1
1151 1160 214 1
813 214 1160 1
1157 301 1160 1
1159 1160 301 1
198 1161 772 1
1164 772 1161 1
1164 1162 1163 1
303 1163 1162 1
1165 1166 301 1
1159 301 1166 1
765 1166 198 1
1161 198 1166 1
284 1167 1078 1
1168 1078 1167 1
301 1156 1165 1
1168 1165 1156 1
1162 1170 303 1
1169 303 1170 1
1167 284 1170 1
1088 1170 284 1
305 1172 1171 1
1174 1171 1172 1
191 744 1173 1
1174 1173 744 1
1175 1177 282 1
1086 282 1177 1
1176 1177 305 1
1172 305 1177 1
300 1178 1154 1
1179 1154 1178 1
282 1080 1175 1
1179 1175 1080 1
1173 1180 191 1
749 191 1180 1
1149 1180 300 1
1178 300 1180 1
1181 1184 303 1
1163 303 1184 1
1183 1184 307 1
1182 307 1184 1
283 1185 1089 1
1186 1089 1185 1
303 1169 1181 1
1186 1181 1169 1
305 1187 1176 1
1188 1176 1187 1
283 1084 1185 1
1188 1185 1084 1
307 1182 1189 1
1190 1189 1182 1
1171 1190 305 1
1187 305 1190 1
1192 1194 309 1
1191 309 1194 1
1072 1194 279 1
1193 279 1194 1
1195 310 1198 1
1196 1198 310 1
1192 309 1198 1
1197 1198 309 1
1202 1199 1200 1
311 1200 1199 1
310 1201 1196 1
1202 1196 1201 1
1203 1205 270 1
1043 270 1205 1
1200 311 1205 1
1204 1205 311 1
279 1193 1063 1
1206 1063 1193 1
270 1037 1203 1
1206 1203 1037 1
1208 1211 313 1
1207 313 1211 1
1210 1211 316 1
1209 316 1211 1
314 1213 1212 1
1215 1212 1213 1
313 1214 1208 1
1215 1208 1214 1
315 1217 1216 1
1219 1216 1217 1
1219 1213 1218 1
314 1218 1213 1
1209 1222 316 1
1220 316 1222 1
1221 1222 315 1
1217 315 1222 1
1223 1225 310 1
1201 310 1225 1
1212 1225 314 1
1224 314 1225 1
318 1227 1226 1
1228 1226 1227 1
1228 1223 1195 1
310 1195 1223 1
1230 1232 319 1
1229 319 1232 1
1231 1232 318 1
1227 318 1232 1
314 1224 1218 1
1234 1218 1224 1
319 1233 1230 1
1234 1230 1233 1
1236 1238 321 1
1235 321 1238 1
1237 319 1238 1
1229 1238 319 1
322 1240 1239 1
1242 1239 1240 1
321 1241 1236 1
1242 1236 1241 1
315 1243 1221 1
1245 1221 1243 1
1240 322 1245 1
1244 1245 322 1
319 1237 1233 1
1246 1233 1237 1
1246 1243 1216 1
315 1216 1243 1
324 1248 1247 1
1251 1247 1248 1
326 1250 1249 1
1251 1249 1250 1
1253 1255 325 1
1252 325 1255 1
1254 1255 324 1
1248 324 1255 1
238 1256 920 1
1258 920 1256 1
325 1257 1253 1
1258 1253 1257 1
1249 1260 326 1
1259 326 1260 1
914 1260 238 1
1256 238 1260 1
1265 1261 1262 1
328 1262 1261 1
330 1264 1263 1
1265 1263 1264 1
1267 1269 329 1
1266 329 1269 1
1262 328 1269 1
1268 1269 328 1
251 1270 963 1
1272 963 1270 1
1272 1267 1271 1
329 1271 1267 1
1263 1274 330 1
1273 330 1274 1
959 1274 251 1
1270 251 1274 1
1278 1275 1276 1
332 1276 1275 1
329 1266 1277 1
1278 1277 1266 1
1280 1282 333 1
1279 333 1282 1
1276 332 1282 1
1281 1282 332 1
1285 953 1283 1
248 1283 953 1
333 1284 1280 1
1285 1280 1284 1
1271 329 1286 1
1277 1286 329 1
948 1286 248 1
1283 248 1286 1
335 1288 1287 1
1291 1287 1288 1
337 1290 1289 1
1291 1289 1290 1
1293 1295 336 1
1292 336 1295 1
1288 335 1295 1
1294 1295 335 1
1298 1183 1296 1
307 1296 1183 1
1298 1293 1297 1
336 1297 1293 1
1289 1300 337 1
1299 337 1300 1
1296 307 1300 1
1189 1300 307 1
1302 1305 339 1
1301 339 1305 1
1304 1305 341 1
1303 341 1305 1
340 1307 1306 1
1309 1306 1307 1
1309 1302 1308 1
339 1308 1302 1
1310 1312 294 1
1126 294 1312 1
1307 340 1312 1
1311 1312 340 1
341 1303 1313 1
1314 1313 1303 1
294 1119 1310 1
1314 1310 1119 1
1318 1315 1316 1
343 1316 1315 1
325 1252 1317 1
1318 1317 1252 1
1319 1321 330 1
1264 330 1321 1
1316 343 1321 1
1320 1321 343 1
243 1322 937 1
1323 937 1322 1
1323 1319 1273 1
330 1273 1319 1
1317 1324 325 1
1257 325 1324 1
933 1324 243 1
1322 243 1324 1
345 1326 1325 1
1329 1325 1326 1
346 1328 1327 1
1329 1327 1328 1
1330 1332 326 1
1250 326 1332 1
1331 1332 345 1
1326 345 1332 1
267 1333 1031 1
1334 1031 1333 1
326 1259 1330 1
1334 1330 1259 1
1335 346 1336 1
1327 1336 346 1
1027 1336 267 1
1333 267 1336 1
1341 1337 1338 1
348 1338 1337 1
349 1340 1339 1
1341 1339 1340 1
1342 1344 346 1
1328 346 1344 1
1338 348 1344 1
1343 1344 348 1
271 1345 1045 1
1346 1045 1345 1
1346 1342 1335 1
346 1335 1342 1
349 1339 1347 1
1348 1347 1339 1
1041 1348 271 1
1345 271 1348 1
1353 1349 1350 1
351 1350 1349 1
354 1352 1351 1
1353 1351 1352 1
1355 1357 352 1
1354 352 1357 1
1350 351 1357 1
1356 1357 351 1
353 1359 1358 1
1361 1358 1359 1
352 1360 1355 1
1361 1355 1360 1
1351 1364 354 1
1362 354 1364 1
1363 1364 353 1
1359 353 1364 1
1365 356 1369 1
1366 1369 356 1
1369 1367 1368 1
357 1368 1367 1
1370 1372 354 1
1352 354 1372 1
356 1371 1366 1
1372 1366 1371 1
1374 1073 1373 1
278 1373 1073 1
354 1362 1370 1
1374 1370 1362 1
1367 1376 357 1
1375 357 1376 1
278 1068 1373 1
1376 1373 1068 1
1381 1377 1378 1
359 1378 1377 1
360 1380 1379 1
1381 1379 1380 1
1384 1304 1382 1
341 1382 1304 1
1378 359 1384 1
1383 1384 359 1
209 1385 809 1
1386 809 1385 1
1382 341 1386 1
1313 1386 341 1
1379 1388 360 1
1387 360 1388 1
804 1388 209 1
1385 209 1388 1
1390 1392 362 1
1389 362 1392 1
1391 336 1392 1
1292 1392 336 1
363 1394 1393 1
1396 1393 1394 1
1396 1390 1395 1
362 1395 1390 1
1397 1399 199 1
776 199 1399 1
1398 1399 363 1
1394 363 1399 1
1400 1297 1391 1
336 1391 1297 1
199 770 1397 1
1400 1397 770 1
1402 1404 365 1
1401 365 1404 1
1403 363 1404 1
1393 1404 363 1
366 1406 1405 1
1408 1405 1406 1
1408 1402 1407 1
365 1407 1402 1
1409 1411 204 1
793 204 1411 1
1410 1411 366 1
1406 366 1411 1
363 1403 1398 1
1412 1398 1403 1
204 789 1409 1
1412 1409 789 1
1414 1416 368 1
1413 368 1416 1
1405 1416 366 1
1415 366 1416 1
1418 1420 369 1
1417 369 1420 1
1419 1420 368 1
1414 368 1420 1
265 1421 1025 1
1423 1025 1421 1
1423 1418 1422 1
369 1422 1418 1
366 1415 1410 1
1424 1410 1415 1
1424 1421 1019 1
265 1019 1421 1
371 1426 1425 1
1428 1425 1426 1
369 1417 1427 1
1428 1427 1417 1
372 1430 1429 1
1432 1429 1430 1
1431 1432 371 1
1426 371 1432 1
1433 1435 273 1
1053 273 1435 1
1434 1435 372 1
1430 372 1435 1
1427 1436 369 1
1422 369 1436 1
273 1047 1433 1
1436 1433 1047 1
1438 1440 374 1
1437 374 1440 1
1429 1440 372 1
1439 372 1440 1
375 1442 1441 1
1444 1441 1442 1
1444 1438 1443 1
374 1443 1438 1
1445 1447 274 1
1057 274 1447 1
1446 1447 375 1
1442 375 1447 1
372 1439 1434 1
1448 1434 1439 1
274 1051 1445 1
1448 1445 1051 1
1452 1449 1450 1
377 1450 1449 1
1451 375 1452 1
1441 1452 375 1
1453 1455 357 1
1368 357 1455 1
1450 377 1455 1
1454 1455 377 1
277 1456 1070 1
1457 1070 1456 1
357 1375 1453 1
1457 1453 1375 1
1446 375 1458 1
1451 1458 375 1
1065 1458 277 1
1456 277 1458 1
1462 1340 1459 1
349 1459 1340 1
1461 1462 380 1
1460 380 1462 1
1464 1204 1463 1
311 1463 1204 1
1459 349 1464 1
1347 1464 349 1
1465 1466 313 1
1214 313 1466 1
1199 1466 311 1
1463 311 1466 1
379 1468 1467 1
1469 1467 1468 1
313 1207 1465 1
1469 1465 1207 1
380 1460 1470 1
1472 1470 1460 1
1472 1468 1471 1
379 1471 1468 1
1363 353 1475 1
1473 1475 353 1
1191 1475 309 1
1474 309 1475 1
1477 1478 382 1
1476 382 1478 1
1358 1478 353 1
1473 353 1478 1
309 1474 1197 1
1480 1197 1474 1
382 1479 1477 1
1480 1477 1479 1
384 1482 1481 1
1485 1481 1482 1
387 1484 1483 1
1485 1483 1484 1
1487 1489 385 1
1486 385 1489 1
1488 1489 384 1
1482 384 1489 1
386 1491 1490 1
1493 1490 1491 1
385 1492 1487 1
1493 1487 1492 1
1483 1496 387 1
1494 387 1496 1
1491 386 1496 1
1495 1496 386 1
1501 1497 1498 1
389 1498 1497 1
392 1500 1499 1
1501 1499 1500 1
1503 1505 390 1
1502 390 1505 1
1498 389 1505 1
1504 1505 389 1
1507 1509 391 1
1506 391 1509 1
1509 1503 1508 1
390 1508 1503 1
1499 1512 392 1
1510 392 1512 1
391 1511 1507 1
1512 1507 1511 1
1513 394 1517 1
1514 1517 394 1
1516 1517 397 1
1515 397 1517 1
1521 1518 1519 1
395 1519 1518 1
1514 394 1521 1
1520 1521 394 1
1523 1525 396 1
1522 396 1525 1
1519 395 1525 1
1524 1525 395 1
397 1515 1526 1
1528 1526 1515 1
1528 1523 1527 1
396 1527 1523 1
399 1530 1529 1
1532 1529 1530 1
1502 1532 390 1
1531 390 1532 1
1534 1536 400 1
1533 400 1536 1
399 1535 1530 1
1536 1530 1535 1
1540 1537 1538 1
401 1538 1537 1
400 1539 1534 1
1540 1534 1539 1
1531 1542 390 1
1508 390 1542 1
1538 401 1542 1
1541 1542 401 1
403 1544 1543 1
1546 1543 1544 1
1546 1545 1533 1
400 1533 1545 1
395 1547 1524 1
1549 1524 1547 1
1549 1544 1548 1
403 1548 1544 1
1551 1552 404 1
1550 404 1552 1
1518 1552 395 1
1547 395 1552 1
1545 1554 400 1
1539 400 1554 1
1554 1551 1553 1
404 1553 1551 1
1555 1558 392 1
1500 392 1558 1
407 1557 1556 1
1558 1556 1557 1
397 1559 1516 1
1560 1516 1559 1
392 1510 1555 1
1560 1555 1510 1
406 1562 1561 1
1563 1561 1562 1
1526 1563 397 1
1559 397 1563 1
1556 1566 407 1
1564 407 1566 1
1565 1566 406 1
1562 406 1566 1
1567 1570 407 1
1557 407 1570 1
1568 410 1570 1
1569 1570 410 1
409 1572 1571 1
1573 1571 1572 1
407 1564 1567 1
1573 1567 1564 1
1574 1576 321 1
1241 321 1576 1
1575 1576 409 1
1572 409 1576 1
318 1577 1231 1
1578 1231 1577 1
321 1235 1574 1
1578 1574 1235 1
1568 1580 410 1
1579 410 1580 1
1226 1580 318 1
1577 318 1580 1
1581 412 1584 1
1582 1584 412 1
1561 1584 406 1
1583 406 1584 1
1587 1210 1585 1
316 1585 1210 1
1587 1582 1586 1
412 1586 1582 1
322 1588 1244 1
1589 1244 1588 1
1589 1585 1220 1
316 1220 1585 1
1591 1575 1590 1
409 1590 1575 1
322 1239 1588 1
1591 1588 1239 1
406 1583 1565 1
1592 1565 1583 1
409 1571 1590 1
1592 1590 1571 1
414 1594 1593 1
1596 1593 1594 1
396 1522 1595 1
1596 1595 1522 1
415 1598 1597 1
1600 1597 1598 1
1600 1594 1599 1
414 1599 1594 1
1601 1603 379 1
1471 379 1603 1
1602 1603 415 1
1598 415 1603 1
1605 1586 1604 1
412 1604 1586 1
379 1467 1601 1
1605 1601 1467 1
1527 396 1606 1
1595 1606 396 1
1604 412 1606 1
1581 1606 412 1
1608 1611 417 1
1607 417 1611 1
1609 419 1611 1
1610 1611 419 1
1612 1614 399 1
1535 399 1614 1
1614 1608 1613 1
417 1613 1608 1
418 1616 1615 1
1617 1615 1616 1
1612 399 1617 1
1529 1617 399 1
1618 1620 352 1
1360 352 1620 1
1619 1620 418 1
1616 418 1620 1
419 1609 1621 1
1622 1621 1609 1
352 1354 1618 1
1622 1618 1354 1
414 1623 1599 1
1626 1599 1623 1
1625 1626 421 1
1624 421 1626 1
1548 403 1628 1
1627 1628 403 1
1593 1628 414 1
1623 414 1628 1
1629 1630 417 1
1613 417 1630 1
1627 403 1630 1
1543 1630 403 1
1632 1631 1624 1
421 1624 1631 1
417 1607 1629 1
1632 1629 1607 1
418 1633 1619 1
1635 1619 1633 1
382 1476 1634 1
1635 1634 1476 1
389 1636 1504 1
1637 1504 1636 1
1615 1637 418 1
1633 418 1637 1
1638 1639 410 1
1569 410 1639 1
1497 1639 389 1
1636 389 1639 1
1634 1640 382 1
1479 382 1640 1
1579 1640 410 1
1638 410 1640 1
1644 1641 1642 1
424 1642 1641 1
391 1506 1643 1
1644 1643 1506 1
384 1645 1488 1
1647 1488 1645 1
424 1646 1642 1
1647 1642 1646 1
425 1649 1648 1
1650 1648 1649 1
384 1481 1645 1
1650 1645 1481 1
1643 1652 391 1
1511 391 1652 1
1651 1652 425 1
1649 425 1652 1
1653 427 1656 1
1654 1656 427 1
1537 1656 401 1
1655 401 1656 1
385 1657 1492 1
1659 1492 1657 1
427 1658 1654 1
1659 1654 1658 1
424 1660 1646 1
1661 1646 1660 1
385 1486 1657 1
1661 1657 1486 1
401 1655 1541 1
1662 1541 1655 1
1641 1662 424 1
1660 424 1662 1
1666 1663 1664 1
429 1664 1663 1
404 1550 1665 1
1666 1665 1550 1
386 1667 1495 1
1669 1495 1667 1
429 1668 1664 1
1669 1664 1668 1
1670 1671 427 1
1658 427 1671 1
1667 386 1671 1
1490 1671 386 1
1553 404 1672 1
1665 1672 404 1
1672 1670 1653 1
427 1653 1670 1
1651 425 1675 1
1673 1675 425 1
1513 1675 394 1
1674 394 1675 1
387 1676 1484 1
1677 1484 1676 1
425 1648 1673 1
1677 1673 1648 1
429 1678 1668 1
1679 1668 1678 1
387 1494 1676 1
1679 1676 1494 1
394 1674 1520 1
1680 1520 1674 1
1680 1678 1663 1
429 1663 1678 1
1681 1684 196 1
763 196 1684 1
1683 1684 434 1
1682 434 1684 1
1686 1687 432 1
1685 432 1687 1
1687 1681 759 1
196 759 1681 1
1689 1691 433 1
1688 433 1691 1
1691 1686 1690 1
432 1690 1686 1
434 1682 1692 1
1694 1692 1682 1
1694 1689 1693 1
433 1693 1689 1
340 1695 1311 1
1697 1311 1695 1
432 1685 1696 1
1697 1696 1685 1
1699 1700 436 1
1698 436 1700 1
1306 1700 340 1
1695 340 1700 1
437 1702 1701 1
1704 1701 1702 1
436 1703 1699 1
1704 1699 1703 1
1690 432 1706 1
1696 1706 432 1
1705 1706 437 1
1702 437 1706 1
1707 1710 337 1
1290 337 1710 1
1709 1710 441 1
1708 441 1710 1
439 1712 1711 1
1713 1711 1712 1
337 1299 1707 1
1713 1707 1299 1
1715 1717 440 1
1714 440 1717 1
1716 1717 439 1
1712 439 1717 1
441 1708 1718 1
1720 1718 1708 1
440 1719 1715 1
1720 1715 1719 1
1723 746 1721 1
190 1721 746 1
1722 439 1723 1
1711 1723 439 1
1725 1683 1724 1
434 1724 1683 1
1721 190 1725 1
740 1725 190 1
1728 1726 1727 1
443 1727 1726 1
434 1692 1724 1
1728 1724 1692 1
1730 1716 1722 1
439 1722 1716 1
1727 443 1730 1
1729 1730 443 1
445 1732 1731 1
1734 1731 1732 1
1701 1734 437 1
1733 437 1734 1
446 1736 1735 1
1738 1735 1736 1
1737 1738 445 1
1732 445 1738 1
1739 1741 433 1
1693 433 1741 1
1740 1741 446 1
1736 446 1741 1
437 1733 1705 1
1742 1705 1733 1
433 1688 1739 1
1742 1739 1688 1
1746 1743 1744 1
448 1744 1743 1
446 1735 1745 1
1746 1745 1735 1
1747 1749 440 1
1719 440 1749 1
1744 448 1749 1
1748 1749 448 1
443 1750 1729 1
1751 1729 1750 1
440 1714 1747 1
1751 1747 1714 1
1745 1752 446 1
1740 446 1752 1
1726 1752 443 1
1750 443 1752 1
1754 1757 450 1
1753 450 1757 1
1756 1757 452 1
1755 452 1757 1
451 1759 1758 1
1761 1758 1759 1
450 1760 1754 1
1761 1754 1760 1
452 1755 1762 1
1764 1762 1755 1
1763 1764 451 1
1759 451 1764 1
452 1765 1756 1
1768 1756 1765 1
1766 455 1768 1
1767 1768 455 1
1770 1771 454 1
1769 454 1771 1
1762 1771 452 1
1765 452 1771 1
208 1772 806 1
1774 806 1772 1
454 1773 1770 1
1774 1770 1773 1
1775 1776 229 1
881 229 1776 1
800 1776 208 1
1772 208 1776 1
1778 1777 1766 1
455 1766 1777 1
229 875 1775 1
1778 1775 875 1
455 1779 1767 1
1781 1767 1779 1
450 1753 1780 1
1781 1780 1753 1
1782 1783 258 1
989 258 1783 1
1777 1783 455 1
1779 455 1783 1
1784 1785 249 1
942 249 1785 1
258 986 1782 1
1785 1782 986 1
1786 457 1788 1
1787 1788 457 1
1784 249 1788 1
952 1788 249 1
1780 1790 450 1
1760 450 1790 1
1789 1790 457 1
1787 457 1790 1
1792 1795 459 1
1791 459 1795 1
1793 460 1795 1
1794 1795 460 1
457 1796 1789 1
1798 1789 1796 1
459 1797 1792 1
1798 1792 1797 1
1284 333 1800 1
1799 1800 333 1
1786 1800 457 1
1796 457 1800 1
1802 1801 1793 1
460 1793 1801 1
333 1279 1799 1
1802 1799 1279 1
360 1803 1380 1
1806 1380 1803 1
463 1805 1804 1
1806 1804 1805 1
1807 1808 454 1
1773 454 1808 1
1387 1808 360 1
1803 360 1808 1
462 1810 1809 1
1811 1809 1810 1
454 1769 1807 1
1811 1807 1769 1
1804 1814 463 1
1812 463 1814 1
1813 1814 462 1
1810 462 1814 1
451 1815 1763 1
1818 1763 1815 1
467 1817 1816 1
1818 1816 1817 1
1821 1819 1820 1
465 1820 1819 1
1758 1821 451 1
1815 451 1821 1
1823 1825 466 1
1822 466 1825 1
1820 465 1825 1
1824 1825 465 1
1826 467 1828 1
1816 1828 467 1
1823 466 1828 1
1827 1828 466 1
1829 1831 459 1
1797 459 1831 1
1819 1831 465 1
1830 465 1831 1
469 1833 1832 1
1834 1832 1833 1
459 1791 1829 1
1834 1829 1791 1
1836 1838 470 1
1835 470 1838 1
1837 1838 469 1
1833 469 1838 1
465 1830 1824 1
1840 1824 1830 1
470 1839 1836 1
1840 1836 1839 1
1844 1813 1841 1
462 1841 1813 1
473 1843 1842 1
1844 1842 1843 1
1845 1846 467 1
1817 467 1846 1
1841 462 1846 1
1809 1846 462 1
472 1848 1847 1
1849 1847 1848 1
1849 1845 1826 1
467 1826 1845 1
1842 1852 473 1
1850 473 1852 1
1851 1852 472 1
1848 472 1852 1
1853 1855 470 1
1839 470 1855 1
1854 466 1855 1
1822 1855 466 1
1858 1856 1857 1
475 1857 1856 1
470 1835 1853 1
1858 1853 1835 1
472 1859 1851 1
1861 1851 1859 1
475 1860 1857 1
1861 1857 1860 1
1854 1862 466 1
1827 466 1862 1
1859 472 1862 1
1847 1862 472 1
477 1864 1863 1
1867 1863 1864 1
1867 1865 1866 1
480 1866 1865 1
478 1869 1868 1
1871 1868 1869 1
1870 1871 477 1
1864 477 1871 1
1872 479 1875 1
1873 1875 479 1
1874 1875 478 1
1869 478 1875 1
1865 1878 480 1
1876 480 1878 1
479 1877 1873 1
1878 1873 1877 1
1879 1882 480 1
1866 480 1882 1
1880 484 1882 1
1881 1882 484 1
482 1884 1883 1
1885 1883 1884 1
1885 1879 1876 1
480 1876 1879 1
1887 1889 483 1
1886 483 1889 1
1888 1889 482 1
1884 482 1889 1
484 1880 1890 1
1892 1890 1880 1
483 1891 1887 1
1892 1887 1891 1
1894 1897 486 1
1893 486 1897 1
1897 1895 1896 1
489 1896 1895 1
1899 1901 487 1
1898 487 1901 1
486 1900 1894 1
1901 1894 1900 1
488 1903 1902 1
1905 1902 1903 1
487 1904 1899 1
1905 1899 1904 1
1895 1908 489 1
1906 489 1908 1
1907 1908 488 1
1903 488 1908 1
1910 1913 491 1
1909 491 1913 1
1912 1913 493 1
1911 493 1913 1
492 1915 1914 1
1917 1914 1915 1
491 1916 1910 1
1917 1910 1916 1
1918 1920 487 1
1904 487 1920 1
1919 1920 492 1
1915 492 1920 1
493 1911 1921 1
1922 1921 1911 1
487 1898 1918 1
1922 1918 1898 1
495 1924 1923 1
1927 1923 1924 1
1926 1927 498 1
1925 498 1927 1
1929 1931 496 1
1928 496 1931 1
1930 1931 495 1
1924 495 1931 1
1933 1935 497 1
1932 497 1935 1
496 1934 1929 1
1935 1929 1934 1
498 1925 1936 1
1938 1936 1925 1
497 1937 1933 1
1938 1933 1937 1
500 1940 1939 1
1942 1939 1940 1
486 1893 1941 1
1942 1941 1893 1
1944 1946 501 1
1943 501 1946 1
1945 1946 500 1
1940 500 1946 1
502 1948 1947 1
1950 1947 1948 1
501 1949 1944 1
1950 1944 1949 1
1941 1952 486 1
1900 486 1952 1
1951 1952 502 1
1948 502 1952 1
1954 1956 504 1
1953 504 1956 1
1955 477 1956 1
1863 1956 477 1
505 1958 1957 1
1960 1957 1958 1
504 1959 1954 1
1960 1954 1959 1
1961 1963 501 1
1949 501 1963 1
1962 1963 505 1
1958 505 1963 1
1964 1870 1955 1
477 1955 1870 1
501 1943 1961 1
1964 1961 1943 1
1966 1969 507 1
1965 507 1969 1
509 1968 1967 1
1969 1967 1968 1
1971 1973 508 1
1970 508 1973 1
1973 1966 1972 1
507 1972 1966 1
505 1974 1962 1
1976 1962 1974 1
1976 1971 1975 1
508 1975 1971 1
1977 509 1978 1
1967 1978 509 1
1957 1978 505 1
1974 505 1978 1
493 1979 1912 1
1982 1912 1979 1
511 1981 1980 1
1982 1980 1981 1
502 1983 1951 1
1984 1951 1983 1
1921 1984 493 1
1979 493 1984 1
1975 508 1986 1
1985 1986 508 1
1947 1986 502 1
1983 502 1986 1
1980 1988 511 1
1987 511 1988 1
508 1970 1985 1
1988 1985 1970 1
498 1989 1926 1
1992 1926 1989 1
515 1991 1990 1
1992 1990 1991 1
1994 1995 513 1
1993 513 1995 1
1936 1995 498 1
1989 498 1995 1
514 1997 1996 1
1999 1996 1997 1
513 1998 1994 1
1999 1994 1998 1
1990 2002 515 1
2000 515 2002 1
2001 2002 514 1
1997 514 2002 1
2004 2007 517 1
2003 517 2007 1
2006 2007 519 1
2005 519 2007 1
518 2009 2008 1
2011 2008 2009 1
2011 2004 2010 1
517 2010 2004 1
2012 2014 513 1
1998 513 2014 1
2013 2014 518 1
2009 518 2014 1
519 2005 2015 1
2016 2015 2005 1
513 1993 2012 1
2016 2012 1993 1
2020 1968 2017 1
509 2017 1968 1
2020 2018 2019 1
522 2019 2018 1
2021 521 2023 1
2022 2023 521 1
2023 2017 1977 1
509 1977 2017 1
518 2024 2013 1
2026 2013 2024 1
521 2025 2022 1
2026 2022 2025 1
2018 2028 522 1
2027 522 2028 1
2008 2028 518 1
2024 518 2028 1
484 2029 1881 1
2031 1881 2029 1
504 1953 2030 1
2031 2030 1953 1
514 2032 2001 1
2033 2001 2032 1
1890 2033 484 1
2029 484 2033 1
2034 2035 521 1
2025 521 2035 1
1996 2035 514 1
2032 514 2035 1
1959 504 2036 1
2030 2036 504 1
521 2021 2034 1
2036 2034 2021 1
2038 2041 525 1
2037 525 2041 1
2040 2041 528 1
2039 528 2041 1
526 2043 2042 1
2045 2042 2043 1
525 2044 2038 1
2045 2038 2044 1
2047 2049 527 1
2046 527 2049 1
2048 2049 526 1
2043 526 2049 1
2052 2050 2039 1
528 2039 2050 1
527 2051 2047 1
2052 2047 2051 1
2057 2053 2054 1
530 2054 2053 1
2056 2057 532 1
2055 532 2057 1
531 2059 2058 1
2061 2058 2059 1
2061 2054 2060 1
530 2060 2054 1
2062 2064 526 1
2048 526 2064 1
2063 2064 531 1
2059 531 2064 1
532 2055 2065 1
2066 2065 2055 1
526 2042 2062 1
2066 2062 2042 1
534 2068 2067 1
2071 2067 2068 1
537 2070 2069 1
2071 2069 2070 1
2072 535 2075 1
2073 2075 535 1
2074 2075 534 1
2068 534 2075 1
536 2077 2076 1
2079 2076 2077 1
2079 2073 2078 1
535 2078 2073 1
2080 537 2082 1
2069 2082 537 1
2081 2082 536 1
2077 536 2082 1
2084 2086 539 1
2083 539 2086 1
2053 2086 530 1
2085 530 2086 1
536 2087 2081 1
2089 2081 2087 1
539 2088 2084 1
2089 2084 2088 1
2091 2092 540 1
2090 540 2092 1
2076 2092 536 1
2087 536 2092 1
530 2085 2060 1
2094 2060 2085 1
540 2093 2091 1
2094 2091 2093 1
542 2096 2095 1
2098 2095 2096 1
507 1965 2097 1
2098 2097 1965 1
2099 2101 532 1
2056 532 2101 1
2100 2101 542 1
2096 542 2101 1
543 2103 2102 1
2104 2102 2103 1
2104 2099 2065 1
532 2065 2099 1
2097 2106 507 1
1972 507 2106 1
2105 2106 543 1
2103 543 2106 1
2010 517 2110 1
2107 2110 517 1
2109 2110 546 1
2108 546 2110 1
2113 2111 2112 1
545 2112 2111 1
517 2003 2107 1
2113 2107 2003 1
537 2114 2070 1
2116 2070 2114 1
545 2115 2112 1
2116 2112 2115 1
546 2108 2117 1
2118 2117 2108 1
2080 2118 537 1
2114 537 2118 1
2119 2122 491 1
1916 491 2122 1
2121 2122 549 1
2120 549 2122 1
2125 2123 2124 1
548 2124 2123 1
491 1909 2119 1
2125 2119 1909 1
528 2126 2040 1
2128 2040 2126 1
2124 548 2128 1
2127 2128 548 1
549 2120 2129 1
2130 2129 2120 1
2050 2130 528 1
2126 528 2130 1
2131 2133 539 1
2088 539 2133 1
2117 2133 546 1
2132 546 2133 1
542 2134 2100 1
2135 2100 2134 1
539 2083 2131 1
2135 2131 2083 1
2136 2137 522 1
2019 522 2137 1
2095 2137 542 1
2134 542 2137 1
546 2132 2109 1
2138 2109 2132 1
522 2027 2136 1
2138 2136 2027 1
543 2139 2105 1
2141 2105 2139 1
511 1987 2140 1
2141 2140 1987 1
2142 2143 525 1
2044 525 2143 1
2102 2143 543 1
2139 543 2143 1
548 2144 2127 1
2145 2127 2144 1
525 2037 2142 1
2145 2142 2037 1
2140 2146 511 1
1981 511 2146 1
2123 2146 548 1
2144 548 2146 1
2150 2121 2147 1
549 2147 2121 1
2149 2150 555 1
2148 555 2150 1
2152 2153 553 1
2151 553 2153 1
2147 549 2153 1
2129 2153 549 1
554 2155 2154 1
2157 2154 2155 1
2157 2152 2156 1
553 2156 2152 1
2158 555 2160 1
2148 2160 555 1
2159 2160 554 1
2155 554 2160 1
2164 2159 2161 1
554 2161 2159 1
559 2163 2162 1
2164 2162 2163 1
2166 2167 557 1
2165 557 2167 1
2161 554 2167 1
2154 2167 554 1
558 2169 2168 1
2171 2168 2169 1
2171 2166 2170 1
557 2170 2166 1
2162 2174 559 1
2172 559 2174 1
2173 2174 558 1
2169 558 2174 1
2175 2178 559 1
2163 559 2178 1
2177 2178 563 1
2176 563 2178 1
561 2180 2179 1
2181 2179 2180 1
559 2172 2175 1
2181 2175 2172 1
2183 2185 562 1
2182 562 2185 1
2184 2185 561 1
2180 561 2185 1
563 2176 2186 1
2188 2186 2176 1
562 2187 2183 1
2188 2183 2187 1
2190 2192 565 1
2189 565 2192 1
2179 2192 561 1
2191 561 2192 1
2194 2196 566 1
2193 566 2196 1
565 2195 2190 1
2196 2190 2195 1
2198 2200 567 1
2197 567 2200 1
566 2199 2194 1
2200 2194 2199 1
561 2191 2184 1
2202 2184 2191 1
567 2201 2198 1
2202 2198 2201 1
2204 2207 569 1
2203 569 2207 1
2205 572 2207 1
2206 2207 572 1
2209 2211 570 1
2208 570 2211 1
569 2210 2204 1
2211 2204 2210 1
571 2213 2212 1
2215 2212 2213 1
570 2214 2209 1
2215 2209 2214 1
572 2205 2216 1
2218 2216 2205 1
2213 571 2218 1
2217 2218 571 1
2220 2223 574 1
2219 574 2223 1
2221 577 2223 1
2222 2223 577 1
2225 2227 575 1
2224 575 2227 1
574 2226 2220 1
2227 2220 2226 1
576 2229 2228 1
2231 2228 2229 1
575 2230 2225 1
2231 2225 2230 1
577 2221 2232 1
2234 2232 2221 1
2229 576 2234 1
2233 2234 576 1
579 2236 2235 1
2238 2235 2236 1
515 2000 2237 1
2238 2237 2000 1
574 2239 2226 1
2241 2226 2239 1
2236 579 2241 1
2240 2241 579 1
580 2243 2242 1
2244 2242 2243 1
574 2219 2239 1
2244 2239 2219 1
2237 2246 515 1
1991 515 2246 1
2243 580 2246 1
2245 2246 580 1
2248 2251 582 1
2247 582 2251 1
2250 2251 584 1
2249 584 2251 1
576 2252 2233 1
2254 2233 2252 1
582 2253 2248 1
2254 2248 2253 1
583 2256 2255 1
2257 2255 2256 1
2252 576 2257 1
2228 2257 576 1
584 2249 2258 1
2260 2258 2249 1
2260 2256 2259 1
583 2259 2256 1
2261 2263 483 1
1891 483 2263 1
2235 2263 579 1
2262 579 2263 1
583 2264 2259 1
2265 2259 2264 1
483 1886 2261 1
2265 2261 1886 1
2266 2267 575 1
2230 575 2267 1
583 2255 2264 1
2267 2264 2255 1
579 2262 2240 1
2268 2240 2262 1
575 2224 2266 1
2268 2266 2224 1
2271 1930 2269 1
495 2269 1930 1
2271 2270 2247 1
582 2247 2270 1
2272 2273 580 1
2245 580 2273 1
2269 495 2273 1
1923 2273 495 1
577 2274 2222 1
2275 2222 2274 1
580 2242 2272 1
2275 2272 2242 1
2270 2276 582 1
2253 582 2276 1
2276 2274 2232 1
577 2232 2274 1
500 2277 1945 1
2280 1945 2277 1
589 2279 2278 1
2280 2278 2279 1
2282 2283 588 1
2281 588 2283 1
1939 2283 500 1
2277 500 2283 1
572 2284 2206 1
2286 2206 2284 1
588 2285 2282 1
2286 2282 2285 1
2278 2288 589 1
2287 589 2288 1
2284 572 2288 1
2216 2288 572 1
2292 2289 2290 1
591 2290 2289 1
489 1906 2291 1
2292 2291 1906 1
2293 2295 569 1
2210 569 2295 1
2290 591 2295 1
2294 2295 591 1
588 2296 2285 1
2297 2285 2296 1
569 2203 2293 1
2297 2293 2203 1
1896 489 2298 1
2291 2298 489 1
2296 588 2298 1
2281 2298 588 1
478 2299 1874 1
2302 1874 2299 1
593 2301 2300 1
2302 2300 2301 1
2303 2304 589 1
2279 589 2304 1
1868 2304 478 1
2299 478 2304 1
571 2305 2217 1
2306 2217 2305 1
589 2287 2303 1
2306 2303 2287 1
2300 2308 593 1
2307 593 2308 1
2212 2308 571 1
2305 571 2308 1
2310 2312 595 1
2309 595 2312 1
2289 2312 591 1
2311 591 2312 1
2313 2315 593 1
2301 593 2315 1
595 2314 2310 1
2315 2310 2314 1
570 2316 2214 1
2317 2214 2316 1
593 2307 2313 1
2317 2313 2307 1
591 2311 2294 1
2318 2294 2311 1
570 2208 2316 1
2318 2316 2208 1
2319 2322 565 1
2195 565 2322 1
2321 2322 599 1
2320 599 2322 1
558 2323 2173 1
2324 2173 2323 1
565 2189 2319 1
2324 2319 2189 1
2326 2327 597 1
2325 597 2327 1
2323 558 2327 1
2168 2327 558 1
598 2329 2328 1
2331 2328 2329 1
2331 2326 2330 1
597 2330 2326 1
2320 2334 599 1
2332 599 2334 1
2333 2334 598 1
2329 598 2334 1
2335 601 2339 1
2336 2339 601 1
2338 2339 604 1
2337 604 2339 1
2341 2343 602 1
2340 602 2343 1
2336 601 2343 1
2342 2343 601 1
2345 2347 603 1
2344 603 2347 1
602 2346 2341 1
2347 2341 2346 1
604 2337 2348 1
2350 2348 2337 1
603 2349 2345 1
2350 2345 2349 1
2351 2353 603 1
2349 603 2353 1
2352 598 2353 1
2328 2353 598 1
606 2355 2354 1
2356 2354 2355 1
603 2344 2351 1
2356 2351 2344 1
2358 2360 607 1
2357 607 2360 1
2359 2360 606 1
2355 606 2360 1
2362 2333 2352 1
598 2352 2333 1
607 2361 2358 1
2362 2358 2361 1
2363 2366 606 1
2359 606 2366 1
2365 2366 610 1
2364 610 2366 1
2367 2368 602 1
2346 602 2368 1
606 2354 2363 1
2368 2363 2354 1
2370 2371 609 1
2369 609 2371 1
602 2340 2367 1
2371 2367 2340 1
610 2364 2372 1
2374 2372 2364 1
609 2373 2370 1
2374 2370 2373 1
612 2376 2375 1
2378 2375 2376 1
324 1247 2377 1
2378 2377 1247 1
2379 2381 527 1
2051 527 2381 1
2380 2381 612 1
2376 612 2381 1
613 2383 2382 1
2384 2382 2383 1
527 2046 2379 1
2384 2379 2046 1
2377 2386 324 1
1254 324 2386 1
2385 2386 613 1
2383 613 2386 1
615 2388 2387 1
2390 2387 2388 1
2390 2389 1261 1
328 1261 2389 1
2391 2393 540 1
2093 540 2393 1
2392 2393 615 1
2388 615 2393 1
2396 2394 2395 1
616 2395 2394 1
540 2090 2391 1
2396 2391 2090 1
2389 2398 328 1
1268 328 2398 1
2395 616 2398 1
2397 2398 616 1
616 2399 2397 1
2401 2397 2399 1
2401 2400 1275 1
332 1275 2400 1
2078 535 2403 1
2402 2403 535 1
2394 2403 616 1
2399 616 2403 1
618 2405 2404 1
2406 2404 2405 1
2406 2402 2072 1
535 2072 2402 1
2400 2408 332 1
1281 332 2408 1
2405 618 2408 1
2407 2408 618 1
620 2410 2409 1
2412 2409 2410 1
335 1287 2411 1
2412 2411 1287 1
2413 2415 595 1
2314 595 2415 1
2414 2415 620 1
2410 620 2415 1
2418 2416 2417 1
621 2417 2416 1
2418 2413 2309 1
595 2309 2413 1
2411 2420 335 1
1294 335 2420 1
2417 621 2420 1
2419 2420 621 1
2421 623 2424 1
2422 2424 623 1
2423 339 2424 1
1301 2424 339 1
584 2425 2250 1
2427 2250 2425 1
623 2426 2422 1
2427 2422 2426 1
2429 2430 624 1
2428 624 2430 1
2425 584 2430 1
2258 2430 584 1
2432 1308 2423 1
339 2423 1308 1
624 2431 2429 1
2432 2429 2431 1
613 2433 2385 1
2435 2385 2433 1
2435 2434 1315 1
343 1315 2434 1
2063 531 2437 1
2436 2437 531 1
2382 2437 613 1
2433 613 2437 1
2439 2392 2438 1
615 2438 2392 1
531 2058 2436 1
2439 2436 2058 1
2434 2440 343 1
1320 343 2440 1
2438 615 2440 1
2387 2440 615 1
627 2442 2441 1
2444 2441 2442 1
345 1325 2443 1
2444 2443 1325 1
2156 553 2447 1
2445 2447 553 1
2446 2447 627 1
2442 627 2447 1
612 2448 2380 1
2449 2380 2448 1
553 2151 2445 1
2449 2445 2151 1
1331 345 2450 1
2443 2450 345 1
2375 2450 612 1
2448 612 2450 1
629 2452 2451 1
2454 2451 2452 1
2454 2453 1337 1
348 1337 2453 1
2170 557 2457 1
2455 2457 557 1
629 2456 2452 1
2457 2452 2456 1
2459 2446 2458 1
627 2458 2446 1
557 2165 2455 1
2459 2455 2165 1
2453 2460 348 1
1343 348 2460 1
2458 627 2460 1
2441 2460 627 1
631 2462 2461 1
2464 2461 2462 1
2464 2463 1349 1
351 1349 2463 1
2465 632 2468 1
2466 2468 632 1
2467 2468 631 1
2462 631 2468 1
633 2470 2469 1
2472 2469 2470 1
632 2471 2466 1
2472 2466 2471 1
2463 2474 351 1
1356 351 2474 1
2473 2474 633 1
2470 633 2474 1
2478 2475 2476 1
635 2476 2475 1
1365 2478 356 1
2477 356 2478 1
566 2479 2199 1
2481 2199 2479 1
2476 635 2481 1
2480 2481 635 1
631 2482 2467 1
2483 2467 2482 1
2193 2483 566 1
2479 566 2483 1
356 2477 1371 1
2484 1371 2477 1
2482 631 2484 1
2461 2484 631 1
637 2486 2485 1
2488 2485 2486 1
2488 2487 1377 1
359 1377 2487 1
2489 2491 496 1
1934 496 2491 1
2490 2491 637 1
2486 637 2491 1
2492 2493 623 1
2426 623 2493 1
496 1928 2489 1
2493 2489 1928 1
2487 2494 359 1
1383 359 2494 1
2494 2492 2421 1
623 2421 2492 1
2495 2497 621 1
2419 621 2497 1
2496 362 2497 1
1389 2497 362 1
488 2498 1907 1
2499 1907 2498 1
2499 2495 2416 1
621 2416 2495 1
2501 2502 639 1
2500 639 2502 1
1902 2502 488 1
2498 488 2502 1
2504 1395 2496 1
362 2496 1395 1
639 2503 2501 1
2504 2501 2503 1
2505 2507 639 1
2503 639 2507 1
2506 365 2507 1
1401 2507 365 1
492 2508 1919 1
2509 1919 2508 1
639 2500 2505 1
2509 2505 2500 1
2511 2512 641 1
2510 641 2512 1
1914 2512 492 1
2508 492 2512 1
2514 1407 2506 1
365 2506 1407 1
641 2513 2511 1
2514 2511 2513 1
2515 2517 641 1
2513 641 2517 1
2516 368 2517 1
1413 2517 368 1
2519 2149 2518 1
555 2518 2149 1
641 2510 2515 1
2519 2515 2510 1
2522 2520 2521 1
643 2521 2520 1
555 2158 2518 1
2522 2518 2158 1
1419 368 2524 1
2516 2524 368 1
2521 643 2524 1
2523 2524 643 1
643 2525 2523 1
2527 2523 2525 1
371 1425 2526 1
2527 2526 1425 1
563 2528 2177 1
2529 2177 2528 1
2520 2529 643 1
2525 643 2529 1
2531 2532 645 1
2530 645 2532 1
2186 2532 563 1
2528 563 2532 1
1431 371 2534 1
2526 2534 371 1
645 2533 2531 1
2534 2531 2533 1
2535 2537 645 1
2533 645 2537 1
2536 374 2537 1
1437 2537 374 1
562 2538 2187 1
2539 2187 2538 1
645 2530 2535 1
2539 2535 2530 1
2541 2542 647 1
2540 647 2542 1
2182 2542 562 1
2538 562 2542 1
2544 1443 2536 1
374 2536 1443 1
647 2543 2541 1
2544 2541 2543 1
2545 2547 647 1
2543 647 2547 1
2547 2546 1449 1
377 1449 2546 1
2548 2549 567 1
2201 567 2549 1
2540 2549 647 1
2545 647 2549 1
635 2550 2480 1
2551 2480 2550 1
567 2197 2548 1
2551 2548 2197 1
2546 2552 377 1
1454 377 2552 1
2550 635 2552 1
2475 2552 635 1
2555 1461 2553 1
380 2553 1461 1
2555 2554 2451 1
629 2451 2554 1
2557 2558 650 1
2556 650 2558 1
380 1470 2553 1
2558 2553 1470 1
604 2559 2338 1
2561 2338 2559 1
650 2560 2557 1
2561 2557 2560 1
2562 2563 597 1
2330 597 2563 1
2348 2563 604 1
2559 604 2563 1
2554 2564 629 1
2456 629 2564 1
2564 2562 2325 1
597 2325 2562 1
2321 599 2567 1
2565 2567 599 1
2465 2567 632 1
2566 632 2567 1
652 2569 2568 1
2570 2568 2569 1
599 2332 2565 1
2570 2565 2332 1
2471 632 2572 1
2566 2572 632 1
2571 2572 652 1
2569 652 2572 1
654 2574 2573 1
2577 2573 2574 1
657 2576 2575 1
2577 2575 2576 1
2579 2581 655 1
2578 655 2581 1
2580 2581 654 1
2574 654 2581 1
656 2583 2582 1
2585 2582 2583 1
655 2584 2579 1
2585 2579 2584 1
2575 2588 657 1
2586 657 2588 1
2587 2588 656 1
2583 656 2588 1
659 2590 2589 1
2593 2589 2590 1
2593 2591 2592 1
662 2592 2591 1
660 2595 2594 1
2597 2594 2595 1
2590 659 2597 1
2596 2597 659 1
2601 2598 2599 1
661 2599 2598 1
2595 660 2601 1
2600 2601 660 1
2591 2604 662 1
2602 662 2604 1
2599 661 2604 1
2603 2604 661 1
2606 2609 664 1
2605 664 2609 1
2608 2609 667 1
2607 667 2609 1
2613 2610 2611 1
665 2611 2610 1
664 2612 2606 1
2613 2606 2612 1
2615 2617 666 1
2614 666 2617 1
2611 665 2617 1
2616 2617 665 1
2607 2620 667 1
2618 667 2620 1
2620 2615 2619 1
666 2619 2615 1
2603 661 2624 1
2621 2624 661 1
671 2623 2622 1
2624 2622 2623 1
2626 2627 669 1
2625 669 2627 1
2621 661 2627 1
2598 2627 661 1
670 2629 2628 1
2631 2628 2629 1
2631 2626 2630 1
669 2630 2626 1
671 2622 2632 1
2634 2632 2622 1
2629 670 2634 1
2633 2634 670 1
2638 2633 2635 1
670 2635 2633 1
674 2637 2636 1
2638 2636 2637 1
2641 2639 2640 1
673 2640 2639 1
2635 670 2641 1
2628 2641 670 1
2619 666 2644 1
2642 2644 666 1
2644 2640 2643 1
673 2643 2640 1
2646 2645 2636 1
674 2636 2645 1
666 2614 2642 1
2646 2642 2614 1
676 2648 2647 1
2650 2647 2648 1
2589 2650 659 1
2649 659 2650 1
2652 2654 677 1
2651 677 2654 1
2653 2654 676 1
2648 676 2654 1
2612 664 2657 1
2655 2657 664 1
677 2656 2652 1
2657 2652 2656 1
659 2649 2596 1
2658 2596 2649 1
664 2605 2655 1
2658 2655 2605 1
2660 2662 679 1
2659 679 2662 1
2661 676 2662 1
2647 2662 676 1
2663 2665 607 1
2361 607 2665 1
2664 2665 679 1
2660 679 2665 1
610 2666 2365 1
2667 2365 2666 1
607 2357 2663 1
2667 2663 2357 1
2669 2670 680 1
2668 680 2670 1
2372 2670 610 1
2666 610 2670 1
676 2661 2653 1
2672 2653 2661 1
680 2671 2669 1
2672 2669 2671 1
2656 677 2676 1
2673 2676 677 1
2675 2676 682 1
2674 682 2676 1
680 2677 2671 1
2678 2671 2677 1
677 2651 2673 1
2678 2673 2651 1
609 2679 2373 1
2680 2373 2679 1
2680 2677 2668 1
680 2668 2677 1
2682 2342 2681 1
601 2681 2342 1
609 2369 2679 1
2682 2679 2369 1
2684 2683 2674 1
682 2674 2683 1
2684 2681 2335 1
601 2335 2681 1
665 2685 2616 1
2688 2616 2685 1
684 2687 2686 1
2688 2686 2687 1
2689 2690 682 1
2675 682 2690 1
2610 2690 665 1
2685 665 2690 1
650 2691 2560 1
2692 2560 2691 1
2692 2689 2683 1
682 2683 2689 1
2693 2694 415 1
1602 415 2694 1
2556 2694 650 1
2691 650 2694 1
2686 2696 684 1
2695 684 2696 1
415 1597 2693 1
2696 2693 1597 1
2697 2700 419 1
1610 419 2700 1
2699 2700 687 1
2698 687 2700 1
633 2701 2473 1
2702 2473 2701 1
419 1621 2697 1
2702 2697 1621 1
2704 2705 686 1
2703 686 2705 1
2469 2705 633 1
2701 633 2705 1
2706 2708 671 1
2623 671 2708 1
686 2707 2704 1
2708 2704 2707 1
2710 2709 2698 1
687 2698 2709 1
2706 671 2710 1
2632 2710 671 1
1625 421 2713 1
2711 2713 421 1
684 2695 2712 1
2713 2712 2695 1
687 2714 2699 1
2715 2699 2714 1
2715 2711 1631 1
421 1631 2711 1
2716 2717 674 1
2637 674 2717 1
2714 687 2717 1
2709 2717 687 1
2712 2718 684 1
2687 684 2718 1
2645 2718 674 1
2716 674 2718 1
652 2719 2571 1
2721 2571 2719 1
686 2703 2720 1
2721 2720 2703 1
2664 679 2723 1
2722 2723 679 1
2568 2723 652 1
2719 652 2723 1
2724 2725 662 1
2592 662 2725 1
2659 2725 679 1
2722 679 2725 1
2720 2726 686 1
2707 686 2726 1
662 2602 2724 1
2726 2724 2602 1
660 2727 2600 1
2730 2600 2727 1
2730 2728 2729 1
692 2729 2728 1
2731 691 2733 1
2732 2733 691 1
2594 2733 660 1
2727 660 2733 1
657 2734 2576 1
2736 2576 2734 1
691 2735 2732 1
2736 2732 2735 1
692 2728 2737 1
2738 2737 2728 1
657 2586 2734 1
2738 2734 2586 1
2739 2742 669 1
2630 669 2742 1
2741 2742 694 1
2740 694 2742 1
2729 692 2744 1
2743 2744 692 1
669 2625 2739 1
2744 2739 2625 1
656 2745 2587 1
2746 2587 2745 1
692 2737 2743 1
2746 2743 2737 1
694 2740 2747 1
2748 2747 2740 1
656 2582 2745 1
2748 2745 2582 1
673 2749 2643 1
2752 2643 2749 1
2752 2750 2751 1
696 2751 2750 1
2754 2741 2753 1
694 2753 2741 1
2639 2754 673 1
2749 673 2754 1
2755 2756 655 1
2584 655 2756 1
2753 694 2756 1
2747 2756 694 1
696 2750 2757 1
2758 2757 2750 1
655 2578 2755 1
2758 2755 2578 1
2759 2761 667 1
2608 667 2761 1
2731 2761 691 1
2760 691 2761 1
2763 2751 2762 1
696 2762 2751 1
667 2618 2759 1
2763 2759 2618 1
654 2764 2580 1
2765 2580 2764 1
696 2757 2762 1
2765 2762 2757 1
691 2760 2735 1
2766 2735 2760 1
654 2573 2764 1
2766 2764 2573 1
2767 699 2770 1
2768 2770 699 1
2769 482 2770 1
1883 2770 482 1
2774 2771 2772 1
700 2772 2771 1
699 2773 2768 1
2774 2768 2773 1
2778 2775 2776 1
701 2776 2775 1
2772 700 2778 1
2777 2778 700 1
2780 1888 2769 1
482 2769 1888 1
2776 701 2780 1
2779 2780 701 1
701 2781 2779 1
2783 2779 2781 1
624 2428 2782 1
2783 2782 2428 1
2785 2786 703 1
2784 703 2786 1
2775 2786 701 1
2781 701 2786 1
436 2787 1703 1
2789 1703 2787 1
703 2788 2785 1
2789 2785 2788 1
2782 2790 624 1
2431 624 2790 1
1698 2790 436 1
2787 436 2790 1
2791 2793 441 1
1709 441 2793 1
2409 2793 620 1
2792 620 2793 1
705 2795 2794 1
2796 2794 2795 1
441 1718 2791 1
2796 2791 1718 1
2797 706 2800 1
2798 2800 706 1
2799 2800 705 1
2795 705 2800 1
620 2792 2414 1
2802 2414 2792 1
706 2801 2798 1
2802 2798 2801 1
2803 2805 706 1
2801 706 2805 1
2805 2804 1872 1
479 1872 2804 1
2807 2808 708 1
2806 708 2808 1
2808 2803 2797 1
706 2797 2803 1
699 2809 2773 1
2811 2773 2809 1
2811 2807 2810 1
708 2810 2807 1
2804 2812 479 1
1877 479 2812 1
2812 2809 2767 1
699 2767 2809 1
2813 2815 703 1
2788 703 2815 1
445 1731 2814 1
2815 2814 1731 1
700 2816 2777 1
2817 2777 2816 1
703 2784 2813 1
2817 2813 2784 1
2819 2820 710 1
2818 710 2820 1
2771 2820 700 1
2816 700 2820 1
2822 1737 2814 1
445 2814 1737 1
710 2821 2819 1
2822 2819 2821 1
710 2823 2821 1
2825 2821 2823 1
1743 2825 448 1
2824 448 2825 1
2826 2827 708 1
2810 708 2827 1
2818 2827 710 1
2823 710 2827 1
705 2828 2799 1
2829 2799 2828 1
708 2806 2826 1
2829 2826 2806 1
2824 2830 448 1
1748 448 2830 1
2794 2830 705 1
2828 705 2830 1
2832 2835 713 1
2831 713 2835 1
2834 2835 715 1
2833 715 2835 1
2836 714 2839 1
2837 2839 714 1
713 2838 2832 1
2839 2832 2838 1
715 2833 2840 1
2842 2840 2833 1
714 2841 2837 1
2842 2837 2841 1
2844 2846 717 1
2843 717 2846 1
713 2831 2845 1
2846 2845 2831 1
519 2847 2006 1
2849 2006 2847 1
2849 2844 2848 1
717 2848 2844 1
2850 2851 497 1
1937 497 2851 1
2015 2851 519 1
2847 519 2851 1
718 2853 2852 1
2854 2852 2853 1
497 1932 2850 1
2854 2850 1932 1
2845 2856 713 1
2838 713 2856 1
2855 2856 718 1
2853 718 2856 1
715 2857 2834 1
2859 2834 2857 1
717 2843 2858 1
2859 2858 2843 1
2861 2862 720 1
2860 720 2862 1
2840 2862 715 1
2857 715 2862 1
2863 2865 534 1
2074 534 2865 1
2864 2865 720 1
2861 720 2865 1
545 2866 2115 1
2867 2115 2866 1
2863 534 2867 1
2067 2867 534 1
2858 2868 717 1
2848 717 2868 1
2111 2868 545 1
2866 545 2868 1
2869 2872 460 1
1794 460 2872 1
2871 2872 722 1
2870 722 2872 1
618 2873 2407 1
2874 2407 2873 1
2874 2869 1801 1
460 1801 2869 1
2864 720 2876 1
2875 2876 720 1
2404 2876 618 1
2873 618 2876 1
722 2870 2877 1
2878 2877 2870 1
720 2860 2875 1
2878 2875 2860 1
463 2879 1805 1
2881 1805 2879 1
637 2485 2880 1
2881 2880 2485 1
2883 2884 724 1
2882 724 2884 1
1812 2884 463 1
2879 463 2884 1
718 2885 2855 1
2887 2855 2885 1
724 2886 2883 1
2887 2883 2886 1
2880 2888 637 1
2490 637 2888 1
2852 2888 718 1
2885 718 2888 1
726 2890 2889 1
2892 2889 2890 1
714 2836 2891 1
2892 2891 2836 1
2894 2896 727 1
2893 727 2896 1
2895 2896 726 1
2890 726 2896 1
2898 2900 728 1
2897 728 2900 1
2894 727 2900 1
2899 2900 727 1
2841 714 2902 1
2891 2902 714 1
2902 2898 2901 1
728 2901 2898 1
2901 728 2905 1
2903 2905 728 1
2877 2905 722 1
2904 722 2905 1
730 2907 2906 1
2908 2906 2907 1
728 2897 2903 1
2908 2903 2897 1
2909 2911 469 1
1837 469 2911 1
2910 2911 730 1
2907 730 2911 1
722 2904 2871 1
2912 2871 2904 1
469 1832 2909 1
2912 2909 1832 1
473 2913 1843 1
2915 1843 2913 1
2915 2914 2882 1
724 2882 2914 1
2917 2918 732 1
2916 732 2918 1
1850 2918 473 1
2913 473 2918 1
2921 2895 2919 1
726 2919 2895 1
732 2920 2917 1
2921 2917 2920 1
2914 2922 724 1
2886 724 2922 1
2919 726 2922 1
2889 2922 726 1
2923 2925 727 1
2899 727 2925 1
2906 2925 730 1
2924 730 2925 1
2926 2927 732 1
2920 732 2927 1
2923 727 2927 1
2893 2927 727 1
475 2928 1860 1
2929 1860 2928 1
732 2916 2926 1
2929 2926 2916 1
730 2924 2910 1
2930 2910 2924 1
2930 2928 1856 1
475 1856 2928 1
738 6 739 1
735 739 6 1
193 737 736 1
739 736 737 1
743 742 740 1
14 740 742 1
741 193 743 1
736 743 193 1
747 746 744 1
10 744 746 1
193 741 745 1
747 745 741 1
16 748 749 1
750 749 748 1
745 750 193 1
737 193 750 1
754 735 751 1
6 751 735 1
197 753 752 1
754 752 753 1
18 755 757 1
758 757 755 1
752 758 197 1
756 197 758 1
762 761 759 1
13 759 761 1
197 756 760 1
762 760 756 1
763 14 764 1
742 764 14 1
760 764 197 1
753 197 764 1
1 765 768 1
769 768 765 1
767 769 202 1
766 202 769 1
12 770 772 1
773 772 770 1
202 766 771 1
773 771 766 1
774 777 11 1
776 11 777 1
771 777 202 1
775 202 777 1
24 778 779 1
780 779 778 1
202 775 767 1
780 767 775 1
7 781 784 1
785 784 781 1
206 783 782 1
785 782 783 1
779 788 24 1
787 24 788 1
782 788 206 1
786 206 788 1
11 789 774 1
791 774 789 1
206 786 790 1
791 790 786 1
792 794 23 1
793 23 794 1
790 794 206 1
783 206 794 1
2 795 798 1
799 798 795 1
211 797 796 1
799 796 797 1
800 803 27 1
802 27 803 1
796 803 211 1
801 211 803 1
804 807 19 1
806 19 807 1
211 801 805 1
807 805 801 1
20 808 809 1
810 809 808 1
810 797 805 1
211 805 797 1
768 814 1 1
813 1 814 1
812 814 215 1
811 215 814 1
24 815 778 1
817 778 815 1
215 811 816 1
817 816 811 1
818 821 15 1
820 15 821 1
816 821 215 1
819 215 821 1
16 822 823 1
824 823 822 1
215 819 812 1
824 812 819 1
828 827 738 1
6 738 827 1
218 826 825 1
828 825 826 1
16 823 748 1
830 748 823 1
825 830 218 1
829 218 830 1
15 831 818 1
833 818 831 1
218 829 832 1
833 832 829 1
834 836 32 1
835 32 836 1
832 836 218 1
826 218 836 1
841 840 837 1
5 837 840 1
838 222 841 1
839 841 222 1
32 835 843 1
844 843 835 1
844 842 838 1
222 838 842 1
831 15 847 1
845 847 15 1
842 847 222 1
846 222 847 1
849 30 850 1
848 850 30 1
222 846 839 1
850 839 846 1
851 854 7 1
781 7 854 1
853 854 224 1
852 224 854 1
857 856 849 1
30 849 856 1
855 224 857 1
852 857 224 1
15 820 845 1
859 845 820 1
859 858 855 1
224 855 858 1
24 787 815 1
860 815 787 1
858 860 224 1
853 224 860 1
861 864 2 1
795 2 864 1
863 864 228 1
862 228 864 1
18 865 867 1
868 867 865 1
228 862 866 1
868 866 862 1
869 872 17 1
871 17 872 1
866 872 228 1
870 228 872 1
27 802 873 1
874 873 802 1
228 870 863 1
874 863 870 1
879 878 875 1
8 875 878 1
232 877 876 1
879 876 877 1
873 882 27 1
881 27 882 1
876 882 232 1
880 232 882 1
17 883 869 1
885 869 883 1
232 880 884 1
885 884 880 1
887 29 888 1
886 888 29 1
884 888 232 1
877 232 888 1
837 5 892 1
889 892 5 1
891 892 235 1
890 235 892 1
29 887 894 1
895 894 887 1
235 890 893 1
895 893 890 1
896 898 17 1
883 17 898 1
893 898 235 1
897 235 898 1
899 32 900 1
843 900 32 1
235 897 891 1
900 891 897 1
751 6 903 1
827 903 6 1
236 902 901 1
903 901 902 1
32 899 834 1
905 834 899 1
901 905 236 1
904 236 905 1
17 871 896 1
907 896 871 1
236 904 906 1
907 906 904 1
18 757 865 1
908 865 757 1
906 908 236 1
902 236 908 1
913 912 909 1
3 909 912 1
241 911 910 1
913 910 911 1
22 914 916 1
917 916 914 1
915 241 917 1
910 917 241 1
21 918 920 1
921 920 918 1
921 919 915 1
241 915 919 1
31 922 923 1
924 923 922 1
919 924 241 1
911 241 924 1
925 929 9 1
928 9 929 1
245 927 926 1
929 926 927 1
923 932 31 1
931 31 932 1
926 932 245 1
930 245 932 1
21 933 918 1
935 918 933 1
245 930 934 1
935 934 930 1
938 937 936 1
33 936 937 1
934 938 245 1
927 245 938 1
939 943 4 1
942 4 943 1
941 943 250 1
940 250 943 1
28 944 946 1
947 946 944 1
250 940 945 1
947 945 940 1
948 951 25 1
950 25 951 1
945 951 250 1
949 250 951 1
26 952 953 1
954 953 952 1
954 941 949 1
250 949 941 1
9 928 957 1
958 957 928 1
253 956 955 1
958 955 956 1
959 961 33 1
936 33 961 1
955 961 253 1
960 253 961 1
25 950 963 1
964 963 950 1
253 960 962 1
964 962 960 1
965 966 28 1
944 28 966 1
962 966 253 1
956 253 966 1
840 970 5 1
969 5 970 1
968 970 256 1
967 256 970 1
30 971 848 1
973 848 971 1
256 967 972 1
973 972 967 1
975 31 976 1
931 976 31 1
972 976 256 1
974 256 976 1
9 977 925 1
978 925 977 1
256 974 968 1
978 968 974 1
29 979 886 1
982 886 979 1
982 980 981 1
259 981 980 1
946 985 28 1
984 28 985 1
980 985 259 1
983 259 985 1
986 988 4 1
939 4 988 1
259 983 987 1
988 987 983 1
878 990 8 1
989 8 990 1
981 259 990 1
987 990 259 1
23 991 792 1
994 792 991 1
994 992 993 1
262 993 992 1
22 916 996 1
997 996 916 1
992 997 262 1
995 262 997 1
998 1000 3 1
909 3 1000 1
262 995 999 1
1000 999 995 1
784 1002 7 1
1001 7 1002 1
993 262 1002 1
999 1002 262 1
28 984 965 1
1005 965 984 1
263 1004 1003 1
1005 1003 1004 1
894 1007 29 1
979 29 1007 1
1003 1007 263 1
1006 263 1007 1
5 969 889 1
1009 889 969 1
263 1006 1008 1
1009 1008 1006 1
957 1010 9 1
977 9 1010 1
1008 1010 263 1
1004 263 1010 1
856 1013 30 1
971 30 1013 1
1012 1013 264 1
1011 264 1013 1
7 1001 851 1
1015 851 1001 1
264 1011 1014 1
1015 1014 1011 1
912 1017 3 1
998 3 1017 1
1014 1017 264 1
1016 264 1017 1
31 975 922 1
1018 922 975 1
264 1016 1012 1
1018 1012 1016 1
23 1019 991 1
1022 991 1019 1
1020 268 1022 1
1021 1022 268 1
35 1023 1025 1
1026 1025 1023 1
1026 1024 1020 1
268 1020 1024 1
1029 34 1030 1
1027 1030 34 1
1024 1030 268 1
1028 268 1030 1
1032 1031 996 1
22 996 1031 1
268 1028 1021 1
1032 1021 1028 1
1033 1036 35 1
1023 35 1036 1
1035 1036 272 1
1034 272 1036 1
37 1037 1039 1
1040 1039 1037 1
272 1034 1038 1
1040 1038 1034 1
1043 36 1044 1
1041 1044 36 1
1038 1044 272 1
1042 272 1044 1
1046 1045 1029 1
34 1029 1045 1
272 1042 1035 1
1046 1035 1042 1
35 1047 1033 1
1050 1033 1047 1
276 1049 1048 1
1050 1048 1049 1
1051 1054 40 1
1053 40 1054 1
1048 1054 276 1
1052 276 1054 1
41 1055 1057 1
1058 1057 1055 1
276 1052 1056 1
1058 1056 1052 1
1039 1060 37 1
1059 37 1060 1
1056 1060 276 1
1049 276 1060 1
37 1059 1063 1
1064 1063 1059 1
280 1062 1061 1
1064 1061 1062 1
1065 1067 41 1
1055 41 1067 1
1061 1067 280 1
1066 280 1067 1
1071 1070 1068 1
42 1068 1070 1
280 1066 1069 1
1071 1069 1066 1
38 1072 1073 1
1074 1073 1072 1
1074 1062 1069 1
280 1069 1062 1
1079 1078 1075 1
43 1075 1078 1
285 1077 1076 1
1079 1076 1077 1
1080 1083 48 1
1082 48 1083 1
285 1076 1081 1
1083 1081 1076 1
1084 1087 45 1
1086 45 1087 1
285 1081 1085 1
1087 1085 1081 1
1088 1090 46 1
1089 46 1090 1
285 1085 1077 1
1090 1077 1085 1
1091 1095 44 1
1094 44 1095 1
290 1093 1092 1
1095 1092 1093 1
1099 1098 1096 1
50 1096 1098 1
290 1092 1097 1
1099 1097 1092 1
1100 1103 47 1
1102 47 1103 1
1097 1103 290 1
1101 290 1103 1
1104 1106 49 1
1105 49 1106 1
290 1101 1093 1
1106 1093 1101 1
18 867 1109 1
1110 1109 867 1
1107 293 1110 1
1108 1110 293 1
1113 861 1111 1
2 1111 861 1
293 1107 1112 1
1113 1112 1107 1
1094 1116 44 1
1115 44 1116 1
1112 1116 293 1
1114 293 1116 1
1117 1118 49 1
1104 49 1118 1
293 1114 1108 1
1118 1108 1114 1
20 1119 1122 1
1123 1122 1119 1
297 1121 1120 1
1123 1120 1121 1
13 1124 1126 1
1127 1126 1124 1
1120 1127 297 1
1125 297 1127 1
1102 1130 47 1
1129 47 1130 1
297 1125 1128 1
1130 1128 1125 1
1131 1132 50 1
1096 50 1132 1
1128 1132 297 1
1121 297 1132 1
18 1109 755 1
1135 755 1109 1
298 1134 1133 1
1135 1133 1134 1
1105 1137 49 1
1117 49 1137 1
1133 1137 298 1
1136 298 1137 1
1129 1139 47 1
1100 47 1139 1
298 1136 1138 1
1139 1138 1136 1
13 761 1124 1
1140 1124 761 1
1138 1140 298 1
1134 298 1140 1
20 1122 808 1
1143 808 1122 1
1142 1143 299 1
1141 299 1143 1
1098 1145 50 1
1131 50 1145 1
299 1141 1144 1
1145 1144 1141 1
1115 1147 44 1
1091 44 1147 1
1144 1147 299 1
1146 299 1147 1
1148 1111 798 1
2 798 1111 1
1148 1142 1146 1
299 1146 1142 1
16 1149 822 1
1152 822 1149 1
1151 1152 302 1
1150 302 1152 1
1082 1155 48 1
1154 48 1155 1
302 1150 1153 1
1155 1153 1150 1
1156 1158 43 1
1075 43 1158 1
1153 1158 302 1
1157 302 1158 1
1160 1159 813 1
1 813 1159 1
302 1157 1151 1
1160 1151 1157 1
772 1164 12 1
1163 12 1164 1
1161 304 1164 1
1162 1164 304 1
1159 1166 1 1
765 1 1166 1
1166 1165 1161 1
304 1161 1165 1
1078 1168 43 1
1156 43 1168 1
1165 1168 304 1
1167 304 1168 1
1169 1170 46 1
1088 46 1170 1
304 1167 1162 1
1170 1162 1167 1
1171 1174 10 1
744 10 1174 1
1173 1174 306 1
1172 306 1174 1
1086 1177 45 1
1176 45 1177 1
306 1172 1175 1
1177 1175 1172 1
1154 1179 48 1
1080 48 1179 1
1175 1179 306 1
1178 306 1179 1
16 749 1149 1
1180 1149 749 1
306 1178 1173 1
1180 1173 1178 1
12 1163 1183 1
1184 1183 1163 1
308 1182 1181 1
1184 1181 1182 1
1089 1186 46 1
1169 46 1186 1
1181 1186 308 1
1185 308 1186 1
1176 1188 45 1
1084 45 1188 1
308 1185 1187 1
1188 1187 1185 1
10 1189 1171 1
1190 1171 1189 1
1187 1190 308 1
1182 308 1190 1
38 1191 1072 1
1194 1072 1191 1
312 1193 1192 1
1194 1192 1193 1
51 1195 1197 1
1198 1197 1195 1
312 1192 1196 1
1198 1196 1192 1
1201 53 1202 1
1199 1202 53 1
312 1196 1200 1
1202 1200 1196 1
1205 1204 1043 1
36 1043 1204 1
312 1200 1203 1
1205 1203 1200 1
1063 1206 37 1
1037 37 1206 1
1203 1206 312 1
1193 312 1206 1
52 1207 1210 1
1211 1210 1207 1
1211 1208 1209 1
317 1209 1208 1
1212 1215 53 1
1214 53 1215 1
1208 1215 317 1
1213 317 1215 1
1216 1219 57 1
1218 57 1219 1
1217 317 1219 1
1213 1219 317 1
1222 1221 1220 1
56 1220 1221 1
317 1217 1209 1
1222 1209 1217 1
1225 1212 1201 1
53 1201 1212 1
320 1224 1223 1
1225 1223 1224 1
51 1226 1195 1
1228 1195 1226 1
1227 320 1228 1
1223 1228 320 1
1232 1231 1229 1
54 1229 1231 1
320 1227 1230 1
1232 1230 1227 1
1218 1234 57 1
1233 57 1234 1
1230 1234 320 1
1224 320 1234 1
1238 1229 1235 1
54 1235 1229 1
323 1237 1236 1
1238 1236 1237 1
1239 1242 55 1
1241 55 1242 1
1236 1242 323 1
1240 323 1242 1
1221 1245 56 1
1244 56 1245 1
323 1240 1243 1
1245 1243 1240 1
1233 1246 57 1
1216 57 1246 1
1243 1246 323 1
1237 323 1246 1
1247 1251 69 1
1250 69 1251 1
1249 1251 327 1
1248 327 1251 1
76 1252 1254 1
1255 1254 1252 1
327 1248 1253 1
1255 1253 1248 1
920 1258 21 1
1257 21 1258 1
1253 1258 327 1
1256 327 1258 1
22 1259 914 1
1260 914 1259 1
327 1256 1249 1
1260 1249 1256 1
1264 77 1265 1
1261 1265 77 1
1263 1265 331 1
1262 331 1265 1
1269 1268 1266 1
80 1266 1268 1
331 1262 1267 1
1269 1267 1262 1
963 1272 25 1
1271 25 1272 1
1270 331 1272 1
1267 1272 331 1
33 1273 959 1
1274 959 1273 1
331 1270 1263 1
1274 1263 1270 1
1266 80 1278 1
1275 1278 80 1
1277 1278 334 1
1276 334 1278 1
1282 1281 1279 1
81 1279 1281 1
334 1276 1280 1
1282 1280 1276 1
1284 26 1285 1
953 1285 26 1
1280 1285 334 1
1283 334 1285 1
25 1271 948 1
1286 948 1271 1
1286 1277 1283 1
334 1283 1277 1
1287 1291 67 1
1290 67 1291 1
1289 1291 338 1
1288 338 1291 1
1295 1294 1292 1
68 1292 1294 1
338 1288 1293 1
1295 1293 1288 1
1297 12 1298 1
1183 1298 12 1
1293 1298 338 1
1296 338 1298 1
1300 1189 1299 1
10 1299 1189 1
338 1296 1289 1
1300 1289 1296 1
78 1301 1304 1
1305 1304 1301 1
1305 1302 1303 1
342 1303 1302 1
1306 1309 74 1
1308 74 1309 1
1307 342 1309 1
1302 1309 342 1
1312 1311 1126 1
13 1126 1311 1
342 1307 1310 1
1312 1310 1307 1
1313 1314 20 1
1119 20 1314 1
1303 342 1314 1
1310 1314 342 1
1315 1318 76 1
1252 76 1318 1
1317 1318 344 1
1316 344 1318 1
1321 1320 1264 1
77 1264 1320 1
344 1316 1319 1
1321 1319 1316 1
937 1323 33 1
1273 33 1323 1
1322 344 1323 1
1319 1323 344 1
21 1257 933 1
1324 933 1257 1
344 1322 1317 1
1324 1317 1322 1
1328 70 1329 1
1325 1329 70 1
1326 347 1329 1
1327 1329 347 1
69 1250 1331 1
1332 1331 1250 1
347 1326 1330 1
1332 1330 1326 1
1031 1334 22 1
1259 22 1334 1
1330 1334 347 1
1333 347 1334 1
34 1335 1027 1
1336 1027 1335 1
347 1333 1327 1
1336 1327 1333 1
1340 71 1341 1
1337 1341 71 1
1339 1341 350 1
1338 350 1341 1
1344 1343 1328 1
70 1328 1343 1
350 1338 1342 1
1344 1342 1338 1
1045 1346 34 1
1335 34 1346 1
1345 350 1346 1
1342 1346 350 1
36 1347 1041 1
1348 1041 1347 1
1348 1339 1345 1
350 1345 1339 1
59 1349 1352 1
1353 1352 1349 1
1351 1353 355 1
1350 355 1353 1
65 1354 1356 1
1357 1356 1354 1
355 1350 1355 1
1357 1355 1350 1
1358 1361 39 1
1360 39 1361 1
1355 1361 355 1
1359 355 1361 1
38 1362 1363 1
1364 1363 1362 1
355 1359 1351 1
1364 1351 1359 1
1368 60 1369 1
1365 1369 60 1
358 1367 1366 1
1369 1366 1367 1
1372 1371 1352 1
59 1352 1371 1
1370 358 1372 1
1366 1372 358 1
38 1073 1362 1
1374 1362 1073 1
1374 1373 1370 1
358 1370 1373 1
1375 1376 42 1
1068 42 1376 1
1373 1376 358 1
1367 358 1376 1
1380 79 1381 1
1377 1381 79 1
1379 1381 361 1
1378 361 1381 1
1383 78 1384 1
1304 1384 78 1
361 1378 1382 1
1384 1382 1378 1
20 809 1313 1
1386 1313 809 1
1385 361 1386 1
1382 1386 361 1
19 1387 804 1
1388 804 1387 1
1388 1379 1385 1
361 1385 1379 1
68 1389 1292 1
1392 1292 1389 1
364 1391 1390 1
1392 1390 1391 1
1393 1396 58 1
1395 58 1396 1
1394 364 1396 1
1390 1396 364 1
11 776 1398 1
1399 1398 776 1
364 1394 1397 1
1399 1397 1394 1
770 12 1400 1
1297 1400 12 1
1397 1400 364 1
1391 364 1400 1
1404 1393 1401 1
58 1401 1393 1
367 1403 1402 1
1404 1402 1403 1
1405 1408 61 1
1407 61 1408 1
1406 367 1408 1
1402 1408 367 1
23 793 1410 1
1411 1410 793 1
367 1406 1409 1
1411 1409 1406 1
1398 1412 11 1
789 11 1412 1
1409 1412 367 1
1403 367 1412 1
1413 1416 61 1
1405 61 1416 1
370 1415 1414 1
1416 1414 1415 1
1420 1419 1417 1
62 1417 1419 1
370 1414 1418 1
1420 1418 1414 1
35 1025 1422 1
1423 1422 1025 1
1421 370 1423 1
1418 1423 370 1
1410 1424 23 1
1019 23 1424 1
1421 1424 370 1
1415 370 1424 1
1425 1428 62 1
1417 62 1428 1
1427 1428 373 1
1426 373 1428 1
1429 1432 63 1
1431 63 1432 1
373 1426 1430 1
1432 1430 1426 1
1435 1434 1053 1
40 1053 1434 1
1433 373 1435 1
1430 1435 373 1
35 1422 1047 1
1436 1047 1422 1
1436 1427 1433 1
373 1433 1427 1
1440 1429 1437 1
63 1437 1429 1
376 1439 1438 1
1440 1438 1439 1
1441 1444 64 1
1443 64 1444 1
1438 1444 376 1
1442 376 1444 1
41 1057 1446 1
1447 1446 1057 1
376 1442 1445 1
1447 1445 1442 1
1434 1448 40 1
1051 40 1448 1
1445 1448 376 1
1439 376 1448 1
1452 1441 1449 1
64 1449 1441 1
1451 1452 378 1
1450 378 1452 1
1455 1454 1368 1
60 1368 1454 1
378 1450 1453 1
1455 1453 1450 1
1070 1457 42 1
1375 42 1457 1
1453 1457 378 1
1456 378 1457 1
41 1446 1065 1
1458 1065 1446 1
1458 1451 1456 1
378 1456 1451 1
1462 1461 1340 1
71 1340 1461 1
381 1460 1459 1
1462 1459 1460 1
1347 36 1464 1
1204 1464 36 1
381 1459 1463 1
1464 1463 1459 1
53 1214 1199 1
1466 1199 1214 1
381 1463 1465 1
1466 1465 1463 1
1467 1469 52 1
1207 52 1469 1
381 1465 1468 1
1469 1468 1465 1
1470 1472 72 1
1471 72 1472 1
381 1468 1460 1
1472 1460 1468 1
38 1363 1191 1
1475 1191 1363 1
1475 1473 1474 1
383 1474 1473 1
39 1476 1358 1
1478 1358 1476 1
1478 1477 1473 1
383 1473 1477 1
1197 1480 51 1
1479 51 1480 1
1477 1480 383 1
1474 383 1480 1
1485 1484 1481 1
85 1481 1484 1
1483 1485 388 1
1482 388 1485 1
1489 1488 1486 1
83 1486 1488 1
388 1482 1487 1
1489 1487 1482 1
1490 1493 84 1
1492 84 1493 1
1487 1493 388 1
1491 388 1493 1
1496 1495 1494 1
82 1494 1495 1
388 1491 1483 1
1496 1483 1491 1
1497 1501 92 1
1500 92 1501 1
1499 1501 393 1
1498 393 1501 1
1505 1504 1502 1
89 1502 1504 1
393 1498 1503 1
1505 1503 1498 1
1509 1508 1506 1
88 1506 1508 1
1507 393 1509 1
1503 1509 393 1
93 1510 1511 1
1512 1511 1510 1
1512 1499 1507 1
393 1507 1499 1
93 1513 1516 1
1517 1516 1513 1
1517 1514 1515 1
398 1515 1514 1
1521 1520 1518 1
86 1518 1520 1
1514 1521 398 1
1519 398 1521 1
1525 1524 1522 1
87 1522 1524 1
398 1519 1523 1
1525 1523 1519 1
1526 1528 94 1
1527 94 1528 1
1515 398 1528 1
1523 1528 398 1
89 1529 1502 1
1532 1502 1529 1
1530 402 1532 1
1531 1532 402 1
1535 90 1536 1
1533 1536 90 1
1530 1536 402 1
1534 402 1536 1
1539 91 1540 1
1537 1540 91 1
1534 1540 402 1
1538 402 1540 1
1542 1541 1508 1
88 1508 1541 1
402 1538 1531 1
1542 1531 1538 1
1543 1546 90 1
1533 90 1546 1
1544 405 1546 1
1545 1546 405 1
1524 1549 87 1
1548 87 1549 1
1547 405 1549 1
1544 1549 405 1
1518 86 1552 1
1550 1552 86 1
405 1547 1551 1
1552 1551 1547 1
1554 1553 1539 1
91 1539 1553 1
1545 405 1554 1
1551 1554 405 1
92 1500 1557 1
1558 1557 1500 1
408 1556 1555 1
1558 1555 1556 1
93 1516 1510 1
1560 1510 1516 1
1555 1560 408 1
1559 408 1560 1
1561 1563 94 1
1526 94 1563 1
1562 408 1563 1
1559 1563 408 1
95 1564 1565 1
1566 1565 1564 1
408 1562 1556 1
1566 1556 1562 1
1570 1569 1557 1
92 1557 1569 1
411 1568 1567 1
1570 1567 1568 1
1571 1573 95 1
1564 95 1573 1
411 1567 1572 1
1573 1572 1567 1
55 1241 1575 1
1576 1575 1241 1
411 1572 1574 1
1576 1574 1572 1
1231 1578 54 1
1235 54 1578 1
1574 1578 411 1
1577 411 1578 1
51 1579 1226 1
1580 1226 1579 1
411 1577 1568 1
1580 1568 1577 1
94 1581 1561 1
1584 1561 1581 1
1584 1582 1583 1
413 1583 1582 1
1586 52 1587 1
1210 1587 52 1
1585 413 1587 1
1582 1587 413 1
1244 1589 56 1
1220 56 1589 1
413 1585 1588 1
1589 1588 1585 1
1575 1591 55 1
1239 55 1591 1
413 1588 1590 1
1591 1590 1588 1
1571 95 1592 1
1565 1592 95 1
1590 1592 413 1
1583 413 1592 1
1593 1596 87 1
1522 87 1596 1
416 1595 1594 1
1596 1594 1595 1
1597 1600 73 1
1599 73 1600 1
416 1594 1598 1
1600 1598 1594 1
72 1471 1602 1
1603 1602 1471 1
416 1598 1601 1
1603 1601 1598 1
1605 1467 1586 1
52 1586 1467 1
416 1601 1604 1
1605 1604 1601 1
94 1527 1581 1
1606 1581 1527 1
1606 1595 1604 1
416 1604 1595 1
1611 1610 1607 1
66 1607 1610 1
420 1609 1608 1
1611 1608 1609 1
1614 1613 1535 1
90 1535 1613 1
420 1608 1612 1
1614 1612 1608 1
1615 1617 89 1
1529 89 1617 1
420 1612 1616 1
1617 1616 1612 1
39 1360 1619 1
1620 1619 1360 1
420 1616 1618 1
1620 1618 1616 1
1621 1622 65 1
1354 65 1622 1
1618 1622 420 1
1609 420 1622 1
73 1599 1625 1
1626 1625 1599 1
1626 1623 1624 1
422 1624 1623 1
87 1548 1593 1
1628 1593 1548 1
422 1623 1627 1
1628 1627 1623 1
1630 1543 1613 1
90 1613 1543 1
422 1627 1629 1
1630 1629 1627 1
66 1631 1607 1
1632 1607 1631 1
1624 422 1632 1
1629 1632 422 1
1619 1635 39 1
1476 39 1635 1
1634 1635 423 1
1633 423 1635 1
1637 1615 1504 1
89 1504 1615 1
423 1633 1636 1
1637 1636 1633 1
92 1569 1497 1
1639 1497 1569 1
423 1636 1638 1
1639 1638 1636 1
51 1479 1579 1
1640 1579 1479 1
423 1638 1634 1
1640 1634 1638 1
1506 88 1644 1
1641 1644 88 1
1643 1644 426 1
1642 426 1644 1
1488 1647 83 1
1646 83 1647 1
1642 1647 426 1
1645 426 1647 1
1648 1650 85 1
1481 85 1650 1
1649 426 1650 1
1645 1650 426 1
93 1511 1651 1
1652 1651 1511 1
426 1649 1643 1
1652 1643 1649 1
91 1653 1537 1
1656 1537 1653 1
1656 1654 1655 1
428 1655 1654 1
1492 1659 84 1
1658 84 1659 1
1654 1659 428 1
1657 428 1659 1
1646 1661 83 1
1486 83 1661 1
1657 1661 428 1
1660 428 1661 1
1541 1662 88 1
1641 88 1662 1
1662 1655 1660 1
428 1660 1655 1
86 1663 1550 1
1666 1550 1663 1
1665 1666 430 1
1664 430 1666 1
1668 82 1669 1
1495 1669 82 1
1664 1669 430 1
1667 430 1669 1
1658 1671 84 1
1490 84 1671 1
1670 430 1671 1
1667 1671 430 1
91 1553 1653 1
1672 1653 1553 1
1672 1665 1670 1
430 1670 1665 1
93 1651 1513 1
1675 1513 1651 1
431 1674 1673 1
1675 1673 1674 1
1484 1677 85 1
1648 85 1677 1
1673 1677 431 1
1676 431 1677 1
1668 1679 82 1
1494 82 1679 1
1678 431 1679 1
1676 1679 431 1
1520 1680 86 1
1663 86 1680 1
1674 431 1680 1
1678 1680 431 1
14 763 1683 1
1684 1683 763 1
1684 1681 1682 1
435 1682 1681 1
1687 759 1685 1
13 1685 759 1
435 1681 1686 1
1687 1686 1681 1
1688 1691 97 1
1690 97 1691 1
1689 435 1691 1
1686 1691 435 1
1692 1694 98 1
1693 98 1694 1
1682 435 1694 1
1689 1694 435 1
1685 13 1697 1
1311 1697 13 1
1696 1697 438 1
1695 438 1697 1
1700 1306 1698 1
74 1698 1306 1
438 1695 1699 1
1700 1699 1695 1
1701 1704 100 1
1703 100 1704 1
1699 1704 438 1
1702 438 1704 1
97 1690 1705 1
1706 1705 1690 1
438 1702 1696 1
1706 1696 1702 1
67 1290 1709 1
1710 1709 1290 1
442 1708 1707 1
1710 1707 1708 1
1711 1713 10 1
1299 10 1713 1
1707 1713 442 1
1712 442 1713 1
96 1714 1716 1
1717 1716 1714 1
442 1712 1715 1
1717 1715 1712 1
1718 1720 99 1
1719 99 1720 1
1715 1720 442 1
1708 442 1720 1
10 746 1711 1
1723 1711 746 1
1721 444 1723 1
1722 1723 444 1
740 14 1725 1
1683 1725 14 1
1725 1724 1721 1
444 1721 1724 1
1692 98 1728 1
1726 1728 98 1
1724 1728 444 1
1727 444 1728 1
1729 96 1730 1
1716 1730 96 1
444 1727 1722 1
1730 1722 1727 1
1734 1701 1731 1
100 1731 1701 1
447 1733 1732 1
1734 1732 1733 1
75 1735 1737 1
1738 1737 1735 1
1732 1738 447 1
1736 447 1738 1
98 1693 1740 1
1741 1740 1693 1
447 1736 1739 1
1741 1739 1736 1
1688 97 1742 1
1705 1742 97 1
1739 1742 447 1
1733 447 1742 1
75 1743 1735 1
1746 1735 1743 1
1745 1746 449 1
1744 449 1746 1
1749 1748 1719 1
99 1719 1748 1
449 1744 1747 1
1749 1747 1744 1
1729 1751 96 1
1714 96 1751 1
1747 1751 449 1
1750 449 1751 1
98 1740 1726 1
1752 1726 1740 1
449 1750 1745 1
1752 1745 1750 1
1757 1756 1753 1
101 1753 1756 1
1757 1754 1755 1
453 1755 1754 1
1758 1761 102 1
1760 102 1761 1
1754 1761 453 1
1759 453 1761 1
1762 1764 103 1
1763 103 1764 1
1759 1764 453 1
1755 453 1764 1
1768 1767 1756 1
101 1756 1767 1
456 1766 1765 1
1768 1765 1766 1
103 1769 1762 1
1771 1762 1769 1
456 1765 1770 1
1771 1770 1765 1
806 1774 19 1
1773 19 1774 1
1770 1774 456 1
1772 456 1774 1
27 881 800 1
1776 800 881 1
456 1772 1775 1
1776 1775 1772 1
875 8 1778 1
1777 1778 8 1
456 1775 1766 1
1778 1766 1775 1
1767 1781 101 1
1753 101 1781 1
458 1780 1779 1
1781 1779 1780 1
8 989 1777 1
1783 1777 989 1
458 1779 1782 1
1783 1782 1779 1
1785 986 942 1
4 942 986 1
458 1782 1784 1
1785 1784 1782 1
26 1786 952 1
1788 952 1786 1
458 1784 1787 1
1788 1787 1784 1
102 1760 1789 1
1790 1789 1760 1
458 1787 1780 1
1790 1780 1787 1
1795 1794 1791 1
104 1791 1794 1
461 1793 1792 1
1795 1792 1793 1
1789 1798 102 1
1797 102 1798 1
1792 1798 461 1
1796 461 1798 1
1786 26 1800 1
1284 1800 26 1
1800 1799 1796 1
461 1796 1799 1
1279 81 1802 1
1801 1802 81 1
1799 1802 461 1
1793 461 1802 1
1805 79 1806 1
1380 1806 79 1
1804 1806 464 1
1803 464 1806 1
19 1773 1387 1
1808 1387 1773 1
464 1803 1807 1
1808 1807 1803 1
1809 1811 103 1
1769 103 1811 1
1807 1811 464 1
1810 464 1811 1
1814 1813 1812 1
105 1812 1813 1
464 1810 1804 1
1814 1804 1810 1
1763 1818 103 1
1817 103 1818 1
1815 468 1818 1
1816 1818 468 1
102 1819 1758 1
1821 1758 1819 1
1821 1820 1815 1
468 1815 1820 1
1825 1824 1822 1
106 1822 1824 1
468 1820 1823 1
1825 1823 1820 1
1828 1827 1826 1
107 1826 1827 1
1828 1816 1823 1
468 1823 1816 1
102 1797 1819 1
1831 1819 1797 1
471 1830 1829 1
1831 1829 1830 1
1832 1834 104 1
1791 104 1834 1
1829 1834 471 1
1833 471 1834 1
108 1835 1837 1
1838 1837 1835 1
471 1833 1836 1
1838 1836 1833 1
1824 1840 106 1
1839 106 1840 1
1836 1840 471 1
1830 471 1840 1
1843 105 1844 1
1813 1844 105 1
1842 1844 474 1
1841 474 1844 1
1846 1809 1817 1
103 1817 1809 1
474 1841 1845 1
1846 1845 1841 1
1847 1849 107 1
1826 107 1849 1
1848 474 1849 1
1845 1849 474 1
109 1850 1851 1
1852 1851 1850 1
1852 1842 1848 1
474 1848 1842 1
1855 1822 1839 1
106 1839 1822 1
476 1854 1853 1
1855 1853 1854 1
1856 1858 108 1
1835 108 1858 1
1853 1858 476 1
1857 476 1858 1
1851 1861 109 1
1860 109 1861 1
1857 1861 476 1
1859 476 1861 1
1862 1847 1827 1
107 1827 1847 1
476 1859 1854 1
1862 1854 1859 1
1863 1867 115 1
1866 115 1867 1
481 1865 1864 1
1867 1864 1865 1
125 1868 1870 1
1871 1870 1868 1
1869 481 1871 1
1864 1871 481 1
1875 1874 1872 1
119 1872 1874 1
481 1869 1873 1
1875 1873 1869 1
1878 1877 1876 1
123 1876 1877 1
1873 1878 481 1
1865 481 1878 1
1882 1881 1866 1
115 1866 1881 1
485 1880 1879 1
1882 1879 1880 1
1883 1885 123 1
1876 123 1885 1
1884 485 1885 1
1879 1885 485 1
1889 1888 1886 1
122 1886 1888 1
485 1884 1887 1
1889 1887 1884 1
127 1890 1891 1
1892 1891 1890 1
1887 1892 485 1
1880 485 1892 1
110 1893 1896 1
1897 1896 1893 1
1895 1897 490 1
1894 490 1897 1
133 1898 1900 1
1901 1900 1898 1
490 1894 1899 1
1901 1899 1894 1
1902 1905 120 1
1904 120 1905 1
1899 1905 490 1
1903 490 1905 1
121 1906 1907 1
1908 1907 1906 1
490 1903 1895 1
1908 1895 1903 1
116 1909 1912 1
1913 1912 1909 1
494 1911 1910 1
1913 1910 1911 1
1914 1917 132 1
1916 132 1917 1
1910 1917 494 1
1915 494 1917 1
120 1904 1919 1
1920 1919 1904 1
494 1915 1918 1
1920 1918 1915 1
1921 1922 133 1
1898 133 1922 1
1918 1922 494 1
1911 494 1922 1
111 1923 1926 1
1927 1926 1923 1
499 1925 1924 1
1927 1924 1925 1
129 1928 1930 1
1931 1930 1928 1
1931 1929 1924 1
499 1924 1929 1
1935 1934 1932 1
128 1932 1934 1
499 1929 1933 1
1935 1933 1929 1
1936 1938 136 1
1937 136 1938 1
1933 1938 499 1
1925 499 1938 1
1939 1942 110 1
1893 110 1942 1
1941 1942 503 1
1940 503 1942 1
125 1943 1945 1
1946 1945 1943 1
503 1940 1944 1
1946 1944 1940 1
1947 1950 124 1
1949 124 1950 1
1944 1950 503 1
1948 503 1950 1
133 1900 1951 1
1952 1951 1900 1
503 1948 1941 1
1952 1941 1948 1
1956 1863 1953 1
115 1953 1863 1
506 1955 1954 1
1956 1954 1955 1
1957 1960 141 1
1959 141 1960 1
1954 1960 506 1
1958 506 1960 1
124 1949 1962 1
1963 1962 1949 1
506 1958 1961 1
1963 1961 1958 1
125 1870 1943 1
1964 1943 1870 1
1961 1964 506 1
1955 506 1964 1
1969 1968 1965 1
114 1965 1968 1
1967 1969 510 1
1966 510 1969 1
1970 1973 139 1
1972 139 1973 1
510 1966 1971 1
1973 1971 1966 1
1962 1976 124 1
1975 124 1976 1
1974 510 1976 1
1971 1976 510 1
141 1977 1957 1
1978 1957 1977 1
1978 1967 1974 1
510 1974 1967 1
1912 1982 116 1
1981 116 1982 1
1979 512 1982 1
1980 1982 512 1
133 1951 1921 1
1984 1921 1951 1
1983 512 1984 1
1979 1984 512 1
124 1975 1947 1
1986 1947 1975 1
1986 1985 1983 1
512 1983 1985 1
1988 1970 1987 1
139 1987 1970 1
1985 1988 512 1
1980 512 1988 1
1926 1992 111 1
1991 111 1992 1
1990 1992 516 1
1989 516 1992 1
136 1993 1936 1
1995 1936 1993 1
516 1989 1994 1
1995 1994 1989 1
1996 1999 126 1
1998 126 1999 1
1994 1999 516 1
1997 516 1999 1
127 2000 2001 1
2002 2001 2000 1
516 1997 1990 1
2002 1990 1997 1
2007 2006 2003 1
117 2003 2006 1
520 2005 2004 1
2007 2004 2005 1
2008 2011 138 1
2010 138 2011 1
2009 520 2011 1
2004 2011 520 1
126 1998 2013 1
2014 2013 1998 1
520 2009 2012 1
2014 2012 2009 1
2015 2016 136 1
1993 136 2016 1
2012 2016 520 1
2005 520 2016 1
1968 2020 114 1
2019 114 2020 1
2017 523 2020 1
2018 2020 523 1
2021 2023 141 1
1977 141 2023 1
523 2017 2022 1
2023 2022 2017 1
2013 2026 126 1
2025 126 2026 1
2022 2026 523 1
2024 523 2026 1
138 2027 2008 1
2028 2008 2027 1
523 2024 2018 1
2028 2018 2024 1
1881 2031 115 1
1953 115 2031 1
524 2030 2029 1
2031 2029 2030 1
127 2001 1890 1
2033 1890 2001 1
2032 524 2033 1
2029 2033 524 1
126 2025 1996 1
2035 1996 2025 1
524 2032 2034 1
2035 2034 2032 1
141 1959 2021 1
2036 2021 1959 1
2034 2036 524 1
2030 524 2036 1
2041 2040 2037 1
112 2037 2040 1
529 2039 2038 1
2041 2038 2039 1
140 2042 2044 1
2045 2044 2042 1
2043 529 2045 1
2038 2045 529 1
130 2046 2048 1
2049 2048 2046 1
2049 2047 2043 1
529 2043 2047 1
131 2050 2051 1
2052 2051 2050 1
2047 2052 529 1
2039 529 2052 1
2056 118 2057 1
2053 2057 118 1
533 2055 2054 1
2057 2054 2055 1
2061 2060 2058 1
142 2058 2060 1
2054 2061 533 1
2059 533 2061 1
130 2048 2063 1
2064 2063 2048 1
533 2059 2062 1
2064 2062 2059 1
2065 2066 140 1
2042 140 2066 1
2062 2066 533 1
2055 533 2066 1
2067 2071 113 1
2070 113 2071 1
2069 2071 538 1
2068 538 2071 1
135 2072 2074 1
2075 2074 2072 1
2075 2073 2068 1
538 2068 2073 1
2076 2079 134 1
2078 134 2079 1
2073 2079 538 1
2077 538 2079 1
137 2080 2081 1
2082 2081 2080 1
538 2077 2069 1
2082 2069 2077 1
118 2083 2053 1
2086 2053 2083 1
541 2085 2084 1
2086 2084 2085 1
2081 2089 137 1
2088 137 2089 1
2084 2089 541 1
2087 541 2089 1
134 2090 2076 1
2092 2076 2090 1
541 2087 2091 1
2092 2091 2087 1
2060 2094 142 1
2093 142 2094 1
2091 2094 541 1
2085 541 2094 1
2095 2098 114 1
1965 114 2098 1
2097 2098 544 1
2096 544 2098 1
118 2056 2100 1
2101 2100 2056 1
544 2096 2099 1
2101 2099 2096 1
2102 2104 140 1
2065 140 2104 1
2099 2104 544 1
2103 544 2104 1
139 1972 2105 1
2106 2105 1972 1
544 2103 2097 1
2106 2097 2103 1
138 2010 2109 1
2110 2109 2010 1
2110 2107 2108 1
547 2108 2107 1
2111 2113 117 1
2003 117 2113 1
2107 2113 547 1
2112 547 2113 1
2070 2116 113 1
2115 113 2116 1
547 2112 2114 1
2116 2114 2112 1
2117 2118 137 1
2080 137 2118 1
2108 547 2118 1
2114 2118 547 1
132 1916 2121 1
2122 2121 1916 1
2122 2119 2120 1
550 2120 2119 1
2123 2125 116 1
1909 116 2125 1
2119 2125 550 1
2124 550 2125 1
2128 2127 2040 1
112 2040 2127 1
550 2124 2126 1
2128 2126 2124 1
131 2129 2050 1
2130 2050 2129 1
2120 550 2130 1
2126 2130 550 1
137 2088 2117 1
2133 2117 2088 1
551 2132 2131 1
2133 2131 2132 1
2100 2135 118 1
2083 118 2135 1
2131 2135 551 1
2134 551 2135 1
114 2019 2095 1
2137 2095 2019 1
551 2134 2136 1
2137 2136 2134 1
2109 2138 138 1
2027 138 2138 1
2136 2138 551 1
2132 551 2138 1
2105 2141 139 1
1987 139 2141 1
2140 2141 552 1
2139 552 2141 1
140 2044 2102 1
2143 2102 2044 1
552 2139 2142 1
2143 2142 2139 1
2127 2145 112 1
2037 112 2145 1
2142 2145 552 1
2144 552 2145 1
116 1981 2123 1
2146 2123 1981 1
552 2144 2140 1
2146 2140 2144 1
132 2121 2149 1
2150 2149 2121 1
2148 2150 556 1
2147 556 2150 1
2153 2129 2151 1
131 2151 2129 1
556 2147 2152 1
2153 2152 2147 1
2154 2157 143 1
2156 143 2157 1
2155 556 2157 1
2152 2157 556 1
144 2158 2159 1
2160 2159 2158 1
2160 2148 2155 1
556 2155 2148 1
2159 2164 144 1
2163 144 2164 1
2162 2164 560 1
2161 560 2164 1
2167 2154 2165 1
143 2165 2154 1
560 2161 2166 1
2167 2166 2161 1
2168 2171 145 1
2170 145 2171 1
2169 560 2171 1
2166 2171 560 1
146 2172 2173 1
2174 2173 2172 1
560 2169 2162 1
2174 2162 2169 1
144 2163 2177 1
2178 2177 2163 1
564 2176 2175 1
2178 2175 2176 1
2179 2181 146 1
2172 146 2181 1
2175 2181 564 1
2180 564 2181 1
150 2182 2184 1
2185 2184 2182 1
564 2180 2183 1
2185 2183 2180 1
2186 2188 149 1
2187 149 2188 1
2183 2188 564 1
2176 564 2188 1
146 2189 2179 1
2192 2179 2189 1
568 2191 2190 1
2192 2190 2191 1
147 2193 2195 1
2196 2195 2193 1
2190 2196 568 1
2194 568 2196 1
2200 2199 2197 1
151 2197 2199 1
568 2194 2198 1
2200 2198 2194 1
2184 2202 150 1
2201 150 2202 1
2198 2202 568 1
2191 568 2202 1
2207 2206 2203 1
152 2203 2206 1
573 2205 2204 1
2207 2204 2205 1
2208 2211 155 1
2210 155 2211 1
573 2204 2209 1
2211 2209 2204 1
2212 2215 154 1
2214 154 2215 1
573 2209 2213 1
2215 2213 2209 1
2216 2218 157 1
2217 157 2218 1
573 2213 2205 1
2218 2205 2213 1
2223 2222 2219 1
153 2219 2222 1
578 2221 2220 1
2223 2220 2221 1
2224 2227 158 1
2226 158 2227 1
578 2220 2225 1
2227 2225 2220 1
2228 2231 156 1
2230 156 2231 1
2225 2231 578 1
2229 578 2231 1
2232 2234 159 1
2233 159 2234 1
578 2229 2221 1
2234 2221 2229 1
127 2235 2000 1
2238 2000 2235 1
2237 2238 581 1
2236 581 2238 1
2226 2241 158 1
2240 158 2241 1
581 2236 2239 1
2241 2239 2236 1
2242 2244 153 1
2219 153 2244 1
2239 2244 581 1
2243 581 2244 1
2246 2245 1991 1
111 1991 2245 1
581 2243 2237 1
2246 2237 2243 1
129 2247 2250 1
2251 2250 2247 1
585 2249 2248 1
2251 2248 2249 1
2233 2254 159 1
2253 159 2254 1
2248 2254 585 1
2252 585 2254 1
2255 2257 156 1
2228 156 2257 1
585 2252 2256 1
2257 2256 2252 1
122 2258 2259 1
2260 2259 2258 1
2256 2260 585 1
2249 585 2260 1
127 1891 2235 1
2263 2235 1891 1
586 2262 2261 1
2263 2261 2262 1
122 2259 1886 1
2265 1886 2259 1
2261 2265 586 1
2264 586 2265 1
2230 2267 156 1
2255 156 2267 1
586 2264 2266 1
2267 2266 2264 1
2240 2268 158 1
2224 158 2268 1
2266 2268 586 1
2262 586 2268 1
129 1930 2247 1
2271 2247 1930 1
2269 587 2271 1
2270 2271 587 1
2273 1923 2245 1
111 2245 1923 1
2273 2272 2269 1
587 2269 2272 1
2222 2275 153 1
2242 153 2275 1
2272 2275 587 1
2274 587 2275 1
2253 2276 159 1
2232 159 2276 1
587 2274 2270 1
2276 2270 2274 1
125 1945 2279 1
2280 2279 1945 1
2278 2280 590 1
2277 590 2280 1
2283 1939 2281 1
110 2281 1939 1
590 2277 2282 1
2283 2282 2277 1
2206 2286 152 1
2285 152 2286 1
2282 2286 590 1
2284 590 2286 1
2287 2288 157 1
2216 157 2288 1
590 2284 2278 1
2288 2278 2284 1
2289 2292 121 1
1906 121 2292 1
2291 2292 592 1
2290 592 2292 1
2210 2295 155 1
2294 155 2295 1
592 2290 2293 1
2295 2293 2290 1
2285 2297 152 1
2203 152 2297 1
2293 2297 592 1
2296 592 2297 1
2281 110 2298 1
1896 2298 110 1
2298 2291 2296 1
592 2296 2291 1
1874 2302 119 1
2301 119 2302 1
2300 2302 594 1
2299 594 2302 1
125 2279 1868 1
2304 1868 2279 1
594 2299 2303 1
2304 2303 2299 1
2217 2306 157 1
2287 157 2306 1
2303 2306 594 1
2305 594 2306 1
2308 2212 2307 1
154 2307 2212 1
594 2305 2300 1
2308 2300 2305 1
121 2309 2289 1
2312 2289 2309 1
596 2311 2310 1
2312 2310 2311 1
119 2301 2314 1
2315 2314 2301 1
2310 2315 596 1
2313 596 2315 1
2214 2317 154 1
2307 154 2317 1
596 2313 2316 1
2317 2316 2313 1
2294 2318 155 1
2208 155 2318 1
2316 2318 596 1
2311 596 2318 1
147 2195 2321 1
2322 2321 2195 1
600 2320 2319 1
2322 2319 2320 1
2173 2324 146 1
2189 146 2324 1
2319 2324 600 1
2323 600 2324 1
2327 2168 2325 1
145 2325 2168 1
600 2323 2326 1
2327 2326 2323 1
2328 2331 162 1
2330 162 2331 1
600 2326 2329 1
2331 2329 2326 1
160 2332 2333 1
2334 2333 2332 1
600 2329 2320 1
2334 2320 2329 1
161 2335 2338 1
2339 2338 2335 1
2339 2336 2337 1
605 2337 2336 1
2343 2342 2340 1
165 2340 2342 1
605 2336 2341 1
2343 2341 2336 1
2344 2347 166 1
2346 166 2347 1
2341 2347 605 1
2345 605 2347 1
2349 162 2350 1
2348 2350 162 1
2337 605 2350 1
2345 2350 605 1
2353 2328 2349 1
162 2349 2328 1
608 2352 2351 1
2353 2351 2352 1
2354 2356 166 1
2344 166 2356 1
2351 2356 608 1
2355 608 2356 1
2360 2359 2357 1
163 2357 2359 1
608 2355 2358 1
2360 2358 2355 1
160 2333 2361 1
2362 2361 2333 1
2358 2362 608 1
2352 608 2362 1
2366 2365 2359 1
163 2359 2365 1
611 2364 2363 1
2366 2363 2364 1
2346 2368 166 1
2354 166 2368 1
2363 2368 611 1
2367 611 2368 1
2369 2371 165 1
2340 165 2371 1
611 2367 2370 1
2371 2370 2367 1
2373 164 2374 1
2372 2374 164 1
2370 2374 611 1
2364 611 2374 1
2375 2378 69 1
1247 69 2378 1
2377 2378 614 1
2376 614 2378 1
131 2051 2380 1
2381 2380 2051 1
614 2376 2379 1
2381 2379 2376 1
2382 2384 130 1
2046 130 2384 1
2379 2384 614 1
2383 614 2384 1
76 1254 2385 1
2386 2385 1254 1
614 2383 2377 1
2386 2377 2383 1
2387 2390 77 1
1261 77 2390 1
2388 617 2390 1
2389 2390 617 1
142 2093 2392 1
2393 2392 2093 1
617 2388 2391 1
2393 2391 2388 1
2394 2396 134 1
2090 134 2396 1
2391 2396 617 1
2395 617 2396 1
2398 2397 1268 1
80 1268 2397 1
617 2395 2389 1
2398 2389 2395 1
2397 2401 80 1
1275 80 2401 1
2399 619 2401 1
2400 2401 619 1
134 2078 2394 1
2403 2394 2078 1
2403 2402 2399 1
619 2399 2402 1
2404 2406 135 1
2072 135 2406 1
2405 619 2406 1
2402 2406 619 1
2408 2407 1281 1
81 1281 2407 1
619 2405 2400 1
2408 2400 2405 1
2409 2412 67 1
1287 67 2412 1
2411 2412 622 1
2410 622 2412 1
2415 2414 2314 1
119 2314 2414 1
622 2410 2413 1
2415 2413 2410 1
2416 2418 121 1
2309 121 2418 1
2417 622 2418 1
2413 2418 622 1
2420 2419 1294 1
68 1294 2419 1
622 2417 2411 1
2420 2411 2417 1
78 2421 1301 1
2424 1301 2421 1
2424 2422 2423 1
625 2423 2422 1
2250 2427 129 1
2426 129 2427 1
2422 2427 625 1
2425 625 2427 1
2430 2258 2428 1
122 2428 2258 1
625 2425 2429 1
2430 2429 2425 1
2431 74 2432 1
1308 2432 74 1
2429 2432 625 1
2423 625 2432 1
2385 2435 76 1
1315 76 2435 1
2434 2435 626 1
2433 626 2435 1
130 2063 2382 1
2437 2382 2063 1
626 2433 2436 1
2437 2436 2433 1
2058 142 2439 1
2392 2439 142 1
2436 2439 626 1
2438 626 2439 1
2440 2387 1320 1
77 1320 2387 1
626 2438 2434 1
2440 2434 2438 1
2441 2444 70 1
1325 70 2444 1
2443 2444 628 1
2442 628 2444 1
143 2156 2446 1
2447 2446 2156 1
628 2442 2445 1
2447 2445 2442 1
2380 2449 131 1
2151 131 2449 1
2445 2449 628 1
2448 628 2449 1
69 1331 2375 1
2450 2375 1331 1
628 2448 2443 1
2450 2443 2448 1
2451 2454 71 1
1337 71 2454 1
2452 630 2454 1
2453 2454 630 1
145 2170 2456 1
2457 2456 2170 1
2457 2455 2452 1
630 2452 2455 1
2165 143 2459 1
2446 2459 143 1
2455 2459 630 1
2458 630 2459 1
2460 2441 1343 1
70 1343 2441 1
630 2458 2453 1
2460 2453 2458 1
59 2461 1349 1
2464 1349 2461 1
2463 2464 634 1
2462 634 2464 1
147 2465 2467 1
2468 2467 2465 1
634 2462 2466 1
2468 2466 2462 1
2469 2472 148 1
2471 148 2472 1
2466 2472 634 1
2470 634 2472 1
65 1356 2473 1
2474 2473 1356 1
634 2470 2463 1
2474 2463 2470 1
2475 2478 60 1
1365 60 2478 1
636 2477 2476 1
2478 2476 2477 1
2199 2481 151 1
2480 151 2481 1
2479 636 2481 1
2476 2481 636 1
147 2467 2193 1
2483 2193 2467 1
2483 2482 2479 1
636 2479 2482 1
2484 2461 1371 1
59 1371 2461 1
2482 2484 636 1
2477 636 2484 1
2485 2488 79 1
1377 79 2488 1
2486 638 2488 1
2487 2488 638 1
128 1934 2490 1
2491 2490 1934 1
2491 2489 2486 1
638 2486 2489 1
129 2426 1928 1
2493 1928 2426 1
2489 2493 638 1
2492 638 2493 1
1383 2494 78 1
2421 78 2494 1
638 2492 2487 1
2494 2487 2492 1
68 2419 1389 1
2497 1389 2419 1
640 2496 2495 1
2497 2495 2496 1
1907 2499 121 1
2416 121 2499 1
2495 2499 640 1
2498 640 2499 1
120 2500 1902 1
2502 1902 2500 1
640 2498 2501 1
2502 2501 2498 1
2503 58 2504 1
1395 2504 58 1
2501 2504 640 1
2496 640 2504 1
2507 1401 2503 1
58 2503 1401 1
642 2506 2505 1
2507 2505 2506 1
1919 2509 120 1
2500 120 2509 1
2505 2509 642 1
2508 642 2509 1
132 2510 1914 1
2512 1914 2510 1
642 2508 2511 1
2512 2511 2508 1
2513 61 2514 1
1407 2514 61 1
2511 2514 642 1
2506 642 2514 1
2517 1413 2513 1
61 2513 1413 1
644 2516 2515 1
2517 2515 2516 1
2149 2519 132 1
2510 132 2519 1
2518 644 2519 1
2515 2519 644 1
144 2520 2158 1
2522 2158 2520 1
2518 2522 644 1
2521 644 2522 1
2524 2523 1419 1
62 1419 2523 1
644 2521 2516 1
2524 2516 2521 1
1425 62 2527 1
2523 2527 62 1
2526 2527 646 1
2525 646 2527 1
144 2177 2520 1
2529 2520 2177 1
2529 2528 2525 1
646 2525 2528 1
2532 2186 2530 1
149 2530 2186 1
2528 2532 646 1
2531 646 2532 1
2533 63 2534 1
1431 2534 63 1
646 2531 2526 1
2534 2526 2531 1
2537 1437 2533 1
63 2533 1437 1
648 2536 2535 1
2537 2535 2536 1
2187 2539 149 1
2530 149 2539 1
2535 2539 648 1
2538 648 2539 1
150 2540 2182 1
2542 2182 2540 1
648 2538 2541 1
2542 2541 2538 1
2543 64 2544 1
1443 2544 64 1
2541 2544 648 1
2536 648 2544 1
2547 1449 2543 1
64 2543 1449 1
2545 649 2547 1
2546 2547 649 1
150 2201 2540 1
2549 2540 2201 1
2549 2548 2545 1
649 2545 2548 1
2480 2551 151 1
2197 151 2551 1
2548 2551 649 1
2550 649 2551 1
2552 2475 1454 1
60 1454 2475 1
649 2550 2546 1
2552 2546 2550 1
1461 2555 71 1
2451 71 2555 1
651 2554 2553 1
2555 2553 2554 1
2558 1470 2556 1
72 2556 1470 1
651 2553 2557 1
2558 2557 2553 1
2338 2561 161 1
2560 161 2561 1
651 2557 2559 1
2561 2559 2557 1
162 2330 2348 1
2563 2348 2330 1
651 2559 2562 1
2563 2562 2559 1
2456 2564 145 1
2325 145 2564 1
651 2562 2554 1
2564 2554 2562 1
147 2321 2465 1
2567 2465 2321 1
2567 2565 2566 1
653 2566 2565 1
2568 2570 160 1
2332 160 2570 1
2565 2570 653 1
2569 653 2570 1
148 2471 2571 1
2572 2571 2471 1
2572 2566 2569 1
653 2569 2566 1
2577 2576 2573 1
170 2573 2576 1
2575 2577 658 1
2574 658 2577 1
2581 2580 2578 1
167 2578 2580 1
658 2574 2579 1
2581 2579 2574 1
2582 2585 169 1
2584 169 2585 1
2579 2585 658 1
2583 658 2585 1
2588 2587 2586 1
168 2586 2587 1
658 2583 2575 1
2588 2575 2583 1
2589 2593 177 1
2592 177 2593 1
2590 663 2593 1
2591 2593 663 1
178 2594 2596 1
2597 2596 2594 1
2597 2595 2590 1
663 2590 2595 1
2601 2600 2598 1
173 2598 2600 1
2595 2601 663 1
2599 663 2601 1
2604 2603 2602 1
174 2602 2603 1
663 2599 2591 1
2604 2591 2599 1
178 2605 2608 1
2609 2608 2605 1
2609 2606 2607 1
668 2607 2606 1
2612 179 2613 1
2610 2613 179 1
2606 2613 668 1
2611 668 2613 1
2617 2616 2614 1
172 2614 2616 1
668 2611 2615 1
2617 2615 2611 1
2620 2619 2618 1
171 2618 2619 1
2607 668 2620 1
2615 2620 668 1
174 2603 2623 1
2624 2623 2603 1
2622 2624 672 1
2621 672 2624 1
2627 2598 2625 1
173 2625 2598 1
672 2621 2626 1
2627 2626 2621 1
2628 2631 176 1
2630 176 2631 1
2629 672 2631 1
2626 2631 672 1
2632 2634 175 1
2633 175 2634 1
2622 672 2634 1
2629 2634 672 1
2637 175 2638 1
2633 2638 175 1
2636 2638 675 1
2635 675 2638 1
2641 2628 2639 1
176 2639 2628 1
2635 2641 675 1
2640 675 2641 1
2619 2644 171 1
2643 171 2644 1
675 2640 2642 1
2644 2642 2640 1
2614 172 2646 1
2645 2646 172 1
2642 2646 675 1
2636 675 2646 1
177 2647 2589 1
2650 2589 2647 1
678 2649 2648 1
2650 2648 2649 1
180 2651 2653 1
2654 2653 2651 1
678 2648 2652 1
2654 2652 2648 1
2656 179 2657 1
2612 2657 179 1
2652 2657 678 1
2655 678 2657 1
178 2596 2605 1
2658 2605 2596 1
2655 2658 678 1
2649 678 2658 1
2662 2647 2659 1
177 2659 2647 1
681 2661 2660 1
2662 2660 2661 1
160 2361 2664 1
2665 2664 2361 1
681 2660 2663 1
2665 2663 2660 1
2365 2667 163 1
2357 163 2667 1
2663 2667 681 1
2666 681 2667 1
164 2668 2372 1
2670 2372 2668 1
681 2666 2669 1
2670 2669 2666 1
2671 180 2672 1
2653 2672 180 1
681 2669 2661 1
2672 2661 2669 1
179 2656 2675 1
2676 2675 2656 1
2676 2673 2674 1
683 2674 2673 1
2671 2678 180 1
2651 180 2678 1
2677 683 2678 1
2673 2678 683 1
2373 2680 164 1
2668 164 2680 1
683 2677 2679 1
2680 2679 2677 1
2342 2682 165 1
2369 165 2682 1
683 2679 2681 1
2682 2681 2679 1
2683 2684 161 1
2335 161 2684 1
2681 2684 683 1
2674 683 2684 1
2616 2688 172 1
2687 172 2688 1
685 2686 2685 1
2688 2685 2686 1
179 2675 2610 1
2690 2610 2675 1
2690 2689 2685 1
685 2685 2689 1
2692 2683 2560 1
161 2560 2683 1
685 2689 2691 1
2692 2691 2689 1
72 1602 2556 1
2694 2556 1602 1
685 2691 2693 1
2694 2693 2691 1
2696 1597 2695 1
73 2695 1597 1
685 2693 2686 1
2696 2686 2693 1
1610 2700 66 1
2699 66 2700 1
688 2698 2697 1
2700 2697 2698 1
2473 2702 65 1
1621 65 2702 1
2697 2702 688 1
2701 688 2702 1
148 2703 2469 1
2705 2469 2703 1
688 2701 2704 1
2705 2704 2701 1
2707 174 2708 1
2623 2708 174 1
688 2704 2706 1
2708 2706 2704 1
2710 2632 2709 1
175 2709 2632 1
688 2706 2698 1
2710 2698 2706 1
73 1625 2695 1
2713 2695 1625 1
2713 2711 2712 1
689 2712 2711 1
66 2699 1631 1
2715 1631 2699 1
2711 2715 689 1
2714 689 2715 1
2717 2709 2637 1
175 2637 2709 1
689 2714 2716 1
2717 2716 2714 1
172 2687 2645 1
2718 2645 2687 1
689 2716 2712 1
2718 2712 2716 1
2571 2721 148 1
2703 148 2721 1
2720 2721 690 1
2719 690 2721 1
160 2664 2568 1
2723 2568 2664 1
690 2719 2722 1
2723 2722 2719 1
177 2592 2659 1
2725 2659 2592 1
690 2722 2724 1
2725 2724 2722 1
2726 2602 2707 1
174 2707 2602 1
690 2724 2720 1
2726 2720 2724 1
2600 2730 173 1
2729 173 2730 1
2727 693 2730 1
2728 2730 693 1
178 2731 2594 1
2733 2594 2731 1
693 2727 2732 1
2733 2732 2727 1
2576 2736 170 1
2735 170 2736 1
2732 2736 693 1
2734 693 2736 1
2737 2738 168 1
2586 168 2738 1
2728 693 2738 1
2734 2738 693 1
176 2630 2741 1
2742 2741 2630 1
2742 2739 2740 1
695 2740 2739 1
2625 173 2744 1
2729 2744 173 1
2744 2743 2739 1
695 2739 2743 1
2587 2746 168 1
2737 168 2746 1
2743 2746 695 1
2745 695 2746 1
2747 2748 169 1
2582 169 2748 1
2740 695 2748 1
2745 2748 695 1
171 2643 2751 1
2752 2751 2643 1
2749 697 2752 1
2750 2752 697 1
176 2741 2639 1
2754 2639 2741 1
2754 2753 2749 1
697 2749 2753 1
2584 2756 169 1
2747 169 2756 1
2753 2756 697 1
2755 697 2756 1
2757 2758 167 1
2578 167 2758 1
2750 697 2758 1
2755 2758 697 1
178 2608 2731 1
2761 2731 2608 1
698 2760 2759 1
2761 2759 2760 1
2751 2763 171 1
2618 171 2763 1
2759 2763 698 1
2762 698 2763 1
2580 2765 167 1
2757 167 2765 1
2762 2765 698 1
2764 698 2765 1
2735 2766 170 1
2573 170 2766 1
2764 2766 698 1
2760 698 2766 1
123 2767 1883 1
2770 1883 2767 1
2770 2768 2769 1
702 2769 2768 1
2773 183 2774 1
2771 2774 183 1
2768 2774 702 1
2772 702 2774 1
2777 182 2778 1
2775 2778 182 1
2772 2778 702 1
2776 702 2778 1
2780 2779 1888 1
122 1888 2779 1
702 2776 2769 1
2780 2769 2776 1
2779 2783 122 1
2428 122 2783 1
2782 2783 704 1
2781 704 2783 1
182 2784 2775 1
2786 2775 2784 1
704 2781 2785 1
2786 2785 2781 1
1703 2789 100 1
2788 100 2789 1
2785 2789 704 1
2787 704 2789 1
2790 1698 2431 1
74 2431 1698 1
704 2787 2782 1
2790 2782 2787 1
67 1709 2409 1
2793 2409 1709 1
707 2792 2791 1
2793 2791 2792 1
2794 2796 99 1
1718 99 2796 1
2791 2796 707 1
2795 707 2796 1
181 2797 2799 1
2800 2799 2797 1
707 2795 2798 1
2800 2798 2795 1
2801 119 2802 1
2414 2802 119 1
2798 2802 707 1
2792 707 2802 1
119 2801 1872 1
2805 1872 2801 1
2804 2805 709 1
2803 709 2805 1
2806 2808 181 1
2797 181 2808 1
709 2803 2807 1
2808 2807 2803 1
2773 2811 183 1
2810 183 2811 1
2809 709 2811 1
2807 2811 709 1
1877 2812 123 1
2767 123 2812 1
2812 2804 2809 1
709 2809 2804 1
2815 1731 2788 1
100 2788 1731 1
711 2814 2813 1
2815 2813 2814 1
2777 2817 182 1
2784 182 2817 1
2813 2817 711 1
2816 711 2817 1
183 2818 2771 1
2820 2771 2818 1
711 2816 2819 1
2820 2819 2816 1
75 1737 2821 1
2822 2821 1737 1
2819 2822 711 1
2814 711 2822 1
75 2821 1743 1
2825 1743 2821 1
2824 2825 712 1
2823 712 2825 1
183 2810 2818 1
2827 2818 2810 1
712 2823 2826 1
2827 2826 2823 1
2806 181 2829 1
2799 2829 181 1
2826 2829 712 1
2828 712 2829 1
2830 2794 1748 1
99 1748 2794 1
712 2828 2824 1
2830 2824 2828 1
2835 2834 2831 1
184 2831 2834 1
2835 2832 2833 1
716 2833 2832 1
2838 186 2839 1
2836 2839 186 1
2832 2839 716 1
2837 716 2839 1
2840 2842 185 1
2841 185 2842 1
2837 2842 716 1
2833 716 2842 1
2843 2846 184 1
2831 184 2846 1
719 2845 2844 1
2846 2844 2845 1
2006 2849 117 1
2848 117 2849 1
719 2844 2847 1
2849 2847 2844 1
136 1937 2015 1
2851 2015 1937 1
719 2847 2850 1
2851 2850 2847 1
2852 2854 128 1
1932 128 2854 1
2850 2854 719 1
2853 719 2854 1
186 2838 2855 1
2856 2855 2838 1
719 2853 2845 1
2856 2845 2853 1
2834 2859 184 1
2843 184 2859 1
721 2858 2857 1
2859 2857 2858 1
185 2860 2840 1
2862 2840 2860 1
721 2857 2861 1
2862 2861 2857 1
135 2074 2864 1
2865 2864 2074 1
721 2861 2863 1
2865 2863 2861 1
2115 2867 113 1
2067 113 2867 1
721 2863 2866 1
2867 2866 2863 1
117 2848 2111 1
2868 2111 2848 1
721 2866 2858 1
2868 2858 2866 1
2872 2871 1794 1
104 1794 2871 1
723 2870 2869 1
2872 2869 2870 1
2407 2874 81 1
1801 81 2874 1
2873 723 2874 1
2869 2874 723 1
2864 2876 135 1
2404 135 2876 1
2876 2875 2873 1
723 2873 2875 1
2877 2878 185 1
2860 185 2878 1
2875 2878 723 1
2870 723 2878 1
1805 2881 79 1
2485 79 2881 1
2880 2881 725 1
2879 725 2881 1
2884 1812 2882 1
105 2882 1812 1
725 2879 2883 1
2884 2883 2879 1
2855 2887 186 1
2886 186 2887 1
2883 2887 725 1
2885 725 2887 1
128 2490 2852 1
2888 2852 2490 1
725 2885 2880 1
2888 2880 2885 1
2836 186 2892 1
2889 2892 186 1
2891 2892 729 1
2890 729 2892 1
2896 2895 2893 1
188 2893 2895 1
2896 2894 2890 1
729 2890 2894 1
2900 2899 2897 1
187 2897 2899 1
729 2894 2898 1
2900 2898 2894 1
185 2841 2901 1
2902 2901 2841 1
2902 2891 2898 1
729 2898 2891 1
185 2901 2877 1
2905 2877 2901 1
731 2904 2903 1
2905 2903 2904 1
2906 2908 187 1
2897 187 2908 1
2903 2908 731 1
2907 731 2908 1
108 1837 2910 1
2911 2910 1837 1
731 2907 2909 1
2911 2909 2907 1
2871 2912 104 1
1832 104 2912 1
2909 2912 731 1
2904 731 2912 1
1843 2915 105 1
2882 105 2915 1
2913 733 2915 1
2914 2915 733 1
109 2916 1850 1
2918 1850 2916 1
2918 2917 2913 1
733 2913 2917 1
2920 188 2921 1
2895 2921 188 1
2917 2921 733 1
2919 733 2921 1
2922 2889 2886 1
186 2886 2889 1
733 2919 2914 1
2922 2914 2919 1
2925 2906 2899 1
187 2899 2906 1
734 2924 2923 1
2925 2923 2924 1
2927 2893 2920 1
188 2920 2893 1
734 2923 2926 1
2927 2926 2923 1
1860 2929 109 1
2916 109 2929 1
2926 2929 734 1
2928 734 2929 1
2910 2930 108 1
1856 108 2930 1
2928 2930 734 1
2924 734 2930 1
Tetrahedra
10199
2746 168 2737 2738 1
4 943 1784 942 1
2282 2291 2296 2298 1
671 2706 2704 2708 1
488 2499 494 1922 1
2352 2647 2362 2662 1
1174 1173 300 1150 1
2682 2679 611 2367 1
1888 2035 482 1889 1
1481 1489 1486 385 1
2177 2529 2484 2461 1
2700 2473 2697 65 1
1503 1505 402 1531 1
2728 2739 2743 695 1
2197 2200 567 2549 1
672 2631 2626 2595 1
601 2356 2351 2336 1
757 18 865 2959 1
380 2553 2558 1460 1
2366 2363 2670 2668 1
2279 1945 1868 478 1
594 2278 2301 2300 1
2746 2745 168 2738 1
2170 2325 2166 2171 1
1605 1357 1530 1355 1
2082 2069 537 2080 1
2320 2462 599 2334 1
2281 1939 2298 110 1
1587 1564 1567 407 1
2360 681 2663 2357 1
2351 2353 2335 2339 1
351 1467 1357 1356 1
648 2536 2544 2477 1
2647 2352 2335 2684 1
1443 64 2544 2477 1
357 1367 1450 1453 1
2013 518 2014 2432 1
925 242 1320 929 1
2217 571 2212 2308 1
1369 1449 377 1450 1
828 739 827 217 1
2675 2612 2655 2657 1
601 2335 2339 2336 1
2917 2918 2913 732 1
1572 319 1230 1232 1
505 1958 1872 479 1
515 584 495 2269 1
126 2025 2781 2779 1
1584 1586 1587 1582 1
2520 643 2164 2159 1
2056 2053 2057 118 1
349 1464 1347 2942 1
596 590 2315 2310 1
1752 434 1740 1726 1
2125 2144 2146 552 1
2795 2796 544 256 1
2282 2283 2291 2298 1
1345 271 1464 2942 1
2581 169 2580 654 1
145 2325 2171 2168 1
1026 2524 1420 1418 1
2675 2613 2610 682 1
2109 2008 2011 138 1
126 1996 1888 2779 1
2113 2007 2849 2006 1
1681 435 1739 2987 1
2482 2186 2530 2532 1
561 2185 2182 2540 1
2829 709 2804 2806 1
2387 2056 1320 77 1
2592 177 161 2683 1
2217 157 2308 154 1
1979 2416 1982 512 1
965 2089 966 956 1
2805 1974 2803 2964 1
1209 1225 314 317 1
581 2244 2239 585 1
155 572 2316 2318 1
2205 2207 155 573 1
1024 268 1030 70 1
1596 1522 1595 1544 1
937 1322 243 934 1
607 2360 2663 2357 1
2511 2508 642 2512 1
338 1296 1300 1289 1
1469 1196 1467 1207 1
2944 2941 2948 2978 1
2529 2525 2484 2461 1
1613 1605 1629 417 1
632 2565 2566 2567 1
2698 2473 2702 2697 1
618 2405 2873 2876 1
2718 2645 674 2687 1
1492 1485 1487 388 1
1576 321 1236 1238 1
1393 1404 1401 58 1
601 2344 2356 2336 1
2153 628 553 2445 1
2177 2163 2529 2461 1
679 2722 2664 2723 1
2280 2279 2304 2299 1
157 2307 2317 2313 1
150 2185 561 2184 1
616 2397 2399 536 1
2394 2398 616 536 1
544 2101 2794 256 1
166 601 2343 2336 1
182 2784 2813 2956 1
2195 147 2467 2483 1
2303 589 2304 2299 1
2213 2205 2218 573 1
2416 621 1913 1909 1
511 2417 1985 512 1
2431 2013 624 2432 1
645 2535 2484 2477 1
2956 1681 2963 2980 1
743 834 14 742 1
489 1897 1896 1942 1
157 2305 2217 2308 1
2410 1709 2409 2412 1
594 2287 2306 2303 1
585 2248 2253 2254 1
41 1058 1055 275 1
2366 2363 2669 680 1
2521 1026 370 1418 1
1910 494 1913 1911 1
2562 2564 2455 630 1
2415 2414 1985 1986 1
2283 2281 2298 588 1
851 1015 784 336 1
632 2572 653 2569 1
2418 1950 1947 502 1
1196 1207 1202 310 1
2789 2788 1703 100 1
590 2282 2291 592 1
2282 2291 592 2296 1
621 1910 1913 1909 1
2449 628 2448 2129 1
2196 2190 566 2479 1
2364 2366 2670 2668 1
177 2725 2592 2333 1
695 2745 2746 2738 1
2284 2288 2216 2316 1
2319 2172 2324 2189 1
279 1063 1050 1049 1
2562 2564 2325 557 1
1977 2023 2021 1883 1
575 2224 2225 2230 1
2721 148 2719 2571 1
1435 358 1434 1439 1
2245 2246 1991 111 1
2220 2226 574 2257 1
1243 323 1589 1588 1
338 622 2410 441 1
2284 155 2294 2318 1
681 2358 2663 2660 1
434 1692 98 1726 1
1906 489 2292 595 1
489 1939 1896 2298 1
2728 2743 2744 692 1
1913 1910 491 1909 1
712 2826 2770 2767 1
2319 559 2177 2163 1
65 1611 1609 1621 1
2195 2322 147 2321 1
648 636 149 2530 1
1902 488 1919 1920 1
1260 237 910 1249 1
2125 2119 621 491 1
2320 600 2461 2464 1
2193 2196 2479 2483 1
572 2216 2205 2316 1
95 1571 1592 1573 1
1030 1329 1328 70 1
1903 1905 1899 487 1
1635 423 1360 1634 1
649 2545 2551 2548 1
2528 2529 2525 646 1
82 84 1658 1671 1
564 2181 565 2190 1
1467 351 2560 1356 1
2714 2711 2715 689 1
2741 176 2763 2759 1
2329 600 2320 2464 1
2717 2716 2686 684 1
2352 2647 676 2684 1
162 2350 2348 2337 1
2564 2170 557 2981 1
393 1536 1499 1534 1
1676 1679 84 1658 1
2165 2562 2166 557 1
2717 2637 2709 175 1
2748 169 2573 2764 1
412 1555 1500 392 1
2712 2695 684 2713 1
1369 1365 1454 377 1
1596 1593 1544 2972 1
2638 2689 2616 2617 1
1600 2696 73 1599 1
1469 1202 313 1465 1
2378 2041 525 2377 1
2641 2640 2635 675 1
2624 2621 2603 2604 1
2614 2615 2617 666 1
695 2745 2734 2736 1
607 2358 2665 2660 1
2375 2450 2120 2130 1
698 2741 2762 2763 1
698 2741 2763 2759 1
526 2048 2382 3004 1
2797 2097 2799 2800 1
2020 523 2786 2785 1
679 2722 2659 2999 1
632 2565 2570 653 1
2740 2735 693 2732 1
429 430 1670 1665 1
679 2660 2362 2662 1
1968 2828 509 2829 1
2493 2422 1928 496 1
166 601 2354 2681 1
2632 671 2706 2701 1
633 2724 2726 690 1
2290 591 2312 2310 1
2172 2319 565 2189 1
2597 2629 2590 663 1
525 2038 2045 2377 1
2172 2178 2175 2189 1
2669 683 2671 2677 1
672 2621 2599 2601 1
2817 2778 2956 2985 1
600 2161 2326 560 1
2619 2618 2641 2620 1
2345 605 2350 2337 1
2702 2473 2710 688 1
2134 2020 542 2955 1
636 2543 2547 2477 1
2473 2702 2697 65 1
2735 2748 2736 2766 1
1656 431 1654 427 1
2691 650 2560 379 1
1370 358 276 1048 1
52 1467 1586 1605 1
587 2270 2269 2271 1
2588 2587 2576 657 1
2344 601 166 2336 1
1999 1997 1994 516 1
2582 2574 658 2577 1
2593 2592 2692 2683 1
617 541 2091 2390 1
2653 2651 2673 2684 1
608 601 2356 2351 1
606 2363 2677 680 1
2342 165 2367 602 1
500 2413 2415 595 1
2002 127 1889 483 1
2899 727 2900 2945 1
2305 157 2217 2306 1
2630 2742 2761 2759 1
2765 2753 2757 2762 1
1210 316 1224 320 1
608 2672 2678 180 1
2582 2585 2583 658 1
2362 2659 2333 2999 1
2638 670 2633 2615 1
2594 178 2597 2608 1
2630 2741 2742 2759 1
2048 2046 130 3004 1
426 1650 1645 428 1
351 2463 2561 2560 1
2473 2698 2700 2697 1
1612 1618 1535 1614 1
947 945 247 1277 1
65 2700 419 1621 1
1195 1605 1639 1355 1
2557 1467 2560 379 1
2753 697 2762 696 1
389 1605 1530 1355 1
2716 2637 2717 685 1
2638 2637 2633 175 1
2712 2716 2717 684 1
2754 2749 696 2751 1
1674 1680 431 1653 1
2585 2582 2574 658 1
673 2749 2751 2643 1
2331 2559 2561 604 1
1643 1673 1649 1656 1
530 2060 615 2440 1
2463 2333 2334 2560 1
2564 2562 2554 630 1
196 759 896 2971 1
2696 2693 1598 1597 1
2564 2562 2455 557 1
2351 2353 2339 2336 1
651 2554 2460 2453 1
1550 86 1551 404 1
2735 2740 2748 2766 1
2553 651 2557 381 1
1675 1674 1643 1656 1
2503 2509 2502 2501 1
1695 1700 438 1699 1
2679 165 2369 2367 1
1469 1467 351 2561 1
2653 2661 676 2684 1
1467 2692 1605 1356 1
324 922 1016 240 1
2696 2695 1597 73 1
2023 1977 2021 141 1
2120 2450 2129 2130 1
166 2343 2342 2346 1
1428 1426 1425 371 1
2853 721 718 2866 1
2449 2151 2129 131 1
1034 1038 270 1203 1
622 707 2139 2141 1
2381 2376 528 2050 1
2344 2347 603 2345 1
384 1481 1488 1645 1
2062 2437 2064 2436 1
2521 2524 1026 1418 1
621 2417 1980 512 1
2446 2459 2458 627 1
2323 2327 558 2169 1
2342 2343 602 2346 1
2554 629 2452 2454 1
2015 1937 2016 497 1
2398 2397 616 536 1
2555 2553 1461 1460 1
1210 1587 320 1223 1
1466 1202 1465 1199 1
2655 2675 2657 682 1
630 2458 2460 2453 1
434 98 1740 1726 1
2554 2562 2458 630 1
2020 2137 2095 2019 1
1504 1637 1529 2940 1
1245 323 1243 1244 1
915 1256 238 1260 1
2165 2562 2460 2167 1
2447 553 2156 2152 1
2050 2381 2380 2051 1
237 913 910 1249 1
2564 2325 2170 145 1
2130 2120 2126 550 1
2429 1998 126 624 1
2291 2277 2292 595 1
2100 2101 9 977 1
2416 621 1981 512 1
155 152 2294 2295 1
1361 1479 382 1634 1
2555 2454 2453 348 1
2319 2177 2484 2461 1
2363 2366 2364 2668 1
1316 932 1318 344 1
2754 2749 2753 696 1
1302 1307 885 869 1
2137 2134 2020 542 1
2205 2216 2317 2316 1
1113 2 798 1111 1
1981 621 1980 512 1
927 1321 926 929 1
1644 1643 426 1655 1
436 2135 957 1010 1
2218 157 2217 154 1
1524 1522 87 1549 1
1998 126 2013 2014 1
2429 1998 1999 513 1
2491 2424 2489 1934 1
2582 2574 2573 654 1
2584 655 2579 2581 1
1968 2828 2098 2095 1
2060 2094 615 2392 1
2344 2347 605 2336 1
2045 2038 614 2377 1
489 1906 1895 1940 1
1119 808 294 1310 1
1704 1699 1008 1010 1
126 2429 2013 2014 1
523 2780 2786 701 1
1925 1927 1989 1924 1
2494 2487 1383 78 1
2022 523 2026 2781 1
1998 2428 2429 1999 1
2423 2012 625 1935 1
2010 2110 517 2004 1
2920 2893 2921 188 1
2669 606 2677 680 1
2115 2867 2866 113 1
2429 2431 624 2432 1
2003 2007 2113 2006 1
1913 1912 1982 116 1
707 2792 622 2410 1
1380 360 1381 1305 1
1591 1588 1590 2951 1
2033 2001 1890 1892 1
519 2007 2847 2005 1
515 2237 2258 584 1
1906 121 1908 1940 1
2240 2262 2236 586 1
1998 2428 1996 126 1
1988 1985 1987 1970 1
1997 2428 514 1999 1
1950 2414 1949 501 1
505 1963 1962 1872 1
157 2288 593 2313 1
1927 1923 495 1924 1
2028 2018 522 2136 1
2026 2025 701 2781 1
197 758 752 908 1
2455 2452 630 2981 1
2798 508 1975 1971 1
2714 2711 689 2692 1
1999 2429 513 625 1
1949 124 1962 2801 1
2110 2010 2109 2011 1
2286 592 2290 2295 1
490 1901 1952 1951 1
2417 1985 512 1986 1
2363 2670 2668 680 1
2238 2236 2235 2263 1
2363 2366 2670 680 1
673 171 2640 2643 1
2661 2352 676 2684 1
2428 1998 1996 1999 1
2009 2008 546 518 1
1996 1998 126 1999 1
123 2021 2036 1883 1
2670 2366 2669 680 1
1963 1949 1962 1872 1
2453 2460 1343 348 1
848 439 1717 850 1
2015 2851 2016 2005 1
1945 2277 500 2314 1
2280 2301 2315 2314 1
590 2284 2290 596 1
1953 1866 115 1867 1
2270 2249 2269 2271 1
1367 1450 1453 378 1
1968 2098 1965 114 1
340 1311 17 869 1
298 1133 1108 1117 1
1100 47 1103 1101 1
1865 504 1876 1878 1
523 2785 704 2781 1
761 13 1126 1312 1
1434 358 40 376 1
2284 2216 572 2316 1
2419 2420 1294 68 1
212 858 1297 1298 1
8 1778 989 990 1
829 745 193 741 1
1962 124 706 2801 1
2302 2278 589 2299 1
481 1871 1955 1964 1
337 1299 1300 1707 1
210 1312 1310 862 1
2278 2280 2304 2299 1
2030 1879 1876 1885 1
2280 1945 2279 478 1
1989 1927 1926 1992 1
807 208 873 882 1
2918 2926 2923 732 1
1878 1877 1873 1960 1
123 2812 1883 2767 1
484 2031 1882 1881 1
2823 712 2826 2770 1
2799 2097 705 2800 1
109 1857 1860 1861 1
581 2249 2237 2269 1
1839 474 1855 1842 1
2029 524 1880 1879 1
2844 2858 2846 2845 1
2016 2851 1932 2850 1
2854 2012 128 2850 1
2425 516 1990 1924 1
2487 638 2494 2492 1
762 868 865 866 1
1923 515 495 2269 1
2288 2287 157 593 1
2118 2423 2888 2852 1
2275 2244 153 2242 1
537 2080 2885 718 1
2892 714 2891 2841 1
2847 2005 2854 2850 1
2075 2068 2864 2074 1
997 69 1247 1250 1
1796 457 1807 464 1
1789 1798 1811 103 1
458 1782 1779 1770 1
444 1724 1721 1725 1
2656 677 2652 2676 1
625 2422 1931 2427 1
135 2075 2864 2074 1
2922 724 2886 2877 1
2441 2157 2155 70 1
2363 606 2669 680 1
1721 1725 190 740 1
2132 546 518 2432 1
2859 2843 2858 2846 1
2909 469 1843 1832 1
2396 2076 2090 536 1
1713 845 859 220 1
2925 2899 2906 733 1
102 1758 1763 1759 1
969 892 889 1009 1
2114 2070 2116 113 1
2581 2578 2580 2949 1
1804 1799 1805 463 1
1821 1797 1818 1817 1
1923 2237 515 2269 1
2910 2930 1850 108 1
1850 1857 109 1861 1
1794 105 1791 104 1
457 1786 1807 464 1
731 2912 2909 2915 1
2787 551 2131 2135 1
2892 2886 2836 714 1
1540 1507 1512 1534 1
1840 1824 106 1841 1
2840 2839 2838 186 1
805 209 809 810 1
2012 2016 1935 1932 1
1840 474 1836 1844 1
369 1418 1422 2946 1
892 1009 1008 235 1
2079 2402 2078 535 1
551 2131 2431 2790 1
1848 472 1862 1854 1
299 1142 1146 1112 1
2883 2886 2870 2878 1
2624 2623 2602 2933 1
1385 1388 361 1379 1
2488 2424 637 2485 1
1865 504 1953 480 1
1993 513 1935 1929 1
731 2915 733 2914 1
581 2236 2260 2256 1
2780 1888 482 2935 1
2886 185 2877 2878 1
465 1823 1820 1825 1
2020 2137 542 2095 1
1756 1757 1753 452 1
2879 2875 2873 2876 1
2424 496 2489 1934 1
1815 1758 1821 451 1
797 210 862 799 1
295 1138 1108 1118 1
2424 623 2421 2492 1
1846 465 1831 1841 1
2843 717 2858 2846 1
2219 2220 2223 574 1
1451 1373 375 1446 1
945 947 334 1277 1
1846 465 1820 1831 1
1387 360 1808 1305 1
451 1815 1818 1763 1
727 2920 2893 733 1
1828 467 1826 1845 1
2788 2134 1703 100 1
2024 523 2790 704 1
578 2220 2227 2225 1
2716 2637 2686 2983 1
2486 2491 637 2490 1
2404 2406 2405 2876 1
2886 2877 2870 2878 1
2863 718 2865 2861 1
2389 617 2089 2087 1
2273 1923 495 2269 1
101 1756 1753 452 1
2054 2061 2060 142 1
2271 584 2250 2247 1
1307 342 227 869 1
578 2223 2221 2234 1
724 2882 2904 2914 1
1120 1141 1121 297 1
927 1319 938 926 1
722 2922 2905 2877 1
1380 1305 339 1302 1
434 1684 98 1682 1
1528 94 1581 1526 1
261 1017 999 1014 1
1820 1819 1821 468 1
2322 2321 2462 2468 1
2213 2217 2212 154 1
2249 584 2269 2271 1
50 1099 1096 1095 1
567 2197 2549 2548 1
834 899 32 905 1
2490 2491 1934 128 1
2423 2424 2490 2852 1
2147 345 1021 1325 1
2404 2405 618 2876 1
2825 2824 712 2948 1
1233 319 413 1590 1
2425 625 1931 2427 1
2000 2235 1891 483 1
2018 2024 523 2790 1
797 210 1310 862 1
2161 2167 266 1035 1
578 2229 2252 2233 1
155 2205 573 2958 1
704 2782 2781 2783 1
1888 2428 1889 122 1
1747 1714 1749 968 1
2270 2249 2271 2251 1
1105 1101 288 1106 1
2394 2403 2076 536 1
2236 2238 2237 2260 1
860 788 770 1400 1
1135 1109 1108 292 1
500 1906 2413 595 1
2150 556 2147 268 1
1924 495 1930 1931 1
1017 1000 3 998 1
157 2300 2308 593 1
675 2642 666 2979 1
762 760 907 906 1
2213 2218 2217 154 1
1303 805 810 342 1
2243 2273 2272 2269 1
2132 551 2131 2431 1
1259 22 996 1334 1
443 1728 1726 1727 1
2238 2236 2263 2261 1
1721 190 844 740 1
57 1216 1217 1219 1
2134 523 2785 2789 1
2705 686 2726 2933 1
858 212 860 815 1
581 2241 2236 2256 1
95 1564 1573 1567 1
271 1345 1348 2942 1
1895 489 1897 1896 1
2207 2204 155 573 1
1195 52 1497 1639 1
2780 2026 2025 701 1
2099 2101 544 256 1
1132 1128 297 1114 1
196 896 907 234 1
2429 2014 2423 2432 1
338 2411 2417 1288 1
412 1559 1563 408 1
443 1728 1724 1726 1
1371 356 1440 1437 1
1700 438 235 893 1
420 1618 1612 1614 1
1773 19 1305 1302 1
2134 2787 523 2789 1
2059 2058 2439 2436 1
188 2921 2895 2945 1
2430 515 2258 584 1
2792 2791 620 2410 1
1182 1184 307 1164 1
1998 2428 126 624 1
1744 1743 1746 2948 1
308 1187 1185 1153 1
1011 264 336 1293 1
2428 126 2783 2779 1
2134 2786 2788 2789 1
2829 2828 2799 181 1
1713 442 856 1707 1
1729 444 443 1727 1
189 753 754 903 1
541 2091 2388 2393 1
2161 2166 2326 2327 1
42 1458 1456 1070 1
1254 1248 1255 922 1
191 749 1180 1149 1
2023 2017 2022 482 1
1701 1704 1703 100 1
345 260 1332 1331 1
1174 1172 1171 306 1
642 2508 2509 2505 1
2208 570 2316 2958 1
1723 1722 190 842 1
254 2104 972 976 1
1103 290 1101 1106 1
552 2124 2142 264 1
1775 1772 229 1776 1
891 763 219 900 1
2722 160 2333 2999 1
820 859 858 1298 1
2208 2209 570 2958 1
2100 542 2096 255 1
859 338 1293 1298 1
1722 838 842 2998 1
1264 330 961 955 1
1703 1704 1008 1010 1
439 848 839 850 1
810 211 797 228 1
2213 2218 154 2958 1
2100 2134 255 977 1
215 816 819 821 1
2828 1968 2799 181 1
299 1145 297 1147 1
93 1510 1512 1511 1
176 2741 2630 2759 1
1876 1885 123 2036 1
2428 1997 1888 1889 1
183 2818 699 2770 1
2879 2875 723 2873 1
1728 443 1724 1727 1
1683 434 1728 1724 1
2085 530 615 2387 1
1909 1982 1981 116 1
2376 2378 614 2377 1
1287 2411 1288 335 1
1306 1309 230 1003 1
1114 44 1094 1116 1
50 1128 44 1094 1
1099 290 1096 1095 1
1139 1105 288 1136 1
905 763 14 764 1
1695 1700 1306 898 1
196 891 900 2987 1
47 290 1130 1102 1
1108 1133 292 1117 1
2786 703 2788 2785 1
1145 1132 297 1116 1
1843 1842 1844 1833 1
1310 797 862 228 1
1201 1207 1225 310 1
747 745 191 749 1
1782 1779 1766 1783 1
272 1044 1205 1042 1
2101 978 9 977 1
1773 1387 1808 1302 1
806 807 880 882 1
1120 1142 1143 1141 1
626 2062 2436 2433 1
1309 1302 1307 885 1
2790 2787 1698 436 1
2026 2024 2790 2782 1
1758 102 1761 1759 1
313 1202 1214 1199 1
1823 1846 467 1828 1
805 211 810 342 1
1145 1144 299 1141 1
2397 2401 536 80 1
208 807 873 800 1
1274 330 1273 959 1
19 806 807 804 1
1313 20 1314 809 1
2928 2929 109 1860 1
1797 1798 102 1809 1
963 1272 1270 331 1
71 1337 1461 1462 1
2394 2395 2076 134 1
2786 2134 2785 2789 1
2428 126 624 2783 1
894 1007 895 887 1
617 2389 2092 2087 1
1467 2557 2561 1468 1
1045 1046 1042 271 1
2406 535 2073 2072 1
2394 616 2403 2399 1
2816 700 702 2938 1
2348 162 2337 604 1
2093 2094 142 2392 1
9 2100 977 957 1
237 1260 916 1249 1
1265 955 956 958 1
1673 1675 1643 1652 1
1299 820 1713 15 1
2328 2353 2339 2338 1
2169 2327 2171 560 1
928 9 957 958 1
1311 1312 1307 340 1
2066 140 2042 2435 1
899 32 905 14 1
1800 1284 1280 333 1
925 928 1264 77 1
2102 140 1315 31 1
758 757 865 2959 1
1906 121 1907 1908 1
2100 2096 968 255 1
1205 1044 1043 1204 1
1246 323 1237 2951 1
1525 1522 1524 1544 1
2278 593 2313 2315 1
530 2057 2440 2387 1
2795 707 2105 543 1
2119 2122 2120 550 1
2525 2523 2527 2461 1
1592 1573 1230 320 1
972 254 976 975 1
2052 2381 2050 2051 1
532 242 2065 343 1
2510 2519 132 2149 1
1032 1021 1326 1329 1
2417 621 264 336 1
410 1580 1226 1579 1
943 249 942 941 1
819 1299 821 1300 1
2331 2330 2559 604 1
1559 1555 1526 397 1
2125 2119 2124 548 1
1318 1315 31 931 1
629 2451 2452 2454 1
2470 2474 2622 2692 1
2378 612 2376 2375 1
2451 629 2554 2454 1
2636 2688 2685 2982 1
2459 2165 2458 627 1
2556 2558 650 379 1
2637 2638 2633 2692 1
1342 1344 1459 1463 1
1636 1530 352 1355 1
2555 2451 2554 2454 1
2325 2170 2166 557 1
2557 1467 2561 2560 1
1259 22 997 996 1
1367 1369 1368 1455 1
2083 2131 436 957 1
1351 1197 1359 355 1
2083 2100 9 957 1
1021 345 1326 1325 1
996 1032 1326 347 1
395 1524 1547 1549 1
2124 2142 999 262 1
1469 1196 1207 1202 1
1032 1028 1021 1329 1
2714 2717 2709 2692 1
1518 1520 1554 1551 1
1559 1555 1560 408 1
2444 2443 2147 1325 1
2434 2065 2066 2435 1
1274 960 959 251 1
1747 1714 968 970 1
951 248 949 948 1
2064 2437 531 2436 1
1675 1674 1656 1537 1
254 2791 2139 1012 1
1209 1211 1210 1224 1
2464 2461 1349 59 1
2693 415 1598 1597 1
403 1628 3000 3001 1
1569 1570 1228 410 1
1674 1656 1537 1653 1
1536 398 1534 1533 1
177 2647 161 2683 1
2561 1469 1200 1349 1
391 1675 1511 1652 1
1557 1587 407 1556 1
932 1317 930 923 1
1206 1033 1193 269 1
559 2172 2173 2324 1
1344 1459 1463 381 1
1352 1194 1192 1193 1
1306 893 230 883 1
2172 146 2173 2324 1
2517 1415 1405 1416 1
650 2558 2557 379 1
1536 1523 398 1533 1
1591 323 55 1239 1
2553 2555 381 1460 1
2553 2555 651 381 1
928 1264 955 244 1
1264 330 955 244 1
964 962 1267 1262 1
1788 943 246 940 1
52 310 1195 1223 1
2473 65 687 1356 1
1613 1605 1630 1629 1
1446 1447 275 1064 1
91 1520 1680 1553 1
2167 2161 2326 1035 1
1472 72 1471 1470 1
1318 932 31 923 1
925 928 9 929 1
2292 2289 2309 595 1
1567 1570 320 1223 1
410 1640 1579 1638 1
885 1309 230 883 1
1308 2089 28 966 1
954 1786 953 250 1
539 2088 74 252 1
943 1788 941 940 1
1233 316 1585 1234 1
1677 1676 1484 85 1
1563 94 1581 1561 1
2089 2081 28 944 1
440 1714 256 970 1
2135 2083 436 957 1
74 1306 1698 1004 1
2083 2135 2100 957 1
542 2095 2830 255 1
839 439 850 846 1
1209 57 1217 1219 1
2096 2830 968 255 1
2056 925 1320 77 1
1023 62 1036 1417 1
1458 1456 1070 277 1
1585 1587 1592 320 1
2401 1276 1278 1275 1
393 1507 402 1534 1
2713 1625 1626 421 1
1550 1663 404 1665 1
398 1517 1515 1499 1
1215 1208 1201 53 1
1536 1605 1604 1533 1
1540 394 1514 1507 1
1642 1660 1662 1655 1
1620 1529 1616 352 1
389 1504 1636 1532 1
412 1586 1584 1582 1
28 2089 944 966 1
1467 351 2561 2560 1
1046 1045 1344 1328 1
1536 1498 402 1534 1
1640 423 1636 1638 1
52 1605 1497 1639 1
416 1601 2692 1605 1
1652 1675 1656 1537 1
1586 1561 1562 408 1
2711 2714 2715 2966 1
1461 2555 1460 1462 1
1338 1341 1459 1462 1
146 2181 2179 2189 1
2698 2473 2700 687 1
1606 1523 1527 1528 1
1605 1536 90 1533 1
1507 1509 1503 402 1
1152 191 1149 822 1
2335 2684 161 2683 1
2694 1603 415 1602 1
565 2196 2195 2483 1
1557 1500 92 1558 1
2700 2473 65 687 1
1246 1585 1220 2951 1
1467 1601 2691 379 1
643 2461 2164 59 1
233 1006 890 895 1
1568 1577 1227 318 1
1481 1482 384 1489 1
1376 42 1458 1456 1
398 400 1514 1534 1
1974 510 1967 3005 1
2461 2527 1371 59 1
2699 65 1607 1356 1
2321 2322 631 2468 1
2181 146 2175 2189 1
2323 2174 2173 2324 1
1605 1636 1639 1355 1
1557 1570 1223 1228 1
2467 2321 631 2468 1
62 2164 1036 59 1
1352 1034 1033 1193 1
1407 2513 366 1405 1
639 2503 2502 2501 1
1444 358 376 1442 1
834 32 740 14 1
2564 629 2456 2981 1
1026 1421 370 1418 1
2525 2527 2484 2461 1
2177 2319 2163 2461 1
827 739 6 735 1
767 780 775 202 1
2319 2172 559 2324 1
2174 559 2173 2324 1
556 2444 1325 70 1
1109 195 867 755 1
2163 2520 2529 2461 1
2529 2520 643 2461 1
2153 628 2151 2129 1
1354 1613 417 1356 1
1692 434 1728 1726 1
1038 272 1205 1203 1
121 2416 2499 1907 1
2498 640 2495 2499 1
2164 1035 1023 1036 1
2531 2528 2532 646 1
1370 1435 1434 1053 1
2677 2679 2680 2937 1
1312 1126 867 225 1
849 1713 859 220 1
1708 1289 1710 441 1
150 2191 561 2540 1
1035 2161 1349 59 1
744 1173 1174 10 1
212 858 860 770 1
1963 1958 1875 1872 1
1916 132 2122 23 1
112 2378 324 1247 1
788 779 24 787 1
572 2284 2316 2318 1
811 773 816 817 1
2227 2224 156 2230 1
2280 119 1945 1874 1
972 254 1715 1720 1
1397 789 1399 1412 1
858 859 1293 1298 1
772 773 770 12 1
2203 569 2293 2295 1
338 856 855 1293 1
2277 500 2314 595 1
30 1712 442 1713 1
2097 2098 2797 2799 1
2434 532 2065 343 1
254 2791 1012 1708 1
1683 1684 1725 449 1
345 2147 1021 260 1
772 307 1183 1164 1
2174 559 2163 2162 1
642 2506 2507 2505 1
2176 2482 563 2186 1
364 1395 1396 1390 1
2416 621 2495 2499 1
769 814 198 765 1
492 2498 640 2495 1
1172 1175 1179 306 1
205 792 783 794 1
2497 1292 1389 1392 1
2413 2418 2309 121 1
2791 2793 620 2410 1
2572 2566 653 2569 1
1403 204 1412 1409 1
2509 2503 2505 58 1
11 774 776 777 1
775 200 774 777 1
831 746 833 216 1
789 11 1399 1398 1
2201 567 2198 2549 1
254 972 1718 1720 1
746 1711 213 823 1
1289 337 1707 1708 1
30 849 1712 1713 1
1081 285 1083 1076 1
744 749 822 16 1
442 254 1708 1720 1
2415 2414 1944 1946 1
1945 500 2415 595 1
30 849 1713 856 1
1893 1897 486 1941 1
1018 254 975 1012 1
96 970 837 840 1
763 899 32 843 1
999 1016 264 1014 1
2043 2045 2383 3004 1
2079 2402 535 2077 1
2286 2284 152 2295 1
364 1394 1396 1397 1
2286 2284 2206 152 1
1371 1426 1428 371 1
1368 1369 1454 1455 1
848 1712 1717 973 1
2288 2278 589 2287 1
750 830 748 823 1
32 835 836 740 1
1162 1184 1163 303 1
1391 2495 1395 1390 1
775 815 771 202 1
189 736 827 735 1
2032 2034 2035 1884 1
219 96 837 841 1
2482 2186 149 2530 1
213 819 823 10 1
1184 1162 1163 1164 1
903 753 902 901 1
967 1716 221 841 1
224 858 1293 1297 1
12 772 1183 1164 1
851 1011 1015 336 1
1011 264 1015 336 1
338 859 855 1300 1
2293 2286 152 2295 1
2296 2282 2298 588 1
2292 2312 595 2310 1
1289 337 1708 1710 1
2302 594 2301 2300 1
2286 2282 590 592 1
1905 487 1918 1920 1
2413 1950 2415 1947 1
591 2294 2290 2295 1
494 2499 1911 1922 1
2278 589 2287 2303 1
1943 125 1868 1869 1
1170 46 1078 43 1
1917 621 1916 491 1
561 2192 2542 2540 1
1910 1917 1916 491 1
2236 2241 2264 583 1
556 2148 2155 268 1
1903 490 1952 1951 1
2413 2415 1946 1940 1
514 2033 1887 1892 1
675 2636 2646 2979 1
1945 1868 478 1874 1
2097 2797 507 2800 1
2012 2016 513 1935 1
2273 580 2243 2272 1
1873 506 481 1960 1
589 2278 2279 2304 1
2304 2279 1868 478 1
1906 489 500 1940 1
2280 2302 2314 2299 1
1868 125 478 1874 1
2500 639 2509 2502 1
2812 1877 2804 479 1
338 2411 622 2417 1
2495 2496 1395 1390 1
2302 119 2299 1874 1
2280 2277 1945 2314 1
1917 1914 792 793 1
562 2185 2183 2182 1
2183 562 2542 2538 1
2284 590 2278 2288 1
569 2207 2204 2210 1
2287 594 2306 2300 1
2222 2221 2232 577 1
2191 150 561 2184 1
2798 2795 2106 2800 1
2219 2244 153 2239 1
119 2280 2299 1874 1
481 1869 1964 1961 1
2025 2780 1888 482 1
784 1015 205 336 1
814 812 198 813 1
1906 489 2291 2292 1
2286 2297 2293 152 1
153 2252 2254 159 1
509 2017 2023 1883 1
2262 2240 2268 586 1
2288 2284 2216 572 1
2213 2217 571 2212 1
2225 2227 2231 156 1
2217 2305 571 2308 1
2204 2211 2210 155 1
568 2201 2202 2198 1
2288 2278 2300 593 1
477 1864 1871 1955 1
589 2278 594 2303 1
2029 484 2031 1882 1
2224 575 2267 2230 1
2316 2284 2313 596 1
2278 2287 594 2303 1
2236 2262 2265 586 1
2201 2191 568 2202 1
592 2286 2297 2293 1
708 709 2826 2806 1
125 1868 1871 1870 1
400 1519 1545 2967 1
1939 1896 2298 110 1
2282 2283 2298 588 1
1957 1877 1960 479 1
2278 2280 2279 2304 1
1877 1873 1960 479 1
2176 2186 2188 149 1
2283 1939 2291 2298 1
486 1894 1900 1952 1
2283 1939 500 2291 1
1939 489 500 2291 1
2282 2283 2277 2291 1
636 648 2544 2477 1
2277 2283 500 2291 1
157 2308 2307 593 1
2297 2203 2293 152 1
1939 489 2291 2298 1
2410 622 2413 2415 1
2277 2280 2315 2314 1
2281 1939 2283 2298 1
564 2181 2179 2180 1
46 285 1079 1076 1
2282 2277 590 2291 1
590 2286 592 2290 1
572 2205 155 2316 1
2478 60 1365 1454 1
1291 1709 1290 1289 1
2418 2416 1948 502 1
2278 2313 596 2315 1
2286 2297 152 2285 1
2207 2203 2206 152 1
2201 568 2540 2549 1
568 2194 2540 2549 1
1366 358 1444 1441 1
1058 1447 1056 275 1
819 1296 824 1300 1
1906 2292 2309 595 1
1902 2502 120 1919 1
2207 569 2203 2210 1
1015 1002 205 336 1
2305 157 2306 2308 1
756 865 755 2959 1
2287 2278 594 2300 1
2828 2096 2830 2799 1
2830 2828 2799 705 1
2314 2292 595 2310 1
304 1156 1157 1158 1
1173 1152 1189 10 1
2296 2282 588 2285 1
592 2296 2297 2285 1
2286 592 2297 2285 1
2286 2282 592 2285 1
592 2282 2296 2285 1
2288 2278 2287 2300 1
2339 598 161 2338 1
2207 572 2205 155 1
2207 2204 2210 155 1
2203 2293 152 2295 1
152 2284 2294 2295 1
2286 590 2284 2290 1
2210 2203 155 2295 1
152 2284 155 2294 1
2420 1295 1294 68 1
2363 2677 2668 2937 1
2286 2284 2295 596 1
489 500 2291 595 1
489 1906 500 595 1
2278 2301 2300 593 1
569 2203 2210 2295 1
2160 1023 1026 1419 1
592 2286 2293 2295 1
2287 2288 2300 593 1
592 2293 2290 2295 1
489 2291 2292 595 1
2316 2284 596 2318 1
622 338 2410 2412 1
2284 2286 2290 596 1
2830 448 1748 1749 1
1968 2828 2829 181 1
2203 152 155 2295 1
2302 119 2301 2314 1
1750 1683 1725 449 1
2288 2278 593 2313 1
2294 596 2318 2311 1
2290 591 2289 2312 1
2209 2211 2208 570 1
572 2207 2206 155 1
2284 2206 152 155 1
157 2308 154 2307 1
1130 1104 1118 1114 1
500 1945 2314 595 1
707 2792 2802 1987 1
2206 2207 152 155 1
2289 2292 2309 121 1
2509 2503 2498 2501 1
2203 2207 2210 155 1
2207 2203 152 155 1
2502 2509 2498 2501 1
2209 2211 2204 573 1
1167 1170 1078 43 1
2793 2792 2791 620 1
981 879 1775 877 1
157 2287 2306 2300 1
2218 2213 2217 571 1
2425 1924 1930 1931 1
1300 1299 1189 10 1
2207 2205 2204 573 1
594 2305 2306 2300 1
2022 2026 701 2781 1
2797 2098 1965 2799 1
183 2768 2773 2774 1
897 196 891 900 1
707 2791 622 2139 1
591 2312 2310 2311 1
2278 2302 589 2301 1
2278 589 594 2301 1
2098 544 2096 705 1
1950 2413 2415 1944 1
758 756 755 2959 1
2306 157 2300 2308 1
2314 1945 2415 595 1
2280 2302 2278 2301 1
1719 99 1715 1720 1
594 589 2303 2301 1
2302 594 2303 2301 1
589 2302 2303 2301 1
444 1729 1750 1751 1
500 2277 2291 595 1
2305 2306 2300 2308 1
144 2520 2159 2975 1
1162 302 1181 308 1
1190 1187 308 1150 1
749 1149 822 16 1
119 2280 1945 2314 1
2804 1872 479 2805 1
2204 2211 155 573 1
590 2278 2288 596 1
1083 45 48 2991 1
2288 157 2317 2313 1
2288 2317 2316 2313 1
2239 2241 2256 2257 1
2814 2944 2948 2993 1
768 814 765 1 1
338 2410 1289 441 1
2307 157 593 2313 1
2212 2217 2308 154 1
1015 264 1002 336 1
2308 2212 154 2307 1
2284 2294 2295 596 1
1292 2420 2419 68 1
1731 2956 2963 2980 1
2284 2288 2313 596 1
820 1299 859 1300 1
590 2278 596 2315 1
2216 2288 2317 2316 1
2278 2301 593 2315 1
2796 2103 972 1718 1
2420 1292 2419 2417 1
2284 590 2288 596 1
511 1988 1985 1987 1
157 2287 2300 593 1
2638 2615 2617 2979 1
2216 2288 157 2317 1
2389 617 2390 1261 1
2795 2796 256 1715 1
643 2520 2521 2975 1
2810 2811 2773 699 1
1291 2412 1287 67 1
2284 2288 2316 2313 1
756 758 865 2959 1
865 18 755 2959 1
2288 2278 2313 596 1
852 223 851 336 1
899 763 32 14 1
338 2791 622 441 1
2309 2289 2312 595 1
1981 621 2140 511 1
590 2280 2278 2315 1
2278 2280 2301 2315 1
2277 2280 590 2315 1
2292 2277 2314 595 1
2289 2292 2312 595 1
1873 1963 1958 1875 1
622 2791 2417 2139 1
2280 2302 2301 2314 1
489 1895 1897 1942 1
2413 1906 2309 595 1
1906 2413 121 1940 1
432 1706 235 2943 1
7 854 784 785 1
2791 707 622 2410 1
2791 2792 707 2410 1
2315 2277 2314 2310 1
2411 338 622 2412 1
2146 1981 2140 511 1
2795 2796 543 2103 1
146 2172 2175 2189 1
1919 488 1915 1920 1
119 2414 2415 1946 1
2413 2415 1944 1946 1
2414 119 1944 1946 1
2034 1883 482 1884 1
119 2414 2314 2415 1
1945 119 2314 2415 1
620 2792 2410 2415 1
2792 620 2414 2415 1
621 1909 1981 2146 1
590 2277 2315 2310 1
2144 2146 552 2140 1
1913 1909 1912 116 1
1909 1913 1982 116 1
2106 2795 543 2103 1
2290 2289 2292 2312 1
2277 2292 2314 2310 1
859 338 855 1293 1
2537 2531 2484 2477 1
442 1289 1707 1708 1
2793 620 2410 2409 1
1709 2793 2410 2409 1
2292 1906 2309 121 1
592 590 2290 2310 1
2277 590 2291 2310 1
2277 2291 2292 2310 1
592 2290 2292 2310 1
2292 2290 2312 2310 1
2291 590 592 2310 1
2291 592 2292 2310 1
2284 2294 596 2318 1
2191 2201 568 2540 1
1688 2968 2990 2992 1
2508 642 2507 2505 1
1910 621 491 1909 1
1905 1904 1899 487 1
1906 2413 2309 121 1
2419 2420 2417 621 1
1910 621 1917 491 1
2507 492 2505 58 1
2208 155 2316 2318 1
2463 351 2561 1349 1
2190 565 2479 2483 1
1981 621 2146 2140 1
1391 1395 364 1390 1
2791 338 622 2417 1
2238 2000 2237 515 1
2559 2562 2563 597 1
624 126 2782 2783 1
2513 641 2511 2514 1
2284 572 2206 2318 1
2206 572 155 2318 1
2284 2206 155 2318 1
2294 591 2290 2311 1
2290 591 2310 2311 1
1709 2409 2412 67 1
819 1299 824 10 1
2420 1295 1288 335 1
2294 2290 2295 2311 1
2294 2295 596 2311 1
590 2290 2310 2311 1
2290 590 596 2311 1
596 590 2310 2311 1
2286 2290 596 2311 1
2290 2286 2295 2311 1
2295 2286 596 2311 1
2145 2144 2127 548 1
1894 490 1900 1952 1
2523 643 2524 2159 1
2533 645 2531 2537 1
563 2178 2177 2528 1
2192 2190 2542 2540 1
2191 150 2201 2540 1
150 561 2182 2540 1
2182 2185 2542 2540 1
1151 1189 822 214 1
1903 488 1902 1905 1
2178 2482 2177 2528 1
2320 2319 2322 2461 1
2460 651 2453 1343 1
2516 2524 1414 368 1
2517 2513 2515 641 1
492 204 1395 58 1
2511 642 2514 2506 1
1399 789 1398 1412 1
2166 597 2326 2327 1
2519 2515 641 2510 1
2181 2175 564 565 1
1899 1898 487 1901 1
1906 489 1895 1908 1
488 1905 487 1918 1
1023 1420 1419 1417 1
2510 641 2511 2512 1
2039 2381 528 2050 1
23 792 793 794 1
1910 2416 621 1913 1
640 2498 2504 2501 1
2416 2499 1984 1979 1
639 2503 2509 2502 1
1904 1902 1919 1920 1
488 1918 1915 1920 1
1371 1428 1425 371 1
1914 2512 23 793 1
2495 1917 792 794 1
358 1366 1452 1441 1
1443 1366 356 1438 1
64 1366 1444 1441 1
642 2511 2512 2506 1
1399 1394 1393 363 1
2503 2507 639 2505 1
1435 1370 372 1430 1
1914 132 1917 1916 1
2478 2552 2475 1454 1
2496 362 1395 1390 1
1440 356 1438 374 1
365 1402 1406 1411 1
2066 2062 626 2433 1
2498 2503 2504 2501 1
2178 2176 2175 563 1
1907 1908 1903 488 1
1943 501 1944 1946 1
639 2500 2509 2505 1
2503 639 2509 2505 1
2482 563 2186 2532 1
2508 492 2509 2505 1
492 2508 2507 2505 1
204 1391 1395 364 1
2509 492 2498 640 1
2191 2190 2192 561 1
362 2495 1391 1390 1
2498 2502 488 1902 1
492 2509 2498 1919 1
2416 1910 621 2499 1
494 2499 1913 1911 1
64 2543 2544 2477 1
1395 204 364 58 1
204 1404 1401 1409 1
2503 2509 2498 2504 1
2498 2509 640 2504 1
1908 1895 490 1903 1
492 204 2495 1395 1
488 1904 1905 1920 1
640 2496 2504 1395 1
2411 2420 1288 335 1
2497 362 2496 2495 1
853 854 781 785 1
7 784 781 785 1
1978 1957 1877 1977 1
1894 1895 1897 490 1
1904 1902 120 1919 1
1907 2416 1983 502 1
2416 2418 1907 1908 1
2418 2416 121 1908 1
121 2416 1907 1908 1
2418 1908 503 1948 1
2499 2498 1907 488 1
2178 2482 2175 565 1
2502 2500 1902 120 1
492 2508 2509 1919 1
2359 681 2360 163 1
1898 1903 1899 487 1
1907 1908 1948 502 1
488 1904 1902 1905 1
490 1903 1905 1899 1
1902 1904 120 1905 1
2176 636 2186 149 1
2509 2502 2498 1919 1
2498 2502 1902 1919 1
492 2498 488 1919 1
488 2498 1902 1919 1
2500 2509 120 1919 1
2509 2500 2502 1919 1
2502 2500 120 1919 1
621 2495 2499 1917 1
2185 150 561 2182 1
1354 1357 1613 1356 1
1939 489 1896 1942 1
1914 492 1917 1915 1
327 1260 910 1249 1
1903 488 1905 487 1
133 1898 1901 1900 1
2125 2119 491 1909 1
2512 2510 1914 132 1
2446 2165 627 143 1
492 204 2508 1914 1
492 2508 2512 1914 1
1904 488 1902 1920 1
1898 487 1918 1922 1
488 1918 494 1915 1
559 2178 2177 2163 1
2562 2165 2166 2167 1
627 2165 2441 2154 1
1910 621 2499 1917 1
492 1919 1915 1920 1
1905 1904 487 1920 1
492 204 1914 1917 1
204 492 2495 1917 1
2073 2075 538 2072 1
621 2495 1917 1916 1
1895 1908 503 1940 1
1894 490 1899 1901 1
1980 511 1985 512 1
488 492 1919 1915 1
2499 488 494 1915 1
1910 494 1917 1915 1
2499 1910 1917 1915 1
1910 2499 494 1915 1
2495 2499 1917 1915 1
492 2495 1917 1915 1
2498 492 488 1915 1
2499 2498 488 1915 1
492 2498 2495 1915 1
2495 2498 2499 1915 1
488 1905 1918 1920 1
621 2125 2146 552 1
2536 1443 2544 2477 1
2416 1910 2499 1913 1
2499 1910 494 1913 1
1913 493 1911 1979 1
2323 600 2326 560 1
1982 2416 1981 512 1
1897 1895 1941 1942 1
2416 2418 2417 1983 1
2482 636 2484 2477 1
1896 1897 1893 1942 1
1017 1016 999 1014 1
2102 254 2139 975 1
125 1945 1943 1946 1
2414 2802 1985 1986 1
1918 488 494 1922 1
731 2904 2912 2915 1
2482 636 564 565 1
2092 2395 2081 2087 1
2410 2792 2141 1987 1
110 1896 1893 1942 1
150 2185 2184 2182 1
2329 2334 598 2560 1
1921 1898 133 1922 1
119 1943 1944 1946 1
2417 2140 511 1987 1
1944 2418 503 1948 1
1907 2499 488 1922 1
487 488 1918 1922 1
1898 1903 487 1922 1
1903 488 487 1922 1
1903 1907 488 1922 1
1945 119 2415 1946 1
1945 500 1946 1940 1
2499 1913 1984 1979 1
1913 1912 1979 1982 1
552 2139 2141 2140 1
1901 133 1900 1951 1
1894 490 1901 1900 1
1903 1898 1899 1951 1
1901 1900 1952 1951 1
1898 133 1901 1951 1
1979 1984 1983 512 1
1913 1912 493 1979 1
1913 1911 1984 1979 1
1911 493 1984 1979 1
2125 2144 2123 2146 1
493 1921 1911 1984 1
632 2471 2572 2569 1
1903 1952 1948 502 1
490 1908 1903 1952 1
2499 1913 1911 1984 1
622 2415 1985 1986 1
1504 1532 89 2940 1
2416 2499 1907 1984 1
2416 1907 1948 502 1
2415 1945 1946 1940 1
490 1901 1900 1952 1
1899 1898 1901 1951 1
490 1903 1899 1951 1
490 1899 1901 1951 1
1907 2499 1922 1984 1
1921 1898 1922 1984 1
1907 1903 1951 1984 1
1903 1907 1922 1984 1
1911 1921 1922 1984 1
2499 1911 1922 1984 1
1898 1921 133 1984 1
133 1921 1951 1984 1
1898 133 1951 1984 1
1903 1898 1951 1984 1
1898 1903 1922 1984 1
2499 2416 1913 1979 1
166 2341 2346 2347 1
2413 2418 1947 1986 1
2413 2418 121 1940 1
2416 1913 1979 1982 1
1913 2416 1909 1982 1
2125 1909 2123 116 1
2413 500 2415 1940 1
2535 645 2536 2477 1
552 2417 2139 2140 1
1984 2416 1979 1983 1
1982 1981 1980 512 1
2792 707 622 2141 1
2792 622 2410 2141 1
709 2804 2806 2808 1
1981 621 511 1980 1
2139 2417 2141 2140 1
2679 2373 611 2370 1
1976 2798 1971 706 1
2416 621 1909 1981 1
2416 1909 1982 1981 1
621 2417 2140 511 1
2374 2364 2372 164 1
1981 1909 116 2146 1
2123 1981 116 2146 1
1909 2123 116 2146 1
621 491 1909 2146 1
621 2125 491 2146 1
491 2125 1909 2146 1
1909 2125 2123 2146 1
1983 2417 512 1986 1
2418 1950 2413 1947 1
2145 2127 2128 550 1
2119 2125 621 552 1
2119 2144 2125 552 1
2792 2410 2415 1987 1
1950 2414 2415 1947 1
2057 2060 530 2440 1
2792 707 2141 1987 1
621 2417 511 1980 1
2146 621 552 2140 1
621 2417 552 2140 1
2417 622 2139 2141 1
1907 2416 1984 1983 1
1952 1908 1948 1941 1
2414 1950 124 1947 1
2674 2684 2652 2676 1
165 2342 2340 602 1
622 2410 2141 1987 1
2417 2141 2140 1987 1
2455 2459 2165 557 1
2414 2415 1947 1986 1
622 2418 2413 1986 1
1988 1980 1985 512 1
2371 611 2369 2367 1
2417 511 1980 512 1
2413 1946 503 1940 1
511 1988 1980 1985 1
1945 125 1868 1874 1
2417 2416 1983 512 1
500 1945 2415 1940 1
2417 622 1985 1986 1
1951 1984 1983 502 1
2802 2414 1947 1986 1
2416 1979 1983 512 1
2416 2417 621 512 1
645 2535 2530 2532 1
2417 511 1985 1987 1
2417 622 2141 1987 1
2792 2414 2802 1987 1
2802 2414 1985 1987 1
2414 2415 1985 1987 1
2414 2792 2415 1987 1
622 2417 1985 1987 1
2410 622 2415 1987 1
2415 622 1985 1987 1
119 125 1943 1946 1
2418 2417 1983 1986 1
1908 1903 1952 1948 1
2418 1983 1947 1986 1
1985 1983 512 1986 1
2418 622 2417 1986 1
1908 503 1948 1941 1
2802 2414 124 1947 1
1985 2802 1987 1970 1
1903 1907 1951 502 1
1947 1950 1948 502 1
1895 1906 1908 1940 1
1950 2418 1948 502 1
1983 2418 1947 502 1
1951 1907 1984 502 1
622 2413 2415 1986 1
2415 2413 1947 1986 1
2798 2802 124 1975 1
2802 2798 508 1975 1
124 2802 1947 1975 1
1947 2802 1986 1975 1
2802 508 1986 1975 1
1950 2414 124 1949 1
1949 1950 501 1944 1
2416 2418 1983 502 1
125 119 1945 1946 1
708 2811 2807 2810 1
478 125 1875 1874 1
2279 2304 2299 1874 1
2418 1907 1908 1948 1
1908 1903 1948 502 1
1950 2414 501 1944 1
2414 1950 2415 1944 1
1908 1907 1903 502 1
2418 2416 1907 1948 1
119 1943 501 1944 1
2414 119 501 1944 1
503 1895 1940 1942 1
1939 1896 110 1942 1
1946 1944 503 1940 1
1950 2418 2413 1944 1
1906 500 2413 1940 1
1983 1947 1986 502 1
1984 1907 1983 502 1
489 1939 500 1940 1
1952 1903 1951 502 1
1950 1944 503 1948 1
1950 2418 1944 1948 1
1893 1897 1941 1942 1
2368 2342 2367 602 1
1895 503 1941 1942 1
2172 146 2324 2189 1
489 1939 1940 1942 1
2418 2413 1944 503 1
1944 2413 1946 503 1
2463 2329 2561 2560 1
1895 489 1940 1942 1
2418 2413 503 1940 1
121 2418 1908 1940 1
1908 2418 503 1940 1
486 1894 1952 1941 1
1908 1895 503 1941 1
490 1908 1952 1941 1
1894 490 1952 1941 1
1895 1894 1897 1941 1
1897 1894 486 1941 1
1895 1908 490 1941 1
1894 1895 490 1941 1
2319 2482 559 565 1
2570 632 653 2569 1
636 2541 648 149 1
2172 2178 559 2175 1
2190 568 2194 2540 1
2482 636 2176 564 1
2178 2172 565 2189 1
564 636 2479 2483 1
2172 2174 559 2173 1
2172 2181 146 2175 1
2196 565 2190 2483 1
2181 2175 565 2189 1
2482 2178 559 565 1
2187 2538 2188 149 1
636 2482 2176 2186 1
148 2472 2719 2571 1
2322 2320 2461 631 1
608 180 2673 2684 1
1846 1817 468 2950 1
568 2194 2200 2198 1
656 2583 2588 2575 1
2172 2319 559 565 1
2178 2172 559 565 1
2176 2482 564 565 1
2482 2176 2175 565 1
2175 2176 564 565 1
598 2329 2331 2328 1
1087 45 1086 2991 1
598 2329 2560 2338 1
2656 2676 2683 682 1
2651 2654 677 2674 1
2968 433 2976 2990 1
165 2340 2367 602 1
2471 2472 148 2571 1
2175 2178 565 2189 1
2478 636 2477 2476 1
681 2663 2357 2667 1
2550 649 2546 2476 1
2319 2482 565 2195 1
636 2545 2481 2476 1
565 564 2479 2483 1
2475 2552 2476 635 1
2319 565 2322 2195 1
2556 2558 379 1471 1
2549 2545 2548 2481 1
2482 2319 2322 2195 1
565 2196 2190 2195 1
649 2550 2481 2476 1
632 2565 2468 2466 1
2545 649 2551 2481 1
2482 636 565 2483 1
147 2195 2193 2483 1
2196 2190 568 2194 1
2359 2365 2366 2666 1
2679 2370 2369 609 1
2711 421 2965 2966 1
2196 2190 2194 566 1
2552 2546 2478 2476 1
566 2190 2540 2479 1
2552 2550 2546 635 1
2194 2199 2549 151 1
2190 2192 561 2540 1
2322 2195 2467 631 1
2190 2191 568 2540 1
2551 2197 2548 151 1
2548 2549 2481 151 1
2194 2200 2199 151 1
2181 565 2190 2192 1
2181 2179 2189 2192 1
565 2181 2189 2192 1
2549 2199 2481 151 1
564 2181 2190 2192 1
2181 564 2179 2192 1
2190 2194 566 2540 1
2185 561 2542 2540 1
649 2480 2550 2551 1
150 2191 2201 2202 1
2191 150 2184 2202 1
2191 2190 561 2540 1
564 2179 2192 2180 1
2192 2179 561 2180 1
2190 564 2192 2180 1
2199 2200 2197 151 1
647 2540 2545 2549 1
2482 2319 559 2177 1
2176 2482 2175 563 1
2197 2549 2548 151 1
2523 2525 643 2461 1
636 2547 2478 2477 1
2194 568 2200 2549 1
2543 636 2544 2477 1
2525 2529 643 2461 1
2480 2551 2481 151 1
2322 2482 2195 631 1
2183 562 2182 2542 1
2541 636 2188 149 1
2185 2183 2182 2542 1
2185 2180 2183 2542 1
2185 561 2180 2542 1
2192 2190 2180 2542 1
561 2192 2180 2542 1
2190 564 2180 2542 1
2180 564 2183 2542 1
568 2201 2198 2549 1
567 2200 2198 2549 1
2200 568 2198 2549 1
2200 2194 2549 151 1
2551 2548 2481 151 1
2194 566 2540 2549 1
566 2194 2199 2549 1
2534 2533 2531 2537 1
564 2183 2538 2188 1
2552 2546 2476 635 1
2734 168 2586 2576 1
636 648 2535 2530 1
645 2482 2535 2532 1
563 2482 2528 2532 1
2482 2178 2175 563 1
562 2183 2187 2538 1
559 2319 2324 2163 1
2541 564 2538 2188 1
2187 2539 2538 149 1
2539 648 2538 149 1
564 2183 2542 2538 1
2621 672 2626 2601 1
2550 2480 2481 2476 1
2552 2478 2475 2476 1
2482 2195 2467 2483 1
2482 2178 563 2528 1
2129 2130 131 2050 1
2183 2187 2538 2188 1
2178 2482 559 2177 1
566 2540 2549 2479 1
636 564 2541 2188 1
648 2541 2538 149 1
2538 2541 2188 149 1
636 2176 564 149 1
564 2176 2188 149 1
636 564 2188 149 1
2482 645 2531 2532 1
636 2482 2186 149 1
1335 1045 1346 34 1
1608 420 1622 1609 1
2539 648 149 2530 1
2520 2177 2163 2529 1
2174 559 2324 2163 1
2135 2083 2100 118 1
2442 2153 553 2152 1
1479 1480 1197 1359 1
97 1733 1705 2963 1
2535 648 2539 2530 1
648 2535 2536 2477 1
2145 2127 112 2128 1
2123 2125 2124 548 1
636 2482 149 2530 1
2148 1019 2150 2149 1
2536 645 2537 2477 1
636 2482 2530 2532 1
2482 636 2535 2532 1
2535 636 2530 2532 1
648 636 2535 2477 1
2148 555 2160 265 1
2482 2319 2484 631 1
2534 2531 2526 646 1
2321 2320 2468 599 1
2321 2467 2465 2468 1
2527 2525 2526 646 1
2321 2322 2467 631 1
549 2443 2147 2153 1
2550 2480 2476 635 1
612 2378 2376 2130 1
647 636 2541 2543 1
2454 1337 2453 348 1
2545 636 2547 2476 1
647 636 2543 2547 1
2161 600 1349 59 1
645 2535 2536 2537 1
636 647 2545 2547 1
2535 2482 2484 2477 1
2677 2363 2668 680 1
2531 645 2484 2477 1
2533 2537 1371 1437 1
1365 2478 1454 377 1
1423 1421 1026 1418 1
636 2482 2535 2477 1
645 2531 2537 2477 1
437 1706 1690 2953 1
369 1352 1422 1436 1
636 2541 2543 2544 1
2541 636 648 2544 1
2199 566 2549 2479 1
2199 2549 2481 2479 1
649 2545 2547 2476 1
2164 600 2161 59 1
42 1376 1375 1457 1
40 1054 276 1048 1
1038 1034 270 1040 1
2322 147 2321 2467 1
649 2547 2546 2476 1
2546 2550 2476 635 1
1449 1369 1452 1450 1
600 2319 2320 2461 1
631 2322 2462 2468 1
1371 2537 356 1437 1
636 2482 2479 2483 1
147 2193 2467 2483 1
772 307 1164 198 1
2197 2200 2549 151 1
649 2480 2551 2481 1
2484 2319 2461 631 1
2523 643 2164 59 1
2697 2700 65 1621 1
2482 565 2195 2483 1
2468 2565 2567 599 1
2525 2527 2526 2484 1
636 564 565 2483 1
2195 2196 2193 2483 1
2526 2534 646 2484 1
2482 645 2535 2484 1
2525 2526 646 2484 1
2195 2482 2467 631 1
2547 636 2478 2476 1
2319 2482 2322 631 1
2480 649 2550 2481 1
681 2660 2661 2970 1
2519 1421 1424 1415 1
2531 2534 2537 2484 1
2534 2531 646 2484 1
645 2482 2531 2484 1
2361 679 2665 2362 1
2529 2525 646 2484 1
2531 2528 646 2484 1
2528 2529 646 2484 1
2482 2319 2177 2484 1
2320 2461 631 2462 1
2528 2531 2532 2484 1
2482 2528 2532 2484 1
2531 2482 2532 2484 1
2177 2529 2528 2484 1
2482 2177 2528 2484 1
2193 2196 566 2479 1
2322 2195 147 2467 1
1467 2560 2692 1356 1
2319 2322 2461 631 1
2545 649 2481 2476 1
2546 2547 2478 2476 1
147 2321 2467 2465 1
2545 2551 2548 2481 1
2321 2320 2462 2468 1
566 2193 2479 2483 1
2540 2545 2549 2479 1
2549 2545 2481 2479 1
2190 2542 2540 2479 1
2540 647 2545 2479 1
2190 564 2542 2479 1
2542 564 2538 2479 1
2541 2542 2538 2479 1
647 2542 2541 2479 1
636 647 2541 2479 1
647 636 2545 2479 1
2545 636 2481 2479 1
2540 2542 647 2479 1
565 564 2190 2479 1
564 2541 2538 2479 1
564 636 2541 2479 1
2196 2190 2479 2483 1
670 2615 2607 668 1
1660 1647 1642 1646 1
160 634 2470 2333 1
2322 2320 631 2462 1
2320 2322 2321 2462 1
2462 2466 599 2332 1
2687 2718 684 3003 1
2735 695 693 2736 1
2462 634 2466 2332 1
2699 687 1356 2966 1
2471 652 2569 2568 1
2689 2593 2692 2683 1
2565 632 2566 653 1
2570 2471 2569 2568 1
2361 607 2358 2665 1
2572 2471 2571 652 1
2748 2740 2764 2766 1
2472 2719 2571 652 1
2471 2472 2571 652 1
2473 2698 2702 2710 1
1605 1467 1350 1355 1
1575 1590 1237 2951 1
2704 671 2708 2623 1
2600 2627 2626 2601 1
2710 2473 2632 2701 1
2320 2461 2462 2464 1
2600 2627 669 2626 1
64 1443 1366 356 1
2461 600 2164 59 1
1357 1467 1605 1356 1
1488 384 1489 1486 1
2333 598 2560 161 1
2689 2685 2616 2617 1
2470 2463 2474 2692 1
414 1623 1628 1627 1
633 2473 671 2632 1
1354 1608 1613 1614 1
1660 1642 428 1655 1
2627 2621 2626 2601 1
2596 2594 178 2597 1
2609 2596 178 2597 1
2822 711 2814 2988 1
2045 2043 526 3004 1
598 2352 2335 161 1
1628 1548 1593 403 1
2633 2638 2615 2617 1
1467 1605 1195 1355 1
664 659 2613 682 1
179 2675 2613 2610 1
2473 2698 2710 2709 1
2473 671 2632 2701 1
2700 65 2699 687 1
2640 2619 2635 675 1
2589 659 2649 682 1
2600 173 2625 2598 1
1367 357 1375 1453 1
1732 1734 1733 2980 1
1176 1188 48 2991 1
683 2355 2669 2671 1
1611 65 417 1607 1
1188 1076 1082 2991 1
175 2474 2634 2632 1
2636 2638 2616 2617 1
2631 2630 660 667 1
2633 2611 2690 2689 1
2618 2639 2628 176 1
2611 665 2689 2617 1
2402 619 2403 2399 1
2698 2473 687 2709 1
2442 2157 2441 2444 1
2474 2473 2710 2709 1
2639 2618 2628 2641 1
171 2618 2639 2641 1
2717 689 685 2692 1
2618 2619 2641 2640 1
2619 2618 171 2640 1
171 2618 2641 2640 1
673 171 2639 2640 1
2639 171 2641 2640 1
174 2624 2603 2602 1
2474 671 2634 2632 1
2754 2753 2762 696 1
423 1640 1636 1355 1
327 1256 1258 2995 1
2698 2710 2706 688 1
2619 2641 2640 2635 1
2675 2610 2690 682 1
2599 672 663 2591 1
1609 1611 419 1621 1
2716 2714 689 2717 1
687 2714 2717 2709 1
2739 2728 2743 2744 1
2633 2615 2611 2617 1
416 1601 1598 1600 1
2712 2716 689 2717 1
2637 2716 2717 2983 1
669 2630 2742 2727 1
2562 2166 557 597 1
2049 2046 2048 3004 1
2691 1467 2560 2692 1
1681 1733 2963 2980 1
1257 918 239 2995 1
2944 2960 75 2941 1
1732 1733 447 2980 1
2960 2944 75 2988 1
2613 2590 2606 668 1
2709 2474 175 2632 1
169 2584 2581 2580 1
2710 2474 2709 2632 1
2594 660 2761 667 1
2622 672 2604 2591 1
2623 633 2622 2624 1
162 2331 2328 604 1
351 1469 1349 1350 1
2701 2706 688 2704 1
2473 633 671 2701 1
2473 633 2474 2632 1
2473 2474 2710 2632 1
2474 633 671 2632 1
2725 2333 2692 161 1
2615 2635 666 2979 1
2698 2702 2710 688 1
2473 2702 2701 688 1
599 2462 2332 2334 1
2623 633 2624 2602 1
686 2705 2726 2720 1
671 2710 2632 2706 1
2706 2710 2701 688 1
2702 2698 2697 688 1
2710 2632 2706 2701 1
2726 2724 2720 690 1
2631 2594 2595 667 1
2721 148 2703 2469 1
2624 633 2724 2602 1
2710 2473 2701 688 1
671 2706 2701 2704 1
633 2701 2705 2704 1
2471 632 2466 2569 1
2472 2719 2470 2469 1
148 2721 2719 2469 1
2472 148 2719 2469 1
2627 2600 669 2625 1
661 2621 2599 2604 1
2623 174 2624 2603 1
180 2653 2673 2684 1
2621 672 2599 2604 1
2711 416 685 2692 1
1786 954 952 941 1
671 2634 2632 2622 1
2609 178 2605 2608 1
2704 2705 2707 686 1
634 2462 2464 2334 1
2742 2741 698 2759 1
633 671 2701 2623 1
2701 671 2704 2623 1
633 2701 2704 2623 1
2705 633 2704 2623 1
174 2707 2708 2623 1
2688 2645 172 2687 1
2742 2630 2733 2727 1
2973 700 2985 2994 1
2627 2600 2625 2598 1
672 2599 2604 2591 1
222 439 842 2936 1
2462 2320 2464 2334 1
2470 2622 2724 662 1
2621 661 2599 2601 1
671 2474 2634 2622 1
633 671 2623 2622 1
669 2739 2730 2727 1
633 2474 671 2622 1
633 2470 2474 2622 1
2743 2728 695 2738 1
2724 2624 2602 662 1
2335 2647 2684 2683 1
656 2583 2575 2577 1
2331 598 2328 2338 1
2609 659 2590 2606 1
430 1669 1671 1667 1
2717 2637 175 2692 1
1668 1669 82 1667 1
2576 2734 170 2736 1
1519 395 1545 2967 1
2765 2753 2756 2757 1
2753 697 2756 2757 1
1648 1650 426 428 1
2649 678 2683 682 1
2619 2641 2635 2620 1
697 2757 2762 696 1
2753 2765 2756 2747 1
694 2753 2756 2747 1
2579 2585 2574 658 1
426 1649 428 1655 1
1585 1246 1590 2951 1
2743 695 2746 2737 1
695 2746 2737 2738 1
695 2728 693 2738 1
2585 2579 2574 2581 1
693 2735 2736 2732 1
168 2738 2734 2586 1
2728 2743 2737 2738 1
1591 1575 1237 2951 1
2582 656 2576 2577 1
246 947 946 940 1
248 953 1283 1285 1
169 2765 2580 2764 1
169 2584 2585 2581 1
2580 169 2764 654 1
169 2585 2574 2581 1
2585 2584 2579 2581 1
2745 168 2738 2734 1
2582 2583 656 2577 1
759 1687 896 2971 1
2752 2750 696 2751 1
2582 169 2585 2574 1
2586 2734 2576 657 1
2745 2587 2746 168 1
2719 2470 2469 690 1
2666 2365 2667 163 1
2743 695 2737 2738 1
1485 1482 385 1487 1
656 2582 2576 170 1
2588 2576 2575 657 1
2599 672 2595 663 1
2745 656 2576 170 1
2709 687 2692 1356 1
2740 698 2766 2760 1
2743 2728 2737 692 1
2659 679 2362 2662 1
2741 694 2742 698 1
1681 196 2943 2971 1
695 2745 2738 2734 1
633 2724 2602 2726 1
2745 2748 170 2736 1
695 2748 2745 2736 1
2740 2735 695 693 1
693 695 2738 2734 1
2734 2745 170 2736 1
2630 669 660 2727 1
2593 659 2590 2589 1
662 2622 2604 2591 1
2728 2739 695 693 1
2588 656 2575 2577 1
681 2358 2360 2663 1
177 2647 2659 2362 1
2587 2588 2586 657 1
2689 665 2685 2617 1
2745 2748 2582 170 1
2582 2576 170 2577 1
2587 2586 2576 657 1
2745 2582 656 170 1
168 2745 2576 170 1
169 2573 2764 654 1
2355 2672 2671 2678 1
2587 656 2588 2576 1
168 2587 2586 2576 1
2745 2587 168 2576 1
2587 2745 656 2576 1
2745 168 2734 170 1
2734 168 2576 170 1
656 2588 2576 2577 1
2576 2588 2575 2577 1
2583 658 2575 2577 1
2583 2582 658 2577 1
2757 2755 167 2758 1
170 2735 2736 2766 1
2576 170 2577 2573 1
170 2582 2577 2573 1
2582 2574 2577 2573 1
2748 2582 170 2573 1
2582 2748 169 2573 1
2658 2649 664 2655 1
2465 2468 2567 599 1
2612 2675 179 2657 1
2675 2656 179 2657 1
2612 664 2655 2657 1
2640 2619 675 2644 1
178 2609 2597 2608 1
659 664 2613 2606 1
2748 2747 169 2764 1
1817 1816 468 2950 1
2747 2765 2764 698 1
2727 2742 2760 2759 1
171 2640 2643 2644 1
670 2635 2620 2615 1
693 695 2734 2736 1
2740 2735 2748 2736 1
2735 2740 695 2736 1
695 2740 2748 2736 1
176 2618 2763 2759 1
2353 598 2335 2339 1
2740 2739 2742 2732 1
2739 2740 695 2732 1
695 2740 693 2732 1
2739 695 693 2732 1
2358 607 2360 2663 1
2623 633 2602 2726 1
2676 2674 2683 682 1
2382 2384 2383 3004 1
1085 283 1084 2991 1
2609 2596 659 2605 1
2600 2626 660 2601 1
2609 2590 2607 668 1
2609 2596 2597 2590 1
2596 2609 659 2590 1
669 2600 660 2727 1
2322 2320 2321 599 1
2725 177 2592 2659 1
2660 2358 2362 2661 1
2634 672 2622 2591 1
2722 160 2664 2723 1
2744 692 2729 2730 1
160 2664 2723 2568 1
1974 1967 2803 3005 1
2634 2590 2611 668 1
2594 2731 178 2608 1
2596 659 2597 2590 1
177 2593 2589 2592 1
2600 669 2730 2727 1
2622 2624 662 2604 1
660 2630 2761 667 1
1745 1746 2941 2987 1
2565 2468 2466 599 1
659 2650 2589 2649 1
677 2673 2674 2676 1
678 2649 2658 2655 1
2470 2722 2725 2724 1
659 2658 664 2605 1
672 2599 2595 2601 1
2744 2728 692 2730 1
2634 2593 2590 2591 1
634 160 2332 2333 1
177 2650 2589 2647 1
2462 634 2332 2334 1
2320 2329 2464 2334 1
2627 661 2621 2601 1
2629 2597 2595 663 1
2470 634 2463 2333 1
672 2621 2624 2604 1
2626 2595 660 2601 1
2733 2630 660 2727 1
659 2589 2690 682 1
672 2629 2595 663 1
2629 2631 672 2595 1
2624 2603 2602 2604 1
693 2739 2732 2727 1
2631 2629 2597 2595 1
2728 2739 693 2730 1
2622 672 2624 2604 1
2469 2726 2720 690 1
2703 2469 2705 2720 1
679 2722 2725 2659 1
2739 2728 2744 2730 1
632 2572 2566 653 1
2624 2602 662 2604 1
177 2352 2362 2333 1
445 1732 2978 2980 1
2626 672 2595 2601 1
2703 2705 686 2720 1
2590 2593 663 2591 1
2634 2622 662 2591 1
2705 2469 2726 2720 1
2597 2590 2595 663 1
633 2470 2724 690 1
601 2344 166 2356 1
2629 2634 2590 663 1
2634 2590 663 2591 1
2352 2647 2335 161 1
2703 2721 2469 2720 1
2622 2624 2724 662 1
2725 2592 2724 662 1
678 2649 2655 682 1
2721 2719 2469 690 1
2721 2469 2720 690 1
633 2470 2622 2724 1
633 2622 2624 2724 1
2621 661 2603 2604 1
661 2627 2598 2601 1
2595 2599 663 2601 1
2627 2600 2598 2601 1
2660 2362 2662 2661 1
173 2744 2729 2730 1
2629 2634 663 2591 1
2634 2629 672 2591 1
672 2629 663 2591 1
2934 702 2956 2985 1
2739 669 2742 2727 1
661 2598 2599 2601 1
2357 681 2667 163 1
669 2600 2626 660 1
2470 633 2469 690 1
2739 2742 2732 2727 1
2358 2665 2660 2362 1
2739 693 2730 2727 1
2634 2629 2590 668 1
2731 2594 2761 2608 1
2618 176 667 2759 1
2630 669 2626 660 1
176 2630 667 2759 1
2594 2631 2595 660 1
2631 2626 2595 660 1
2631 2630 2626 660 1
1723 842 831 2936 1
2469 633 2705 2726 1
173 2600 2625 2730 1
173 2625 2744 2730 1
2469 633 2726 690 1
634 2463 2333 2334 1
2625 2739 2744 2730 1
2600 669 2625 2730 1
2625 669 2739 2730 1
632 2465 2468 2567 1
2565 632 2468 2567 1
2321 2465 2567 599 1
2465 2321 2468 599 1
2320 2462 2468 599 1
2468 2462 2466 599 1
162 2331 2348 2330 1
2466 632 2570 2569 1
2572 2471 652 2569 1
632 2565 2466 2570 1
2820 2768 2771 2938 1
2647 2659 2362 2662 1
162 2350 2328 2349 1
2471 2466 2570 2569 1
2352 2662 2661 676 1
2649 2612 664 2655 1
2565 2466 2570 2332 1
2466 2565 599 2332 1
177 2352 2647 2362 1
2611 665 2690 2689 1
2463 634 2464 2334 1
2471 2472 652 2568 1
2570 160 2332 2568 1
2329 2463 2464 2334 1
2719 2472 2470 2723 1
2719 2470 690 2723 1
2722 2719 690 2723 1
2332 634 2333 2334 1
2722 2470 2725 2723 1
2470 2722 2724 2723 1
2724 2722 690 2723 1
2470 2724 690 2723 1
2690 2589 2689 682 1
2637 2717 685 2692 1
2470 160 2723 2568 1
2472 2470 2723 2568 1
2719 2472 2723 2568 1
2472 2719 652 2568 1
652 2719 2723 2568 1
2472 2471 2466 2568 1
2466 2471 2570 2568 1
2466 2570 2332 2568 1
160 634 2332 2568 1
634 160 2470 2568 1
2472 634 2470 2568 1
634 2466 2332 2568 1
634 2472 2466 2568 1
2659 177 2362 2333 1
679 2664 2361 2665 1
2725 177 2659 2333 1
2359 2365 2666 163 1
2630 2761 667 2759 1
2665 679 2660 2362 1
2664 679 2361 2362 1
2596 2609 178 2605 1
2358 2361 2665 2362 1
21 1257 1258 2995 1
2358 607 2663 2660 1
2663 607 2665 2660 1
2463 351 2474 2560 1
659 2596 2649 2658 1
1669 82 1667 3002 1
2470 2725 2723 2333 1
160 2470 2723 2333 1
2645 674 2687 3003 1
2725 2722 2723 2333 1
2722 160 2723 2333 1
1543 1630 1627 3000 1
2371 611 2370 2369 1
166 601 2356 2354 1
2364 2372 164 2668 1
2366 2365 610 2666 1
2350 2328 2349 2337 1
896 1687 2943 2971 1
2360 681 2357 163 1
2359 2360 2357 163 1
2680 2364 164 2668 1
683 2355 2671 2678 1
610 2366 2666 2670 1
2366 2666 2670 2669 1
2352 2647 2662 676 1
2355 2360 606 2669 1
2653 676 2654 2674 1
2666 2359 163 2669 1
681 2360 2355 2669 1
683 2355 606 2669 1
2672 2671 2678 180 1
196 896 2943 2971 1
2366 610 2364 2670 1
2364 610 2372 2670 1
611 2679 2369 2367 1
2352 2362 608 2662 1
2359 681 163 2669 1
681 2359 2360 2669 1
2360 2359 606 2669 1
606 2359 2366 2669 1
2366 2359 2666 2669 1
606 2366 2363 2669 1
2335 2351 2339 2336 1
681 2666 2667 2669 1
2667 2666 163 2669 1
681 2667 163 2669 1
2748 170 2736 2766 1
2593 2589 2592 2683 1
608 2352 2662 2661 1
2362 608 2662 2661 1
2362 2358 608 2661 1
2344 603 2351 2336 1
2671 683 2678 2677 1
2653 2672 2661 180 1
2446 2157 627 2156 1
2647 2648 676 2684 1
2347 2341 605 2336 1
532 2434 2440 343 1
2355 608 2672 2678 1
2355 683 608 2678 1
2562 2455 2458 630 1
2671 2669 2677 680 1
2672 608 2661 180 1
2658 664 2605 2655 1
2339 2328 2338 604 1
2762 2754 696 2751 1
2564 2170 2456 145 1
2157 2446 627 143 1
2692 2592 161 2683 1
2331 2561 2338 604 1
2678 608 180 2673 1
2651 2678 180 2673 1
2345 2350 2349 2337 1
697 2756 2757 2758 1
2653 2651 180 2673 1
1788 1786 941 940 1
2368 2354 2363 2677 1
601 166 2343 2342 1
606 683 2669 2677 1
707 2141 1987 139 1
1588 413 1590 2951 1
2354 683 606 2677 1
2354 606 2363 2677 1
2372 2364 2670 2668 1
2638 2636 2685 2982 1
2345 603 2353 2349 1
700 2816 2820 2938 1
2694 2556 650 379 1
608 2352 2661 2684 1
2054 2057 2060 530 1
683 608 2678 2681 1
2682 2679 165 2369 1
2350 162 2328 2337 1
2368 2354 2677 2681 1
2012 1932 128 2850 1
602 2343 2341 2346 1
2775 2947 2955 2956 1
166 2341 2347 2336 1
2342 2343 2340 602 1
2343 166 2341 2346 1
603 605 2353 2336 1
2356 2344 2351 2336 1
2609 664 2605 2606 1
2679 2682 165 2367 1
2648 2654 2674 2652 1
2582 169 2574 654 1
2682 2342 165 2367 1
1739 435 433 2957 1
2020 2134 2786 2955 1
165 2371 2369 2367 1
611 2371 2370 2367 1
2354 683 2677 2681 1
2364 2680 164 611 1
2374 2364 164 611 1
2680 2679 2373 611 1
2680 2364 2668 611 1
2363 2680 2668 611 1
2364 2363 2668 611 1
2443 628 2444 2153 1
2368 2342 602 2346 1
603 2344 2345 605 1
2373 2374 164 611 1
2680 2373 164 611 1
2682 2368 2342 2367 1
1969 2097 507 1965 1
2788 2786 2785 2789 1
2325 2170 145 2171 1
2344 2347 2345 605 1
2344 166 2347 2336 1
2371 165 2340 2367 1
2559 2562 2166 2167 1
978 925 9 977 1
2368 166 2342 2346 1
519 2851 2005 2850 1
2330 2331 2559 2563 1
611 2679 2370 2369 1
2370 2371 2369 609 1
2008 2132 546 518 1
2679 2373 2370 609 1
222 1716 2936 2998 1
2373 2374 611 2370 1
2463 2470 2333 2560 1
600 2323 2164 560 1
2345 603 605 2353 1
2651 2653 2654 2674 1
2653 676 2674 2684 1
2352 608 2335 2684 1
2356 2355 2354 2681 1
2747 2765 169 2764 1
2673 2651 2674 2684 1
2452 2454 630 2453 1
683 2678 2673 2681 1
608 601 2684 2681 1
2651 677 2673 2674 1
2678 608 2684 2681 1
2651 2653 2674 2684 1
2678 608 2673 2684 1
2673 2678 2684 2681 1
601 2356 2354 2681 1
2648 2650 2649 678 1
601 608 2356 2681 1
598 2352 2353 2335 1
166 2343 2341 2336 1
664 2612 2613 2606 1
683 2673 2684 2681 1
2352 2351 2353 2335 1
601 166 2342 2681 1
2674 2684 2676 2683 1
603 2344 605 2336 1
170 2748 2573 2764 1
659 2596 2658 2605 1
608 601 2351 2335 1
2352 608 2351 2335 1
601 2335 2684 2681 1
608 601 2335 2684 1
2330 2559 604 2563 1
2329 598 2331 2338 1
598 2353 2328 2338 1
601 2351 2335 2336 1
683 2673 2674 2684 1
2353 605 2339 2336 1
2661 2653 180 2684 1
608 2661 180 2684 1
676 2648 2654 2684 1
2654 2648 2674 2684 1
676 2654 2674 2684 1
166 2368 2342 2681 1
2368 166 2354 2681 1
683 2355 608 2681 1
608 2355 2356 2681 1
2354 2355 606 2681 1
683 2354 606 2681 1
2355 683 606 2681 1
2351 603 2353 2336 1
605 2339 2336 2337 1
605 2353 2339 2337 1
2353 2328 2339 2337 1
2328 2353 2349 2337 1
605 2345 2353 2337 1
2353 2345 2349 2337 1
1678 1670 1653 1672 1
2740 2747 2764 698 1
2648 2674 2684 2652 1
2335 2339 161 2338 1
2613 659 2690 682 1
2649 659 2658 664 1
2654 2674 2652 2676 1
677 2654 2652 2676 1
2654 677 2674 2676 1
2650 2589 2649 2683 1
1487 1492 388 1493 1
169 2582 2573 654 1
2174 2323 2173 558 1
2384 2046 2049 3004 1
665 2690 2689 2685 1
2764 2740 698 2766 1
1197 309 1351 1359 1
2593 2590 2613 2611 1
2650 2649 678 2683 1
177 2352 2333 161 1
2381 2376 2039 528 1
2652 2656 2676 2683 1
2348 2330 604 2563 1
2612 664 2613 682 1
2618 2628 2620 667 1
2594 2631 660 667 1
1650 1677 1648 85 1
1917 204 793 794 1
2328 2339 2337 604 1
1361 1479 1355 355 1
2474 175 2634 2692 1
177 2650 2647 2683 1
2629 670 2607 668 1
2652 2656 678 2657 1
2638 2633 2689 2617 1
2594 2597 2595 2608 1
2402 2406 2405 619 1
2756 2765 2757 167 1
2735 691 2732 2760 1
2741 2754 2762 2763 1
2735 2740 2766 2760 1
2618 2628 2641 2620 1
2628 176 2631 667 1
697 2750 2757 696 1
2725 2722 2333 2999 1
2403 2394 2076 134 1
2754 2762 2763 2751 1
697 2749 2750 696 1
2595 2594 2608 667 1
2740 694 2747 698 1
2589 2649 2683 682 1
673 2749 2754 2751 1
2733 691 2731 2761 1
2647 2335 161 2683 1
535 2075 2073 2072 1
2573 170 2764 2766 1
2733 2742 2727 2761 1
2630 2742 2733 2761 1
2749 2752 696 2751 1
2637 2716 2686 685 1
2733 2594 660 2761 1
2733 2731 2594 2761 1
2630 2733 660 2761 1
1816 1846 468 2950 1
2755 2756 2757 167 1
170 2748 2764 2766 1
2740 2747 2748 2764 1
2695 2686 684 2713 1
2574 169 2581 654 1
694 2740 2742 698 1
2765 169 2580 167 1
2395 2396 2076 134 1
1572 319 409 1590 1
2740 2735 2732 2760 1
2740 2742 698 2760 1
2742 2740 2732 2760 1
2732 691 2733 2760 1
2733 691 2761 2760 1
2742 2732 2727 2760 1
2732 2733 2727 2760 1
2727 2733 2761 2760 1
2749 2752 697 2750 1
687 2714 2709 2692 1
2749 697 2753 696 1
2711 2712 689 684 1
2749 2752 2750 696 1
673 2754 2763 2751 1
2765 2756 2747 167 1
2747 2756 169 167 1
2765 2747 169 167 1
2641 670 2635 2620 1
2628 670 2641 2620 1
2756 2755 2757 2758 1
2753 697 2757 2762 1
697 2755 2756 2758 1
171 673 2763 2751 1
2556 72 1471 1602 1
2628 2618 176 667 1
2741 2754 2753 2762 1
2747 2765 698 2762 1
694 2747 698 2762 1
2753 2765 2747 2762 1
694 2753 2747 2762 1
2741 694 698 2762 1
694 2741 2753 2762 1
2750 697 2757 2758 1
2619 2635 675 2620 1
2631 176 2630 667 1
2742 2727 2761 2759 1
2754 2741 2639 2763 1
2594 2761 2608 667 1
2675 2612 179 2613 1
2761 2727 2760 2759 1
2628 2620 667 2607 1
2631 2628 667 2607 1
2615 2620 2607 668 1
2618 171 2639 2763 1
2639 2741 176 2763 1
2618 2639 176 2763 1
2620 670 2615 2607 1
2597 2595 2608 667 1
673 2754 2639 2763 1
171 673 2639 2763 1
675 2619 2642 2644 1
171 2619 2640 2644 1
2742 698 2760 2759 1
2590 2613 2611 668 1
1733 1734 2963 2980 1
1744 2948 2978 2980 1
2329 2331 2561 2338 1
659 2609 2605 2606 1
2590 659 2613 2606 1
664 659 2605 2606 1
2629 2631 2597 2607 1
2628 2631 2629 2607 1
2597 2609 2590 2607 1
2629 2597 2590 2607 1
2609 2597 2608 2607 1
2608 2597 667 2607 1
2609 2608 667 2607 1
2628 670 2620 2607 1
670 2628 2629 2607 1
2597 2631 2595 2607 1
2595 2631 667 2607 1
2597 2595 667 2607 1
2749 2752 2751 2643 1
2593 2634 2590 2611 1
2634 2633 2690 2689 1
1361 1479 1640 1355 1
659 2593 2590 2613 1
2633 2611 2689 2617 1
2089 962 944 966 1
2592 2725 2692 161 1
2609 2607 2606 668 1
2590 2629 2607 668 1
2590 2609 2606 668 1
2689 2589 2683 682 1
2640 675 2642 2644 1
2329 2463 2334 2560 1
1605 389 1636 1355 1
2688 2689 685 2685 1
2685 665 2616 2617 1
2331 2348 2330 604 1
2619 2642 2644 666 1
2614 2636 2616 2617 1
2633 2634 2611 668 1
2633 2629 2634 668 1
2633 670 2629 668 1
670 2633 2615 668 1
2615 2633 2611 668 1
2636 2645 2646 172 1
2352 177 2647 161 1
416 2711 685 2713 1
2709 2717 175 2692 1
2560 2561 161 2338 1
1200 1042 1463 1465 1
2715 1631 421 2966 1
2646 2614 2642 666 1
2333 2560 2692 161 1
1636 389 1530 1355 1
2650 2648 2647 2683 1
2463 2470 2560 2692 1
2688 2645 2636 172 1
2686 2711 684 2713 1
2647 2648 2684 2683 1
2716 2712 2718 684 1
2656 678 2657 682 1
2634 2633 2611 2690 1
2610 2611 665 2690 1
2592 2591 2689 2692 1
2593 2634 2611 2690 1
2716 2717 2686 685 1
2633 2638 2689 2692 1
2593 659 2589 2690 1
678 2655 2657 682 1
2613 2593 2611 2690 1
2610 2613 2611 2690 1
659 2593 2613 2690 1
2610 2613 2690 682 1
2353 598 2339 2338 1
1640 1195 1639 1355 1
175 2633 2634 2692 1
2649 659 664 682 1
1212 1215 1201 53 1
2619 675 2642 666 1
2686 416 685 2713 1
2725 2592 2333 161 1
2474 2463 2560 2692 1
2675 2656 2657 682 1
2634 2633 2689 2692 1
2589 2593 2690 2689 1
2328 2331 2338 604 1
2689 2688 685 2692 1
2691 2689 685 2692 1
2637 2633 175 2692 1
2676 2656 2675 682 1
2592 177 2333 161 1
2593 2592 2591 2689 1
2593 2634 2690 2689 1
2634 2593 2591 2689 1
2645 2688 2636 2687 1
160 2722 2664 2999 1
171 673 2751 2643 1
2638 2689 2685 2616 1
2636 2638 2685 2616 1
2636 2688 172 2616 1
2688 2636 2685 2616 1
2614 2646 172 2616 1
2614 2636 2646 2616 1
2646 2636 172 2616 1
2620 2619 2615 666 1
675 2619 2620 666 1
21 918 1257 2995 1
46 1089 1090 2991 1
1691 2968 2976 2990 1
2635 2620 2615 666 1
2635 675 2620 666 1
2711 2686 685 2713 1
2612 2649 664 682 1
2711 2712 684 2713 1
1514 400 1521 1539 1
689 2712 2717 684 1
2686 2711 685 684 1
2711 689 685 684 1
2717 2686 685 684 1
689 2717 685 684 1
1242 323 55 1236 1
1555 1559 412 408 1
2686 2695 684 2696 1
685 2686 2693 2696 1
2691 685 2693 2696 1
416 2686 685 2696 1
2691 416 685 2696 1
1601 2694 1603 1598 1
416 2691 685 2692 1
2684 2648 2652 2683 1
2558 1472 379 1471 1
2470 2622 662 2692 1
162 2328 2337 604 1
2714 689 2717 2692 1
2334 2333 598 2560 1
2333 2352 598 161 1
953 248 949 1285 1
689 2711 685 2692 1
2329 2561 2560 2338 1
2656 2652 678 2683 1
2652 2648 678 2683 1
2592 662 2591 2692 1
1472 2558 379 1468 1
1585 413 1592 1583 1
1467 2691 2560 379 1
1598 2696 1597 1600 1
2561 2557 381 1468 1
1469 2561 381 1468 1
1200 311 1466 1465 1
2557 651 2559 2561 1
2684 2652 2676 2683 1
2648 2650 678 2683 1
2612 2675 2655 682 1
678 2656 2683 682 1
598 2335 2339 161 1
2331 162 2348 604 1
2561 2559 2338 604 1
2451 2555 1337 2454 1
204 492 2508 1401 1
2376 2130 528 2050 1
2650 177 2589 2683 1
598 2560 161 2338 1
2555 2553 651 2554 1
2675 2612 2613 682 1
2724 2470 662 2692 1
2592 2724 662 2692 1
2474 2634 2622 2692 1
2622 2634 662 2692 1
662 2634 2591 2692 1
2591 2634 2689 2692 1
1671 1658 1670 427 1
1601 1467 2691 2692 1
1472 379 1471 1468 1
416 1601 2691 2692 1
2589 177 2592 2683 1
2560 2692 161 2683 1
2593 2592 2689 2692 1
2649 2612 2655 682 1
2589 2593 2689 2683 1
2470 2725 2333 2692 1
2470 2333 2560 2692 1
2592 2725 2724 2692 1
2725 2470 2724 2692 1
1340 71 1461 1462 1
1469 1467 2561 1468 1
2688 2636 2687 2982 1
2039 2038 2379 529 1
2120 2130 2126 69 1
1017 999 262 998 1
2459 2446 2165 627 1
2161 2166 2327 560 1
1968 2020 2095 114 1
2449 628 2151 2445 1
2450 549 2120 2129 1
268 1021 1329 1325 1
2325 2564 2170 557 1
628 2442 553 2445 1
628 2442 2153 553 1
2166 2325 2327 2171 1
1343 2559 381 1465 1
2149 2519 2518 555 1
2153 553 2151 2445 1
1446 1447 1058 275 1
1268 247 1266 80 1
2554 2555 2454 2453 1
2384 2379 614 3004 1
2447 2446 627 2156 1
2157 2442 2156 2152 1
2455 2459 2458 630 1
1967 181 2974 3005 1
2091 541 2093 2393 1
2455 2459 557 2458 1
2562 2455 557 2458 1
2165 2562 557 2458 1
2459 2165 557 2458 1
1188 1176 45 2991 1
1046 1344 1463 1465 1
2450 612 2129 2130 1
2452 2554 2454 2453 1
964 963 1270 331 1
2085 2086 2387 77 1
651 2562 2559 2460 1
2554 630 2460 2453 1
2562 651 2554 2460 1
1030 1027 1328 1327 1
2562 2554 2458 2460 1
1019 2519 2510 2149 1
2554 2452 630 2453 1
627 2165 2154 143 1
2458 2554 630 2460 1
345 260 1326 1332 1
1045 1344 1328 1342 1
2165 2458 627 2441 1
2446 2459 2165 143 1
2165 2458 2441 2460 1
94 1563 1581 1526 1
2458 627 2441 2460 1
1332 992 1250 1331 1
2165 2562 2458 2460 1
2522 2158 2160 2159 1
2441 2157 2154 2155 1
2521 644 2518 2522 1
1370 279 269 1050 1
641 2511 2514 366 1
2381 612 2050 2380 1
2495 204 1917 794 1
992 995 69 1247 1
45 1081 1086 2991 1
267 1333 1327 347 1
2523 62 2159 1419 1
2519 2515 644 2518 1
1038 272 1203 1036 1
1000 995 3 909 1
2166 2165 557 2167 1
2523 62 2164 2159 1
2378 112 2037 2040 1
2170 2456 2457 2981 1
1032 267 1327 347 1
1027 1335 34 1030 1
2150 2148 2149 555 1
2166 2325 597 2327 1
2177 2520 2163 144 1
2165 2441 2154 2167 1
1021 2150 268 1022 1
2157 627 2441 2154 1
1081 1087 1086 2991 1
433 1689 2968 2976 1
1474 383 1473 353 1
628 2449 2151 2129 1
2325 2562 557 597 1
2160 266 1024 1026 1
2518 2521 2522 2160 1
2158 2518 2522 2160 1
2155 2160 266 1024 1
260 996 1326 1332 1
555 2518 2158 2160 1
62 2164 2159 1023 1
644 2521 2518 2160 1
2520 2163 144 2164 1
2163 2520 2461 2164 1
2055 2434 532 2065 1
525 2045 2044 2377 1
2520 643 2461 2164 1
2521 2522 2160 2159 1
2524 2521 2160 2159 1
144 2520 2164 2159 1
1196 1198 1353 1350 1
643 2523 2164 2159 1
2442 2447 553 2445 1
2441 2165 2460 2167 1
2562 2559 2460 2167 1
59 62 1428 1417 1
1916 132 2121 2122 1
2119 1916 491 2122 1
2121 2150 2147 991 1
2157 627 2154 143 1
2443 345 549 2147 1
549 2120 260 1331 1
627 2157 2441 2156 1
266 1024 1029 70 1
324 3 912 240 1
628 2153 2151 2445 1
2443 2444 2147 2153 1
345 2450 2443 549 1
1034 1038 1203 1036 1
2442 2447 627 2156 1
2157 2446 143 2156 1
2448 628 2443 2129 1
2444 2147 2153 2152 1
261 1000 999 998 1
2127 2124 2128 550 1
2041 2378 525 2037 1
1205 311 1042 1204 1
2144 2145 2124 548 1
2442 627 2441 2156 1
2157 2442 2441 2156 1
2375 612 2450 2130 1
2376 2041 2039 528 1
2378 612 2375 2130 1
2442 2447 2156 2152 1
2447 2442 553 2152 1
2444 556 2147 2152 1
2442 2157 2444 2152 1
2444 2157 556 2152 1
628 2444 2153 2152 1
2442 628 2153 2152 1
628 2442 2444 2152 1
2443 628 2153 2129 1
2129 2449 131 2380 1
112 2127 2040 2128 1
2053 2086 2083 118 1
612 2448 2450 2129 1
2450 2448 2443 2129 1
2450 2443 549 2129 1
549 2443 2153 2129 1
2164 2323 2169 560 1
707 2141 139 2105 1
131 2050 2380 2051 1
2052 2381 2039 2050 1
2381 612 2376 2050 1
2124 2119 550 262 1
2376 612 2130 2050 1
2448 2449 2129 2380 1
612 2448 2129 2380 1
612 2129 2130 2380 1
2130 2129 131 2380 1
2130 131 2050 2380 1
612 2130 2050 2380 1
1714 440 968 970 1
2795 544 99 256 1
2101 968 978 977 1
2139 552 2142 2143 1
2043 2379 529 2047 1
2055 2434 2065 2066 1
2119 2144 2124 548 1
2169 2164 560 2162 1
2327 2169 2171 2168 1
112 2040 2126 2128 1
2166 2325 557 597 1
2144 2123 2146 548 1
112 525 2037 2142 1
2378 112 2040 2126 1
2012 1998 2423 625 1
510 1974 2964 3005 1
2325 2327 2171 2168 1
2144 2119 2125 548 1
2041 2378 2037 2040 1
2124 2126 2128 550 1
993 2119 2144 2124 1
2378 2041 2376 2040 1
2376 2041 528 2040 1
2378 2376 528 2040 1
2145 112 2037 2142 1
1248 324 3 912 1
2144 2125 2123 548 1
1247 997 1250 1251 1
995 997 69 1247 1
650 2557 2560 379 1
528 2378 2040 2126 1
2376 2378 528 2126 1
2378 2376 2130 2126 1
2130 2376 528 2126 1
2119 2125 2124 550 1
924 1248 911 240 1
2145 2127 2124 548 1
2127 2145 2124 550 1
2890 2922 726 2996 1
2390 2085 2387 77 1
2124 2127 2128 548 1
2327 558 2169 2168 1
2078 2079 535 2073 1
1316 932 344 926 1
2061 2055 533 2439 1
2055 533 2438 626 1
2144 552 2124 2142 1
552 2144 2145 2142 1
2145 2144 2124 2142 1
1019 2150 2149 991 1
2145 2124 550 2142 1
993 2119 2124 262 1
2562 2166 597 2326 1
2559 2562 597 2326 1
2562 2559 2166 2326 1
2331 2559 2563 2326 1
2563 2559 597 2326 1
2161 2166 2167 2326 1
2166 2559 2167 2326 1
2463 2329 2464 1349 1
2330 2563 597 2326 1
2330 2331 2563 2326 1
2559 2331 2561 2326 1
22 914 1259 916 1
2331 2329 2561 2326 1
1182 302 1190 308 1
1044 36 1204 1041 1
1196 1467 1198 1350 1
1467 1357 1605 1350 1
600 2164 2161 560 1
2323 2326 2327 560 1
2323 2327 2169 560 1
2326 2161 2327 560 1
2327 2166 2171 560 1
2323 2164 2169 2162 1
2319 2163 2461 2162 1
2461 2163 2164 2162 1
2324 2174 2163 2162 1
2319 2324 2163 2162 1
2174 2323 558 2162 1
558 2323 2169 2162 1
2174 558 2169 2162 1
2323 600 2164 2162 1
600 2461 2164 2162 1
600 2319 2461 2162 1
2319 600 2324 2162 1
600 2323 2324 2162 1
2323 2174 2324 2162 1
2017 2020 542 2095 1
2098 1968 2095 114 1
963 964 1272 1262 1
582 2270 2271 2251 1
2041 2376 2039 2038 1
2086 2053 530 2085 1
2086 539 252 1261 1
1968 2020 2017 2095 1
2381 2039 2379 529 1
2043 2045 614 2383 1
2038 525 2045 2044 1
2379 2045 2043 529 1
2052 2381 2051 527 1
1185 1188 1076 1082 1
2143 2102 140 2044 1
2142 525 2143 2044 1
2045 614 2386 2377 1
2057 2054 2060 2440 1
707 2798 2795 2105 1
1714 1716 967 970 1
254 2104 543 2103 1
1972 2798 139 2105 1
125 1943 1868 1875 1
2798 707 139 2105 1
123 1877 1977 2812 1
2041 2376 614 2377 1
2097 544 2799 705 1
764 905 236 901 1
2134 2135 100 1008 1
2379 2046 527 2049 1
2066 2065 140 2435 1
814 765 1 813 1
2062 2042 613 2433 1
2044 2045 2386 2377 1
510 2797 1966 3005 1
2062 533 626 2436 1
2434 2065 2435 1315 1
533 2439 626 2436 1
1248 1255 327 1253 1
2059 2062 2064 531 1
2043 2379 2049 3004 1
2437 526 2062 2064 1
2384 2046 2379 2049 1
527 2379 2049 2047 1
2059 531 2058 2436 1
2051 2052 527 2047 1
2052 2381 527 2047 1
541 2094 2091 2093 1
2379 2381 529 2047 1
2381 2052 529 2047 1
2379 2043 2049 2047 1
1590 1246 1237 2951 1
2042 2045 2043 526 1
1967 510 1966 3005 1
1969 1967 1966 3005 1
2398 2394 2395 536 1
2381 2052 2039 529 1
1967 2804 2803 3005 1
2381 2379 527 2047 1
2398 2394 616 2395 1
2053 2057 2054 530 1
2062 2064 531 2436 1
2055 2061 533 2054 1
2048 2064 2382 2063 1
533 2059 2058 2439 1
2055 2434 2438 2440 1
2064 526 2048 2382 1
2437 526 2064 2382 1
2064 2437 2382 2063 1
2048 2382 130 2063 1
2078 2403 2076 134 1
2062 2437 2436 2433 1
2437 2064 531 2063 1
2066 2042 2062 2433 1
2062 2059 533 2436 1
1974 2803 2964 3005 1
1967 1969 181 3005 1
454 1808 946 985 1
541 2094 2093 2393 1
2066 2042 2433 2435 1
2061 533 2058 2439 1
2059 2061 533 2058 1
2389 617 2396 2395 1
2055 2057 532 2440 1
2060 2061 2058 142 1
2434 2066 626 2435 1
2434 2055 2438 626 1
1245 1243 1221 56 1
2079 2078 2076 134 1
613 2042 2386 2385 1
1317 325 930 923 1
2076 2396 2090 134 1
2406 2402 535 2072 1
2042 526 2062 613 1
2091 541 2388 2390 1
2094 2093 615 2392 1
2086 2053 2085 2387 1
615 2060 2392 2440 1
530 2060 2085 2094 1
2053 530 2085 2387 1
541 2084 2390 1261 1
2091 540 2388 2393 1
2061 2058 142 2439 1
539 2084 252 1261 1
2041 2378 2376 2377 1
615 2392 2438 2440 1
613 2042 2383 2386 1
540 2091 2093 2393 1
2437 2062 613 2433 1
1714 440 256 967 1
2093 615 2392 2393 1
2392 2060 2438 2440 1
2055 533 2439 2438 1
33 1323 937 938 1
2053 2057 530 2387 1
2094 2060 142 2392 1
2045 2038 529 614 1
2094 541 2388 2393 1
2398 1268 2397 536 1
1604 1595 1546 2972 1
615 530 2440 2387 1
2086 2085 2390 77 1
2086 2084 539 1261 1
2085 530 2094 615 1
530 2060 2094 615 1
2561 2559 1200 1465 1
2089 962 966 328 1
2376 2039 2038 614 1
540 2391 2388 2393 1
2061 2055 2439 2438 1
2055 2061 2054 2438 1
2135 100 1008 1010 1
2053 2056 2387 77 1
142 2439 2392 2438 1
2054 2061 142 2438 1
142 2061 2439 2438 1
2060 2054 142 2438 1
2060 142 2392 2438 1
526 2437 2062 613 1
2437 526 2382 613 1
541 2084 2085 2388 1
2060 2054 2438 2440 1
533 2439 2438 626 1
541 2084 2388 2390 1
2434 2055 532 2440 1
541 2085 2094 2388 1
2085 2388 2390 2387 1
2084 2086 2085 2390 1
2084 2085 2388 2390 1
617 2391 2388 2390 1
2391 617 2091 2390 1
540 2091 2388 2390 1
2391 540 2388 2390 1
540 2391 2091 2390 1
2057 2055 2054 2440 1
2054 2055 2438 2440 1
2045 2379 2043 614 1
2059 2062 531 2436 1
2053 2056 2057 2387 1
1263 1265 955 956 1
2085 2094 2388 2387 1
2094 2085 615 2387 1
2388 2094 2393 2387 1
615 2388 2393 2387 1
2093 615 2393 2387 1
2094 2093 2393 2387 1
2093 2094 615 2387 1
2038 2039 2379 614 1
1925 1989 1995 499 1
533 2059 2439 2436 1
140 2042 2435 2385 1
2882 2872 2871 1794 1
2055 2434 2066 626 1
2055 2066 533 626 1
925 2101 2099 974 1
2066 2062 533 626 1
2038 2379 529 614 1
921 915 1256 238 1
1995 1993 499 1929 1
2379 2045 529 614 1
1255 1252 31 923 1
626 2066 2433 2435 1
460 1793 1812 463 1
532 242 343 1320 1
2847 2854 719 2850 1
2917 2923 2925 733 1
2041 2376 2038 614 1
2381 2376 2379 614 1
2376 2381 2039 614 1
2039 2381 2379 614 1
2042 526 613 2383 1
2797 510 2964 3005 1
2804 1967 2974 3005 1
1800 1806 1280 1285 1
2042 613 2433 2385 1
995 997 992 69 1
2042 2433 2435 2385 1
409 1575 1590 1237 1
2042 140 2044 2386 1
2042 140 2386 2385 1
614 2383 2386 2377 1
1045 1046 1344 1463 1
2068 2069 2865 2071 1
1925 1927 498 1989 1
2045 614 2383 2386 1
2042 2045 2383 2386 1
2045 2042 2044 2386 1
1799 1800 1280 333 1
1270 1265 331 1263 1
525 2041 2038 2377 1
2038 2041 614 2377 1
112 2378 2037 2377 1
2378 525 2037 2377 1
2057 2056 532 1320 1
2157 2441 2444 70 1
1316 242 931 926 1
350 1338 1341 1339 1
1260 237 916 910 1
31 976 931 975 1
1989 1925 1924 499 1
465 1820 1831 1819 1
2873 2879 1805 463 1
2080 2888 2880 2885 1
247 944 1267 1272 1
2391 617 2090 2092 1
2874 1801 1802 81 1
2399 2403 536 2077 1
2863 2867 2067 113 1
1565 1564 95 1583 1
944 964 1267 1272 1
919 921 915 1256 1
947 248 1283 1285 1
2401 2400 1276 1275 1
2400 332 1276 1275 1
394 1517 1514 1513 1
2012 513 625 1935 1
2396 2092 2081 536 1
2395 2398 2081 2087 1
2394 2396 2395 134 1
1793 2869 1801 463 1
617 2389 2396 2090 1
540 2391 2090 2092 1
2493 623 496 2489 1
2073 2079 2077 538 1
1796 461 1804 464 1
2391 617 2396 2090 1
247 945 950 951 1
541 617 2091 2089 1
2075 2073 538 2068 1
2401 2400 619 2399 1
2402 2403 2078 535 1
2078 2079 2076 536 1
334 945 1277 1286 1
2396 2090 2092 536 1
2395 2394 2076 536 1
2075 538 2069 2068 1
2863 2067 2071 113 1
2406 2073 538 2072 1
928 925 9 77 1
1268 2398 2081 536 1
2394 616 2399 536 1
2398 2395 2081 536 1
2389 2395 2092 2087 1
2092 2081 536 2087 1
2391 540 2091 2087 1
2389 617 541 2089 1
2395 2396 2081 536 1
2886 2883 2887 2878 1
2396 2395 2076 536 1
2394 2403 2078 134 1
2090 2076 2092 536 1
2079 2076 536 2077 1
536 2399 2077 2082 1
1846 467 1828 1845 1
617 2389 2090 2092 1
2389 2396 2090 2092 1
2396 2389 2395 2092 1
1212 1215 1208 1201 1
2403 2078 2076 536 1
2403 2394 2399 536 1
2397 2401 2399 536 1
2110 2004 2011 2108 1
617 2391 2091 2089 1
1891 2235 2263 483 1
2020 2134 523 2785 1
2134 2020 2786 2785 1
617 2391 2089 2087 1
2391 617 2092 2087 1
2422 496 1934 1935 1
2091 540 2092 2087 1
2395 2396 2092 2081 1
2391 2091 2089 2087 1
2091 541 2089 2087 1
1498 1604 1497 1501 1
963 964 1270 251 1
2398 1268 2081 2087 1
540 2391 2092 2087 1
2079 535 2073 2077 1
2078 2079 536 2077 1
2403 2078 536 2077 1
619 2403 2399 2077 1
538 2077 2082 2069 1
2072 2075 135 2074 1
619 2402 2403 2077 1
2402 2079 2078 2077 1
2403 2402 2078 2077 1
2012 520 2854 128 1
2110 517 2004 2107 1
1819 1846 1817 468 1
2401 2399 536 2082 1
2081 2401 536 2082 1
947 2400 2401 2082 1
2402 2406 535 2082 1
2402 535 2077 2082 1
619 2402 2077 2082 1
535 2406 2073 2082 1
2073 2406 538 2082 1
535 2073 2077 2082 1
2077 2073 538 2082 1
2401 2400 2399 2082 1
2400 619 2399 2082 1
2399 619 2077 2082 1
718 2885 2865 2861 1
2424 2490 2852 128 1
2863 721 718 2861 1
2925 730 2907 2906 1
2602 2623 2726 2933 1
2406 2402 2405 2881 1
2425 1990 495 1924 1
2069 2080 2880 2885 1
2004 520 2852 2854 1
1873 1869 1961 1875 1
2004 2110 2107 2108 1
2010 2109 2011 138 1
2138 2008 2109 138 1
1747 1749 969 255 1
2004 517 2007 2107 1
517 2007 2107 2003 1
470 1836 1842 1838 1
523 2022 701 2781 1
2132 2138 2008 2109 1
763 1725 1747 219 1
2018 2028 2024 2136 1
2010 2110 2004 2011 1
2008 2009 2109 2011 1
186 2860 185 2878 1
2012 2016 1932 2850 1
2016 2012 513 1993 1
2138 2132 2008 518 1
2007 2107 2003 2113 1
2424 637 2888 2490 1
2008 2132 2109 546 1
2885 2069 2865 2864 1
1990 2000 2002 2430 1
1006 893 890 895 1
1309 1307 1306 340 1
2009 2008 2109 546 1
523 2787 704 2789 1
2104 2102 543 2103 1
2493 623 2489 2492 1
2109 2110 2011 546 1
2009 2109 2011 546 1
1998 2012 513 625 1
2486 2424 2491 2490 1
546 2009 518 2432 1
2011 2009 546 2108 1
2110 2011 546 2108 1
2004 2108 2853 2852 1
2432 2133 1308 74 1
2424 2486 637 2490 1
2853 2004 2852 2854 1
2273 2243 2237 2269 1
2107 2004 2108 547 1
2848 2868 2849 2111 1
546 2132 2133 2432 1
2009 546 2423 2432 1
1994 2425 625 1931 1
2113 2003 2006 117 1
731 2904 2915 2914 1
466 1822 474 1855 1
2885 718 720 2861 1
2868 545 2849 2111 1
1934 2012 1935 1932 1
2423 2422 1934 1935 1
1850 1851 1857 1861 1
1993 1937 1933 1935 1
721 2853 2858 2866 1
2014 2009 2423 2432 1
2133 2132 2431 2432 1
2132 518 2431 2432 1
546 2117 2423 2432 1
2016 1935 1932 497 1
2786 523 701 2781 1
2848 2849 117 2111 1
2112 2113 2849 2111 1
2849 2113 117 2111 1
545 2112 2849 2111 1
2849 2113 2006 117 1
1999 1998 1994 513 1
1994 2425 2430 625 1
513 1994 1993 1995 1
2430 2002 122 1886 1
2112 2868 545 2849 1
537 2863 2865 2071 1
2069 537 2865 2071 1
2112 2113 547 2849 1
734 2929 2926 2916 1
2863 718 2867 113 1
2007 2107 2113 2849 1
2113 2107 547 2849 1
2116 2112 545 2115 1
2904 2882 2915 2914 1
2812 2809 2827 2767 1
2016 1937 1993 497 1
495 584 1930 2271 1
127 2001 2002 1889 1
209 1303 809 1386 1
2007 2004 2847 2005 1
513 625 1935 1929 1
638 2493 2489 2492 1
1937 136 2016 1993 1
2220 2219 2252 2257 1
2425 2429 2430 625 1
518 2013 2431 2432 1
515 2237 584 2269 1
2245 2273 2246 1923 1
2004 520 2847 2005 1
1990 1927 495 1924 1
1998 2429 126 2014 1
520 2009 2014 2012 1
1996 1997 514 1999 1
520 2012 2423 128 1
2358 608 2661 2970 1
2236 579 2235 2263 1
2844 2853 2858 2845 1
1932 2851 497 2850 1
2422 496 1935 1929 1
2429 1999 1994 625 1
1833 1844 1834 471 1
2429 2013 2014 2432 1
2428 624 2782 2783 1
805 209 1303 809 1
2429 1998 513 625 1
2082 2069 2080 2880 1
2007 2849 2006 2847 1
2007 2006 519 2847 1
2855 718 2856 2861 1
2107 547 2849 2847 1
2007 2004 2107 2847 1
2007 2107 2849 2847 1
1994 1989 516 1995 1
2033 2032 1887 1892 1
2235 2000 1891 127 1
842 439 847 2936 1
183 2768 2774 2771 1
2780 2775 2786 701 1
2900 727 2894 2945 1
520 2016 2012 2005 1
519 2851 2015 2005 1
1930 129 2250 2427 1
1998 2429 2423 625 1
209 341 1303 1386 1
136 2015 1937 2016 1
2016 1993 1935 497 1
2024 2018 551 2790 1
2423 2852 2854 128 1
514 1996 1888 1889 1
521 2780 2022 2025 1
2429 1994 2430 625 1
2220 2219 2223 2252 1
136 1938 1936 1993 1
518 2013 2024 2431 1
2018 2787 551 2790 1
1889 1888 122 1886 1
1876 123 1878 1959 1
1932 2854 128 2850 1
2271 582 2251 2247 1
2421 2424 2486 2487 1
729 2905 2901 2898 1
1938 1936 1993 1995 1
547 2107 2853 719 1
2025 1888 701 2781 1
964 247 950 963 1
2924 2918 734 2923 1
1936 1925 498 1995 1
498 1925 1989 1995 1
2924 2911 2913 730 1
2030 524 2029 1879 1
2014 1998 2012 513 1
587 581 2244 2243 1
2851 2016 1932 497 1
807 805 209 1303 1
2069 537 2080 2885 1
481 506 1954 1960 1
2855 2862 720 2861 1
2001 514 1887 1892 1
1959 2021 2036 141 1
2249 581 587 2269 1
523 2786 2785 2781 1
2268 2240 2264 586 1
2246 2245 1923 111 1
129 1930 2250 2247 1
719 2853 2844 2845 1
504 2030 1959 2036 1
1990 2000 515 2002 1
2241 158 2255 2257 1
2246 1923 1991 111 1
514 2001 2032 2033 1
1927 498 1989 1926 1
153 2219 2223 2222 1
2431 2026 2790 2782 1
1927 1989 1990 1992 1
2818 2768 183 2771 1
2246 1991 2237 515 1
2280 1945 478 1874 1
125 119 1875 1874 1
1380 360 1305 1302 1
584 1930 2271 2250 1
2227 578 2225 2231 1
2224 158 156 2267 1
1567 1573 320 2931 1
2273 580 2245 2243 1
2245 580 2246 2243 1
2273 2245 2246 2243 1
584 2425 1930 2250 1
2253 585 2254 2276 1
153 2219 2239 2252 1
2264 2241 2255 583 1
2249 584 2271 2251 1
2239 2219 574 2257 1
2236 2241 583 2256 1
2240 2268 2264 2267 1
158 2224 2266 2267 1
495 2425 1924 1930 1
2244 587 2243 2272 1
587 2275 2272 2242 1
2244 587 2272 2242 1
587 2244 2275 2242 1
2243 2244 2272 2242 1
580 2243 2272 2242 1
2818 699 2770 2767 1
484 2029 2031 1881 1
747 746 823 10 1
1139 1105 1136 49 1
2225 2227 156 2230 1
1923 1991 111 1992 1
1990 1991 515 1992 1
2236 2265 2264 586 1
2238 2000 2258 1886 1
2226 2220 156 2257 1
1620 1529 352 2940 1
1574 1572 1229 1238 1
2240 2241 2264 586 1
581 2241 2239 2236 1
579 2236 2265 2261 1
2021 2034 1883 482 1
2236 579 2263 2261 1
2254 2252 2233 159 1
1882 2029 1880 1879 1
2428 1997 2002 2430 1
1085 285 1090 2991 1
2246 2273 2243 2237 1
2787 2134 2135 2789 1
2022 2780 523 701 1
2170 2564 2456 2981 1
703 2784 2947 2956 1
2240 2262 579 2236 1
2241 2240 579 2236 1
1876 2030 1885 2036 1
1784 1787 1788 454 1
1873 1869 481 1961 1
1927 1923 1926 1992 1
1991 1923 515 1992 1
2031 2029 1882 1879 1
608 2672 2661 2970 1
2021 521 2034 482 1
524 485 1879 1885 1
524 2032 2033 2029 1
2273 2246 1923 2237 1
2896 2894 2922 726 1
581 2236 2238 2237 1
2784 2775 2786 703 1
2025 2026 2782 2781 1
1926 1923 111 1992 1
1923 2246 1991 2237 1
1991 1923 2237 515 1
638 2421 2494 2492 1
2001 2000 127 2002 1
2249 587 2270 2269 1
1997 514 2001 2002 1
2031 1866 1882 1881 1
1989 516 1990 1992 1
294 1126 1312 225 1
2904 2882 2912 2915 1
1997 516 1990 2002 1
1693 1741 433 2957 1
1127 1120 297 293 1
581 587 2244 585 1
2804 181 2808 2974 1
2249 582 2248 2251 1
1996 2035 1888 1889 1
2520 643 2159 2975 1
514 1996 2032 2035 1
2030 2031 480 1879 1
1866 2031 115 1881 1
2033 1890 1880 1892 1
712 2828 2829 2812 1
2787 2018 523 2790 1
2812 708 709 2826 1
1865 1953 1866 480 1
2097 507 2106 2800 1
2030 2029 2031 1879 1
524 2032 1880 485 1
504 2030 1876 1959 1
509 2829 2804 181 1
504 2030 1953 2031 1
2302 589 2303 2299 1
2809 2810 2827 2767 1
1873 1957 1958 1960 1
125 1868 1869 1871 1
1865 1878 481 1954 1
1880 524 485 1879 1
2778 2934 2956 2985 1
2029 484 1882 1880 1
1953 1865 1866 1867 1
481 1869 1871 1964 1
2031 1953 1866 115 1
2031 1882 480 1879 1
1883 2812 2770 2767 1
524 2032 2029 1880 1
1637 1615 418 2940 1
2008 2138 2028 2027 1
2001 1891 1887 1889 1
1865 504 480 1876 1
1953 504 2031 480 1
1953 2031 1866 480 1
504 2030 2031 480 1
1866 2031 1882 480 1
2030 524 1879 1885 1
514 2001 2033 1892 1
2033 484 2029 1880 1
2032 2033 2029 1880 1
484 2033 1890 1880 1
2017 2022 482 2955 1
2032 514 2033 1887 1
2947 2776 2955 2956 1
2138 2008 138 2027 1
1885 123 2036 1883 1
2030 524 1885 2036 1
2893 188 2895 2945 1
2033 2032 1892 485 1
2032 2033 1880 485 1
1880 2033 1892 485 1
594 2302 2303 2299 1
2241 2240 2236 586 1
2035 2034 482 1884 1
2000 2238 483 1886 1
504 2030 480 1876 1
480 2030 1879 1876 1
1945 125 2279 1868 1
506 481 1955 1964 1
119 1875 1874 1872 1
2279 2280 478 1874 1
1629 417 1356 2965 1
123 1877 1878 1959 1
708 2807 2812 709 1
2302 2280 2278 2299 1
1876 123 1959 2036 1
624 2431 2790 2782 1
2796 543 2103 1718 1
2755 2578 655 2949 1
2302 119 2314 2299 1
2414 124 1949 2801 1
506 1873 1958 1960 1
1978 1957 505 479 1
1953 504 1867 1956 1
2106 2795 2103 2800 1
1877 123 1977 141 1
480 1865 1876 1878 1
124 2798 706 2801 1
119 2280 2314 2299 1
1865 504 1878 1954 1
2238 2235 483 1886 1
1873 1957 1960 479 1
2304 2279 478 1874 1
2280 2279 2299 1874 1
589 2278 2304 2299 1
1864 477 1956 1955 1
1967 509 2804 181 1
1943 125 1871 1870 1
2829 2804 181 2806 1
1953 115 1863 1867 1
477 1871 1870 1955 1
506 481 1964 1961 1
1943 125 1869 1871 1
1864 481 1871 1955 1
506 1873 481 1961 1
504 1865 1953 1867 1
1863 1953 1867 1956 1
124 2798 1975 1976 1
124 2798 1976 706 1
504 1865 1956 1954 1
1878 1873 1954 1960 1
477 1863 1864 1956 1
1871 1943 1870 1964 1
504 1865 1867 1956 1
1972 2798 1973 139 1
2018 2137 2020 2019 1
1873 506 1958 1961 1
1864 1863 1867 1956 1
1865 1864 1867 1956 1
1871 1870 1955 1964 1
1865 481 1864 1956 1
119 125 1945 1874 1
1963 1873 1958 1961 1
1869 1943 1871 1964 1
2798 1975 1976 1971 1
1865 481 1956 1954 1
481 506 1955 1954 1
1877 1978 2804 479 1
1878 1873 481 1954 1
1864 481 1955 1954 1
481 1864 1956 1954 1
1956 1864 1955 1954 1
1873 481 1954 1960 1
1954 1878 1960 1959 1
1743 1744 448 2948 1
504 1878 1954 1959 1
708 2812 2809 2826 1
1631 1632 421 2965 1
1987 2802 139 1970 1
122 2258 1886 2259 1
479 2804 2805 2803 1
2304 478 2299 1874 1
2521 2522 2159 2975 1
1878 1877 1960 1959 1
2020 2095 114 2019 1
1877 509 1977 2812 1
1949 1962 1872 2801 1
2798 508 139 1970 1
2830 1749 968 255 1
708 2807 709 2806 1
2102 2065 140 2104 1
2798 508 1973 139 1
1967 1969 509 181 1
1974 479 2805 2803 1
544 2098 2799 705 1
125 1868 478 1875 1
2798 508 1971 1973 1
2795 2105 2106 543 1
2796 707 2795 543 1
254 2102 2139 543 1
2102 254 2104 543 1
2097 544 705 2800 1
182 2784 2817 2813 1
2097 2797 1969 507 1
1978 1974 1967 2803 1
508 1973 139 1970 1
2798 707 2802 139 1
2802 707 1987 139 1
2098 2097 2797 1965 1
2797 2097 1969 1965 1
1967 510 1969 1966 1
1723 439 746 1711 1
478 1868 1869 1875 1
1963 1873 1961 1875 1
2804 181 2806 2808 1
2802 2798 139 1970 1
2798 2802 508 1970 1
1985 508 1986 1970 1
2802 1985 1986 1970 1
508 2802 1986 1970 1
2776 182 2778 2817 1
2008 2138 518 2028 1
2263 483 1886 2261 1
1120 1141 296 1121 1
2097 2106 2103 2800 1
123 1959 2036 141 1
1968 1967 1969 509 1
504 1876 1878 1959 1
551 2787 2131 2790 1
2828 2098 2096 2799 1
1529 1637 352 2940 1
524 1885 2036 2034 1
2820 2818 2770 710 1
2138 2132 518 2028 1
242 2056 532 2099 1
2032 514 1887 1889 1
2027 2028 522 2136 1
655 2578 2581 2949 1
2269 495 1930 2271 1
2026 2431 624 2782 1
2134 2137 2018 2136 1
2794 1719 99 256 1
1957 1877 1977 141 1
1997 2428 1999 2430 1
2030 1876 1959 2036 1
2021 123 2036 141 1
123 1877 1959 141 1
2017 542 2955 2956 1
2032 1887 1884 1889 1
2948 2977 2980 2987 1
2787 2790 704 2782 1
2241 581 2239 2256 1
1977 509 2017 2023 1
1877 1957 1960 141 1
1877 1960 1959 141 1
2000 2430 2258 1886 1
521 2025 2035 482 1
1532 1529 89 2940 1
1996 514 2032 1889 1
2024 551 2431 2790 1
2022 2780 2026 2025 1
2018 2137 522 2136 1
2132 518 2028 2024 1
523 2787 2790 704 1
584 495 2269 2271 1
1104 47 1106 1093 1
2424 2486 2488 637 1
2788 703 2955 2956 1
2137 2018 2020 523 1
2134 2137 2020 523 1
2137 2134 2018 523 1
2138 2028 2027 2136 1
1699 1008 1010 263 1
1997 516 2002 2430 1
2028 2132 2024 551 1
542 2017 2769 2956 1
2249 2237 2258 2260 1
1320 925 1264 77 1
2275 587 2274 2276 1
2138 2028 2136 551 1
2028 2024 2136 551 1
2138 2132 2028 551 1
2018 2134 2136 551 1
1135 1109 1110 1108 1
126 2025 2782 2783 1
2782 2025 2781 2783 1
2024 2018 2136 551 1
2018 2787 523 551 1
2134 2018 523 551 1
2787 2134 523 551 1
1701 1731 100 1734 1
2787 2134 551 2135 1
2024 2013 2026 2431 1
2796 2795 544 2103 1
2791 1708 1718 441 1
2137 2018 522 2019 1
2830 1744 448 1749 1
1013 338 1289 1707 1
705 2794 440 1748 1
2828 2098 2095 2096 1
2100 2056 118 2101 1
1246 1243 1589 1220 1
1637 1620 352 2940 1
1892 1887 485 1884 1
2101 2099 544 2096 1
524 1885 2034 1884 1
1615 1620 418 2940 1
532 2056 2101 2099 1
895 1007 230 887 1
2103 2796 972 256 1
2099 544 2103 256 1
2139 2102 2143 543 1
2798 2795 2105 2106 1
1729 444 1721 1751 1
242 925 2056 2099 1
2056 925 2101 2099 1
543 254 2103 1718 1
2096 2830 2799 705 1
542 2828 2095 2096 1
509 123 1977 2812 1
2032 524 2034 1884 1
1972 2798 2105 2106 1
2099 544 2104 2103 1
1582 1587 1566 407 1
1695 1306 340 898 1
708 2807 2806 2808 1
247 1277 1266 1278 1
532 242 2099 2104 1
242 532 2065 2104 1
2065 532 2099 2104 1
1745 1684 1750 449 1
2100 542 2101 2096 1
1318 1252 1317 923 1
972 2099 256 974 1
1957 1978 1877 479 1
727 2893 2895 2945 1
707 2139 2141 543 1
2141 2139 2105 543 1
707 2141 2105 543 1
2796 2791 707 543 1
707 2791 2139 543 1
1181 302 1182 308 1
2791 254 2139 543 1
544 2796 2103 256 1
914 1260 1259 916 1
507 2797 1966 2800 1
434 1683 1728 1726 1
2794 1719 256 978 1
2812 712 1883 2770 1
1943 501 1961 1875 1
279 1060 1063 1049 1
2828 509 2829 2812 1
2098 2096 2799 705 1
544 2101 2096 2794 1
2796 2795 2794 99 1
542 2828 2096 2830 1
350 1345 1464 2942 1
2804 709 2803 2808 1
2414 1949 501 2801 1
2098 2097 544 2799 1
2828 542 2095 2830 1
1968 2828 2095 2830 1
2828 1968 2098 2799 1
524 485 1885 1884 1
1529 1620 1616 2940 1
2768 183 699 2770 1
2768 2818 183 2770 1
2022 2017 523 2955 1
2827 2818 2770 2767 1
509 1968 2829 181 1
125 119 1943 1875 1
1868 1943 1869 1875 1
2096 544 2794 705 1
501 1949 1872 2801 1
1974 1978 479 2803 1
1978 2804 479 2803 1
709 2829 2826 2806 1
1725 763 1747 449 1
544 2097 2103 2800 1
2795 544 2103 2800 1
1972 2798 2106 2800 1
507 1972 2106 2800 1
544 2795 2794 2800 1
2794 2795 705 2800 1
544 2794 705 2800 1
1972 507 1966 2800 1
2798 1972 1973 2800 1
2002 1889 122 1886 1
1519 400 1546 2967 1
2804 709 2805 2803 1
2755 167 2758 2949 1
1723 1722 842 2936 1
1958 1873 1875 479 1
2829 2812 709 2826 1
1686 97 1691 2939 1
1869 1943 1964 1875 1
1964 1943 1961 1875 1
1869 1964 1961 1875 1
1958 1963 505 1872 1
1949 1963 501 1872 1
2893 2921 188 2945 1
501 1963 1961 1872 1
1961 1963 1875 1872 1
501 1961 1875 1872 1
405 1549 1544 2967 1
1943 501 1875 1872 1
119 1943 1875 1872 1
2807 709 2806 2808 1
1872 1962 2805 706 1
2810 2811 183 2773 1
1872 1962 706 2801 1
1629 1632 1607 2965 1
119 2414 501 2801 1
1957 1958 505 479 1
417 1607 1356 2965 1
1958 1875 1872 479 1
1957 1873 1958 479 1
1978 505 1974 479 1
708 2811 2810 2809 1
2807 2812 709 2809 1
2811 2807 709 2809 1
2811 708 2807 2809 1
2807 708 2812 2809 1
514 2001 1887 1889 1
2768 183 2773 699 1
1969 1968 509 181 1
2414 2802 124 2801 1
1978 1967 509 2804 1
1877 1978 1977 2804 1
2829 712 2812 2826 1
2522 2158 2159 2975 1
505 1974 479 2805 1
1978 509 1977 2804 1
509 1877 1977 2804 1
1877 509 2812 2804 1
2812 709 2809 2804 1
417 1629 1607 2965 1
509 2829 2812 2804 1
2812 2829 709 2804 1
521 2023 2022 482 1
2810 708 2809 2827 1
2809 708 2826 2827 1
2812 2809 2826 2827 1
2001 1997 2002 1889 1
709 2807 2803 2808 1
2240 158 2267 2255 1
1968 1969 1965 181 1
1965 1969 2799 181 1
2098 1965 2799 181 1
1968 2098 2799 181 1
2098 1968 1965 181 1
1872 505 479 2805 1
1962 124 1976 706 1
2802 2798 124 2801 1
2711 421 1624 2965 1
2414 119 2802 2801 1
1962 505 1872 2805 1
505 1962 1974 2805 1
711 2813 2814 2993 1
400 1545 1546 2967 1
421 1632 1624 2965 1
1978 1967 2804 2803 1
1089 1085 1090 2991 1
1976 510 1974 706 1
169 2584 2580 2949 1
1971 2798 1973 706 1
1973 2798 2800 706 1
1976 1971 510 706 1
2797 510 1966 706 1
2797 1966 2800 706 1
1971 1973 1966 706 1
510 1971 1966 706 1
1972 1973 2800 706 1
1973 1972 1966 706 1
1966 1972 2800 706 1
1943 501 1872 2801 1
119 1943 1872 2801 1
1943 119 501 2801 1
2818 2827 699 2767 1
2224 2227 575 2225 1
2811 2810 2809 2767 1
2810 2811 699 2767 1
2241 2240 2264 2255 1
523 2024 2026 704 1
360 1387 1388 1379 1
524 2032 485 1884 1
2237 2238 2258 2260 1
2811 2809 2773 699 1
2826 2827 2770 2767 1
2017 2020 2786 2955 1
2034 521 2035 482 1
2823 2826 2827 2770 1
2258 2238 1886 2261 1
2258 1886 2265 2261 1
514 1996 1999 1888 1
2428 514 1999 1888 1
1996 2428 1999 1888 1
2428 1997 514 1888 1
2429 2428 624 2430 1
2780 2022 2026 701 1
763 1747 449 2987 1
725 2883 2879 723 1
2026 2024 2431 2790 1
2021 2023 521 482 1
1617 1529 1616 2940 1
2827 2810 2818 699 1
290 1099 1096 1097 1
126 1996 2025 1888 1
2133 2132 2131 2431 1
2268 158 2224 2266 1
2025 1996 2035 1888 1
514 1997 2001 1889 1
812 824 822 214 1
542 2769 255 2956 1
2818 2768 2820 2770 1
1997 514 1888 1889 1
2780 2025 1888 701 1
521 2780 2025 482 1
2032 1892 485 1884 1
1997 2428 2002 1889 1
2818 2810 183 699 1
1617 1615 1529 2940 1
183 2810 2773 699 1
2264 2268 586 2266 1
2811 2809 699 2767 1
2816 711 2956 2985 1
297 1132 1114 1116 1
2827 2810 699 2767 1
1889 2002 483 1886 1
123 509 1977 1883 1
1977 509 2023 1883 1
2021 123 141 1883 1
1977 2021 141 1883 1
123 1977 141 1883 1
2036 2021 2034 1883 1
1885 2036 2034 1883 1
703 2775 2955 2956 1
482 2035 1884 1889 1
1730 96 1721 2984 1
2823 2819 2821 2944 1
1314 20 1119 808 1
1996 2032 2035 1889 1
2035 2032 1884 1889 1
2034 1885 1883 1884 1
2258 2238 2265 2260 1
2035 2025 1888 482 1
712 2812 2826 2767 1
1620 1637 418 2940 1
2786 2134 2788 2955 1
2032 1887 1892 1884 1
712 2828 2812 1883 1
2768 2818 2820 2771 1
2826 2812 2827 2767 1
2428 2429 1999 2430 1
2780 2022 523 2955 1
2812 712 2770 2767 1
509 123 2812 1883 1
2828 509 2812 1883 1
1891 2001 127 1889 1
1532 1504 1529 2940 1
2384 2382 130 3004 1
2249 581 2237 2260 1
1615 1617 1616 2940 1
1089 1185 283 2991 1
2689 2638 2685 2982 1
838 1721 2984 2998 1
169 2756 2584 2949 1
745 750 749 16 1
1736 1745 2941 2978 1
523 2017 2786 2955 1
1693 1682 1741 2957 1
521 2780 482 2955 1
703 2786 2788 2955 1
2775 2786 703 2955 1
2020 2017 542 2955 1
2788 2134 100 2955 1
2262 579 2265 2261 1
182 2777 2778 2817 1
1188 45 1084 2991 1
711 2819 2944 2988 1
2021 2023 482 2954 1
2000 1891 127 483 1
2827 2823 2770 710 1
2429 126 2013 624 1
2428 1998 2429 624 1
2229 578 2221 2234 1
127 1891 1889 483 1
2017 2020 523 2786 1
763 196 899 2986 1
2818 2827 2770 710 1
2775 703 2947 2956 1
2819 2823 2821 710 1
255 2943 2955 2956 1
2635 675 666 2979 1
542 255 2955 2956 1
1700 438 1699 235 1
2026 523 704 2781 1
2024 2026 704 2782 1
2132 2024 551 2431 1
2132 518 2024 2431 1
2013 2026 2431 624 1
2241 2255 583 2256 1
2025 126 2781 2783 1
2790 2024 704 2782 1
2776 182 2817 2956 1
838 1722 1721 2998 1
182 2776 2947 2956 1
100 2788 2955 2956 1
2769 1681 255 2956 1
482 2780 2935 2955 1
2785 523 704 2789 1
518 2009 2014 2432 1
2088 2133 539 74 1
2236 2259 2260 2256 1
1994 1999 513 625 1
587 581 2243 2269 1
1700 1699 1004 263 1
2133 2088 1308 74 1
2238 2000 515 2258 1
546 2133 2117 2432 1
2013 2429 624 2432 1
810 1310 870 228 1
804 807 1303 1302 1
1380 1803 360 1302 1
2428 1888 2779 122 1
2258 2430 122 1886 1
2265 2264 2259 583 1
1891 1887 1889 483 1
581 2249 585 2260 1
2235 2263 483 1886 1
2133 2088 2117 2432 1
879 981 990 878 1
1996 2428 1888 2779 1
2026 126 2025 2782 1
2013 2026 624 2782 1
126 2013 624 2782 1
2013 126 2026 2782 1
2000 2002 2430 1886 1
1888 701 2781 2779 1
2262 2265 586 2261 1
2000 1990 515 2430 1
1997 1994 516 2430 1
2429 2423 625 2432 1
1994 2425 516 2430 1
516 2425 1990 2430 1
516 1990 2002 2430 1
1999 2429 1994 2430 1
1997 1999 1994 2430 1
2134 2135 1703 100 1
2025 126 1888 2779 1
2025 1888 2781 2779 1
515 2000 2430 2258 1
2000 127 2002 483 1
2941 1743 2944 2948 1
1144 1098 50 1091 1
868 18 865 867 1
2422 2493 1928 623 1
637 2423 2888 2880 1
2892 2886 714 2841 1
2118 137 2080 2423 1
2108 2117 2118 2423 1
2118 2117 137 2423 1
2239 2256 2252 2257 1
2614 2615 666 2979 1
2241 158 2240 2255 1
2009 546 2108 2423 1
2903 2900 2914 2897 1
2108 546 2117 2423 1
126 2781 2783 2779 1
2783 2428 2779 122 1
1928 2493 2426 623 1
2009 520 2014 2423 1
2080 2118 2888 718 1
2014 520 2012 2423 1
1998 2014 2012 2423 1
1998 2429 2014 2423 1
2428 1996 126 2779 1
2237 2238 515 2258 1
2000 2238 2235 483 1
2259 2236 583 2256 1
2422 1928 2426 623 1
2026 704 2782 2781 1
856 442 1013 1707 1
50 1128 1132 44 1
2002 2000 483 1886 1
2428 2002 1889 122 1
2430 2428 2258 122 1
2235 2238 2263 1886 1
2236 2265 2259 583 1
2223 578 2252 2233 1
2265 2236 2264 583 1
2002 2428 2430 122 1
2238 2258 2265 2261 1
1743 2825 2944 2948 1
2382 2048 130 3004 1
47 1105 1100 1139 1
2238 2263 1886 2261 1
2236 2238 2265 2261 1
2220 578 2223 2221 1
579 2262 2263 2261 1
2241 2236 2264 586 1
2268 158 2266 2267 1
2239 581 585 2256 1
585 581 2260 2256 1
2262 579 2236 2265 1
1125 1130 1118 1114 1
158 156 2267 2255 1
2787 2131 2790 1698 1
2266 2224 575 2267 1
578 2229 2231 2228 1
2219 2239 2252 2257 1
2258 2265 2259 2260 1
158 2227 2224 156 1
2244 587 2275 585 1
2223 2222 2221 2232 1
581 2236 2237 2260 1
2241 2226 158 2257 1
190 1722 844 842 1
2264 2240 2267 2255 1
1689 1693 433 2957 1
581 2249 587 585 1
1128 290 1096 1097 1
2240 158 2268 2267 1
2264 2268 2266 2267 1
156 2224 2267 2230 1
2226 2227 158 156 1
2224 2227 2225 2230 1
1686 1691 2963 2989 1
2231 2225 156 2230 1
2226 2220 2227 156 1
585 2239 2256 2252 1
2220 578 2227 156 1
2227 578 2231 156 1
2254 2253 2276 159 1
2220 578 156 2257 1
2229 576 2233 2234 1
1123 1120 1141 296 1
153 2254 2276 159 1
2229 578 2257 2228 1
1887 2001 1892 2969 1
1886 2258 2265 2259 1
736 742 189 217 1
1303 807 342 1302 1
1096 1099 287 1097 1
587 2274 2276 2270 1
576 2229 2257 2228 1
576 2229 2252 2257 1
2226 2239 574 2257 1
2223 578 2233 2234 1
2229 578 2252 2257 1
2238 2236 2265 2260 1
2265 2236 2259 2260 1
2219 2220 574 2257 1
2270 582 2271 2247 1
578 2220 2252 2257 1
2226 2241 2239 2257 1
2232 2274 2276 159 1
158 2226 156 2257 1
158 156 2255 2257 1
2241 2255 2256 2257 1
2787 2131 1698 436 1
578 2220 2223 2252 1
1142 1120 1143 294 1
578 156 2257 2228 1
578 2231 156 2228 1
587 2275 585 2276 1
1685 13 1311 1697 1
2244 153 2239 2254 1
2274 153 2276 159 1
2243 581 2237 2269 1
2229 576 2252 2233 1
2222 2223 2221 577 1
1930 2271 2250 2247 1
2239 153 2252 2254 1
2244 2239 585 2254 1
585 2239 2252 2254 1
153 2275 2222 2274 1
578 2229 2233 2234 1
2274 2222 2232 577 1
582 2249 2270 2251 1
2244 2275 153 2274 1
584 2425 495 1930 1
2244 2275 2274 2276 1
2275 2244 585 2276 1
585 2244 2254 2276 1
153 2244 2274 2276 1
2244 153 2254 2276 1
1994 1995 499 1929 1
582 2249 2248 2270 1
585 587 2276 2270 1
582 2248 2253 2270 1
582 2253 2276 2270 1
2249 587 585 2270 1
2249 585 2248 2270 1
2248 585 2253 2270 1
2253 585 2276 2270 1
804 209 1385 1305 1
584 2271 2251 2247 1
2252 2223 2233 159 1
2223 153 2222 159 1
2223 2222 2232 159 1
2233 2223 2234 159 1
2222 2274 2232 159 1
2222 153 2274 159 1
2219 2223 2252 159 1
153 2219 2252 159 1
2219 153 2223 159 1
2221 2232 2234 159 1
2223 2221 2234 159 1
2221 2223 2232 159 1
520 2009 2011 2852 1
2486 2424 638 2491 1
2237 2249 2258 2269 1
2080 2888 2885 718 1
2250 584 2251 2247 1
2406 2404 2864 2876 1
587 2243 2272 2269 1
2430 515 584 495 1
2425 2430 584 495 1
2258 2249 584 2269 1
1990 1927 1992 495 1
1927 1923 1992 495 1
515 1990 1992 495 1
1923 515 1992 495 1
1990 515 2430 495 1
2425 1990 2430 495 1
2425 1994 516 1931 1
2069 2070 537 2071 1
2108 2009 2423 2852 1
2423 2424 2888 2490 1
1923 2273 2237 2269 1
2237 2258 584 2269 1
136 1938 1993 1933 1
2004 2011 2108 2852 1
1989 1927 1990 1924 1
516 1989 1990 1924 1
1930 129 1931 1928 1
2425 516 1924 1931 1
2422 2423 625 1935 1
2422 625 1931 1929 1
1938 136 1937 1933 1
1993 1938 499 1933 1
1937 136 1993 1933 1
2903 2904 731 2914 1
760 758 756 197 1
1313 1314 1303 809 1
2424 2421 2486 638 1
943 939 246 940 1
2425 1930 2250 2427 1
2114 2116 2853 718 1
1994 513 1993 1929 1
2918 2928 734 2916 1
2424 2421 638 2489 1
2919 2896 2894 2922 1
2424 638 2491 2489 1
2424 2421 2489 2492 1
2004 520 2011 2852 1
1930 2425 1931 2427 1
129 1930 1931 2427 1
638 2486 2487 2494 1
2486 2421 2487 2494 1
1931 2422 1928 2427 1
1928 2422 2426 2427 1
129 1931 1928 2427 1
129 1928 2426 2427 1
638 2486 2491 2489 1
2422 1928 496 1929 1
2486 2424 2488 2487 1
2886 186 185 2878 1
360 1387 1379 1305 1
1379 1384 1378 1304 1
1387 1388 1379 1305 1
2422 2493 623 496 1
2928 2930 2918 734 1
2421 638 2489 2492 1
547 2849 2847 719 1
2486 2488 638 2487 1
2118 2114 2853 718 1
722 724 2904 2905 1
2009 520 2423 2852 1
2872 724 722 2870 1
520 2004 2847 2854 1
2424 2423 637 2485 1
717 2844 2858 2846 1
1591 323 1575 1236 1
2423 2080 2888 2880 1
513 2016 1993 1935 1
2404 135 2864 2876 1
2423 2424 637 2888 1
1795 459 1813 462 1
2924 2913 2925 730 1
2855 2885 718 720 1
623 2422 496 2489 1
804 807 209 1303 1
341 1385 1303 1305 1
1770 983 987 259 1
623 2424 2489 2492 1
1928 2493 496 2489 1
2422 2424 496 2489 1
2424 2422 623 2489 1
2888 2423 2490 2852 1
2423 2012 1934 1932 1
1314 1303 810 342 1
2851 2015 2016 497 1
625 1994 499 1929 1
2068 2865 2864 2074 1
1839 474 1842 1844 1
2011 2009 2108 2852 1
2118 2888 718 2852 1
1736 1745 447 2987 1
2865 2863 534 2071 1
513 1994 625 1929 1
2080 2118 2423 2888 1
1114 1132 44 1116 1
516 1924 1931 499 1
2012 2423 1934 1935 1
1842 1843 1838 1833 1
1994 1993 1995 1929 1
2922 729 2890 726 1
79 1377 2488 2485 1
637 2423 2880 2485 1
1841 1831 1829 1830 1
725 2881 2864 2876 1
2885 725 2881 2864 1
724 2883 2886 2870 1
1815 1820 1821 468 1
2868 717 2844 2858 1
625 2422 1935 1929 1
2862 2855 2856 2861 1
724 2882 722 2904 1
2114 2118 537 718 1
537 2118 2080 718 1
520 2423 2852 2854 1
2421 2486 638 2494 1
1934 2423 1932 128 1
1385 361 1305 1304 1
1792 1797 459 462 1
1763 102 103 1809 1
1844 1841 1829 471 1
2486 2488 637 2485 1
461 1793 1802 463 1
2405 2402 619 2881 1
2917 727 2923 733 1
2402 2406 2082 2881 1
2865 2885 2864 720 1
2869 460 1812 463 1
1793 1801 1802 463 1
2080 2082 2880 2881 1
2885 725 2864 720 1
808 810 797 1310 1
725 2880 2885 2881 1
2705 2704 2707 2933 1
2075 2068 2074 534 1
1799 1802 1805 463 1
1938 1925 1936 499 1
1936 1925 1995 499 1
1938 1936 1995 499 1
1993 1938 1995 499 1
496 2491 2489 1934 1
2834 713 715 2835 1
499 1993 1933 1929 1
1994 516 1931 499 1
516 1994 1995 499 1
516 1989 1924 499 1
1989 516 1995 499 1
2853 2847 2854 719 1
2107 547 2847 719 1
625 1994 1931 499 1
2491 2424 1934 128 1
520 2423 2854 128 1
2847 2004 2853 2854 1
1937 1933 1935 497 1
2423 2422 2424 1934 1
2424 2422 496 1934 1
1931 625 499 1929 1
1933 1993 1935 1929 1
2422 1931 1928 1929 1
1928 1931 496 1929 1
1924 1931 499 1929 1
496 1934 1935 1929 1
1993 1937 1935 497 1
724 2886 2877 2870 1
2424 2491 2490 128 1
2004 2108 547 2853 1
2917 727 2927 2923 1
2107 2004 547 2853 1
2112 547 2114 2853 1
2423 2012 1932 128 1
2015 2851 1937 497 1
547 2118 2114 2853 1
2108 2118 547 2852 1
2112 2114 2116 2853 1
2859 2843 2846 184 1
2859 2846 2845 184 1
520 2847 2005 2854 1
2108 547 2853 2852 1
2118 2108 2423 2852 1
2915 2913 2906 733 1
2831 713 2834 2835 1
2424 2423 1934 128 1
534 2863 2867 2067 1
369 1420 1418 2946 1
537 2863 2071 113 1
2423 2424 2852 128 1
2853 2118 718 2852 1
547 2118 2853 2852 1
2846 2831 2845 184 1
299 297 293 1116 1
2112 547 2853 719 1
547 2112 2849 719 1
2112 2868 2849 719 1
2004 2847 2853 719 1
2107 2004 2853 719 1
2004 2107 2847 719 1
2068 2865 534 2071 1
2851 519 2847 2850 1
2847 519 2005 2850 1
2016 2012 2005 2850 1
2851 2016 2005 2850 1
520 2012 2854 2850 1
2012 520 2005 2850 1
2005 520 2854 2850 1
534 2863 2067 2071 1
538 2069 2068 2071 1
2849 2847 719 2844 1
2868 2849 719 2844 1
2868 717 2848 2844 1
2868 2848 2849 2844 1
2926 2927 2923 732 1
721 2853 718 2856 1
2853 721 2858 2856 1
1806 1786 1807 1803 1
1784 249 1785 942 1
1848 472 1842 1852 1
2867 718 2866 113 1
721 2863 718 2866 1
2858 2853 2856 2845 1
2856 713 2831 2845 1
2858 2859 2846 2845 1
2913 2925 730 2907 1
721 2858 2856 2845 1
2865 2885 720 2861 1
2831 2856 2845 184 1
713 2856 2831 184 1
1847 466 1848 1862 1
2831 713 184 2834 1
716 2833 2840 2832 1
2855 2862 2856 2838 1
2116 2115 2866 113 1
2856 721 2857 2861 1
713 2856 184 2834 1
2856 721 2845 2857 1
2862 713 2856 715 1
2068 2865 2074 534 1
1762 1771 450 452 1
2845 2859 184 2857 1
713 2856 2834 2857 1
2862 713 715 2857 1
2855 2840 2838 186 1
2839 2842 2837 186 1
2839 2842 716 2837 1
2856 2845 184 2857 1
713 2862 2856 2857 1
2920 2917 2927 732 1
2862 2855 2860 2840 1
2842 2839 716 2840 1
2833 2842 716 2840 1
713 2856 715 2838 1
2835 715 2833 2832 1
2833 715 2840 2832 1
713 2834 715 2857 1
184 2859 2834 2857 1
2856 184 2834 2857 1
2856 2862 715 2838 1
716 2839 2832 2838 1
2839 716 2840 2838 1
2840 716 2832 2838 1
715 2840 2832 2838 1
715 2862 2840 2838 1
2862 2855 2840 2838 1
713 715 2835 2838 1
2835 715 2832 2838 1
713 2835 2832 2838 1
2858 2859 2845 2857 1
721 2858 2845 2857 1
718 721 2856 2861 1
718 2855 720 2861 1
2069 537 2885 2865 1
1792 1798 1797 1809 1
2862 2856 2857 2861 1
537 2863 718 2865 1
2885 537 718 2865 1
2842 2837 185 2841 1
2855 2862 2860 720 1
2114 2116 718 113 1
2070 537 2071 113 1
718 2863 2867 2866 1
2406 2404 135 2864 1
2072 2406 135 2864 1
2880 2885 2881 2864 1
2880 2069 2885 2864 1
2075 2072 135 2864 1
2075 538 2072 2864 1
2069 2075 2068 2864 1
2069 2068 2865 2864 1
538 2075 2069 2864 1
2082 2880 2881 2864 1
2082 2069 2880 2864 1
2082 538 2069 2864 1
538 2406 2072 2864 1
2406 538 2082 2864 1
1850 1857 1856 475 1
2068 534 2067 2071 1
186 2886 2887 2878 1
2883 725 2875 723 1
2844 2868 2858 2866 1
2853 2844 2858 2866 1
2872 724 2884 2882 1
725 2879 2875 723 1
2853 2112 719 2866 1
719 2868 2844 2866 1
2853 719 2844 2866 1
2112 2868 719 2866 1
2868 2112 545 2866 1
545 2116 2115 2866 1
2116 2112 2853 2866 1
2112 2116 545 2866 1
2863 537 718 113 1
2853 2116 2866 113 1
2116 2853 718 113 1
718 2853 2866 113 1
2070 2114 537 113 1
537 2114 718 113 1
2874 2873 1805 463 1
2885 725 720 2875 1
714 2902 2891 2841 1
1840 106 1839 1836 1
1762 1757 1755 452 1
2879 723 2884 2869 1
2405 2408 618 2873 1
2408 2407 618 2873 1
2405 2408 2873 2876 1
1802 2874 1805 463 1
2405 2406 2881 2876 1
2881 725 2879 2876 1
2879 725 2875 2876 1
725 2864 720 2876 1
725 720 2875 2876 1
2082 2406 2864 2876 1
2406 2082 2881 2876 1
2881 2082 2864 2876 1
2923 727 2925 733 1
2837 2839 186 2836 1
2927 2917 2923 732 1
2914 187 2908 2897 1
2928 2929 734 2916 1
2882 2871 2904 2912 1
472 1862 1854 1859 1
2872 724 2882 722 1
2872 2882 2871 722 1
2882 2871 722 2904 1
2836 2892 714 2891 1
2886 2889 2901 2877 1
2926 2918 2916 732 1
1420 1023 1418 2946 1
722 724 2922 2877 1
2924 2911 2910 2918 1
2816 2777 2817 2997 1
723 2883 2870 2878 1
2875 2860 2887 2878 1
2913 2918 2923 732 1
724 2872 2884 2870 1
1819 1758 1797 102 1
1820 1823 467 468 1
727 2893 2896 2895 1
2907 2915 2906 733 1
2918 734 2926 2916 1
2920 727 2893 2927 1
1851 476 1857 1861 1
2855 2860 186 2887 1
2911 2924 2910 730 1
2906 2907 733 187 1
1850 473 1837 1835 1
727 2896 2894 2895 1
2924 2913 2923 2925 1
734 2918 2926 2923 1
1855 1848 1854 1842 1
2918 2924 2913 2923 1
1380 360 1379 1381 1
105 1794 1813 1812 1
2899 2906 733 187 1
2892 2889 2902 2891 1
727 2917 2920 733 1
1384 1382 361 1378 1
1826 1828 466 1827 1
1383 1384 1378 359 1
1418 1423 1422 2946 1
2918 2928 2916 1850 1
2883 2875 2887 2878 1
2924 2911 2918 2913 1
989 1778 1777 1783 1
2910 2924 2918 734 1
2924 2910 2930 734 1
2930 2910 2918 734 1
1023 1420 369 2946 1
1023 369 1422 2946 1
2917 2913 2923 732 1
2911 2913 730 2907 1
2917 727 2920 2927 1
2911 2909 2913 2907 1
727 2899 2925 733 1
731 2914 2908 2897 1
459 1829 1791 1813 1
2913 2917 2925 733 1
2913 2925 2906 733 1
2909 2915 2913 2907 1
2913 2917 2923 2925 1
2909 731 2915 2907 1
2892 729 2890 2889 1
2889 2892 2886 186 1
729 2894 726 2898 1
2913 2925 2907 2906 1
2915 2913 2907 2906 1
2920 2893 733 2921 1
2917 2920 733 2921 1
2906 2907 187 2908 1
1023 1025 1423 2946 1
2914 2919 2894 2922 1
2894 2896 2890 726 1
2907 733 187 2908 1
2892 2886 186 2836 1
2903 2900 2897 728 1
733 2914 187 2908 1
733 731 2914 2908 1
2915 731 733 2908 1
731 2915 2907 2908 1
2907 2915 733 2908 1
729 2894 2890 726 1
2860 2840 186 185 1
2903 731 2908 2897 1
731 2903 2914 2897 1
1023 35 1025 2946 1
35 1023 1422 2946 1
1023 1423 1418 2946 1
2841 185 2901 2877 1
2894 2900 728 2898 1
2840 2842 186 185 1
2836 2837 714 2841 1
2837 2839 2836 714 1
2875 2883 723 2878 1
2860 186 2887 2878 1
2900 2914 2894 2922 1
729 2902 2891 2898 1
2919 2896 2922 726 1
2896 2919 2895 726 1
2922 726 728 2898 1
2837 2836 185 2841 1
2855 2860 2840 186 1
2842 2839 2840 186 1
2836 2886 185 2841 1
2855 2885 720 2887 1
725 2883 2875 2887 1
724 722 2922 2905 1
700 2816 2985 2997 1
2886 2836 714 2841 1
2892 729 2889 2891 1
2860 2855 720 2887 1
2885 725 2875 2887 1
720 2885 2875 2887 1
2860 720 2875 2887 1
2889 2892 2902 2877 1
2872 2884 2870 2869 1
722 724 2877 2870 1
2902 2841 2901 2877 1
2886 186 2836 185 1
2889 2902 2901 2877 1
2842 2837 186 185 1
186 2837 2836 185 1
2892 2889 2886 2877 1
2884 723 2870 2869 1
2904 724 2914 2905 1
2914 724 2922 2905 1
2905 2922 2901 2877 1
2922 2886 2901 2877 1
2903 2904 2914 2905 1
726 2894 728 2898 1
2902 729 2901 2898 1
2922 729 726 2898 1
2901 2905 728 2898 1
2922 729 2905 2901 1
729 2922 2889 2901 1
2902 729 2891 2901 1
2889 2902 2891 2901 1
729 2889 2891 2901 1
2889 2922 2886 2901 1
2886 185 2841 2877 1
2892 2886 2841 2877 1
2902 2892 2891 2877 1
2891 2892 2841 2877 1
2902 2891 2841 2877 1
2914 2903 2905 728 1
2922 2914 2905 728 1
2894 2900 2922 728 1
2900 2903 2914 728 1
2900 2914 2922 728 1
332 2408 1282 1281 1
2894 2922 726 728 1
2883 724 2884 2870 1
729 2922 2905 2898 1
2905 2922 728 2898 1
2879 2883 2884 2870 1
2883 2879 723 2870 1
723 2879 2884 2870 1
465 1846 1820 467 1
1820 1831 1819 468 1
2912 1843 105 1832 1
466 1848 1862 1854 1
1789 103 1769 1760 1
686 2707 2726 2933 1
1758 1797 1815 1821 1
1771 1756 101 452 1
1823 467 1816 1828 1
1795 1792 459 462 1
1795 1813 1812 1814 1
103 1764 1761 1759 1
1820 1846 1831 468 1
1831 1846 1819 468 1
1846 1831 1819 1797 1
1312 1311 1307 872 1
1819 1797 1821 1817 1
4 1782 454 1770 1
1385 209 809 1386 1
1834 1844 1829 471 1
1815 1819 1821 1817 1
1813 1795 462 1814 1
1815 1821 1818 1817 1
467 1823 1816 468 1
1818 1815 1817 468 1
102 1763 103 1759 1
1798 1811 103 1809 1
103 1763 1764 1759 1
1815 1819 1817 468 1
1758 1819 1797 1821 1
1846 1823 1825 1841 1
2704 2705 2623 2933 1
1843 469 1833 1832 1
1823 1846 1845 1841 1
105 1834 1791 104 1
1823 465 1820 467 1
1273 33 961 936 1
1763 451 1764 1759 1
247 1266 80 1278 1
465 1846 1825 1841 1
1819 1846 1797 1809 1
1850 1852 473 1835 1
1762 103 1764 1760 1
2918 2910 1850 473 1
1797 1758 1815 1818 1
1815 1758 451 1818 1
1819 1797 1817 1809 1
1797 1815 1821 1818 1
1846 1819 1817 1809 1
102 103 1761 1759 1
2707 2704 2708 2933 1
1758 1797 102 1809 1
472 1847 1848 1862 1
1798 1789 102 103 1
1312 342 1307 1310 1
1829 1841 1813 462 1
1846 1823 465 1825 1
1819 1815 1821 468 1
102 1798 103 1809 1
4 1784 1785 942 1
413 1585 1590 2951 1
1823 1846 465 467 1
1762 1790 1769 1760 1
456 1778 1775 259 1
1818 103 1817 1809 1
1818 1763 103 1809 1
1758 102 1763 1809 1
1797 1758 1818 1809 1
1797 1818 1817 1809 1
1846 467 1816 468 1
1818 451 1763 1809 1
451 1758 1763 1809 1
1758 451 1818 1809 1
1846 1820 467 468 1
1792 461 1798 1810 1
954 249 952 941 1
461 1798 1810 1796 1
1798 1811 1809 1810 1
1792 1798 1809 1810 1
1771 101 1753 452 1
1795 459 1791 1813 1
1818 1817 1816 468 1
1858 476 1852 1835 1
476 1854 1852 1853 1
1808 1387 1305 1302 1
473 1837 1835 1838 1
1799 1800 1796 1804 1
2705 2707 686 2933 1
106 474 1839 1836 1
459 1829 1813 462 1
1850 1837 108 1835 1
1828 1823 1826 466 1
1814 1793 1804 463 1
1127 1140 1126 1110 1
472 1854 1842 1852 1
1836 1840 1844 471 1
1850 2930 1856 108 1
1823 1846 1828 1845 1
474 1822 1839 1855 1
474 1848 1855 1842 1
2911 2910 2918 473 1
476 1859 1851 1852 1
106 1840 1841 474 1
1852 1858 1850 1857 1
1827 1849 1847 474 1
1847 1849 1848 474 1
1854 472 1859 1852 1
174 2623 2624 2933 1
174 2624 2602 2933 1
1827 1849 107 1847 1
1851 1852 1850 1857 1
476 1858 1852 1857 1
1822 106 474 1839 1
1380 1381 1301 1305 1
1706 1696 432 235 1
1764 103 1761 1760 1
1793 461 1814 1804 1
2912 2909 1843 1832 1
1852 473 1835 1838 1
466 1827 1847 474 1
466 1847 1848 474 1
876 1772 882 1776 1
2928 2929 1850 109 1
1756 1771 101 1765 1
1827 466 1847 1862 1
1858 1850 108 1835 1
1839 1855 1836 1842 1
103 102 1761 1760 1
103 1762 1769 1760 1
1277 334 1286 1283 1
105 1843 1844 1834 1
1858 1850 1856 108 1
1790 1789 1769 1760 1
106 1840 474 1836 1
470 1839 1855 1836 1
1794 1795 1813 1812 1
1855 470 1842 1853 1
1848 466 474 1854 1
474 466 1855 1854 1
1848 474 1855 1854 1
296 1141 1131 1121 1
1831 1841 1829 462 1
249 943 1788 941 1
1764 1762 1760 453 1
2910 2930 2918 1850 1
1855 470 1836 1842 1
2879 723 2869 463 1
723 2874 2869 463 1
1809 1792 1810 462 1
1859 476 1851 1861 1
47 290 1106 1093 1
19 804 1387 1388 1
1797 1792 1809 462 1
1851 476 1852 1857 1
1858 1852 1850 1835 1
1807 1806 1803 464 1
1846 1797 1809 462 1
2911 2918 2913 473 1
2871 2882 1794 105 1
361 1379 1378 1381 1
2088 2089 1308 965 1
1831 1846 1841 462 1
1859 472 1851 1852 1
1854 1855 1842 1853 1
2910 1850 1837 108 1
1831 1829 459 462 1
476 1854 1859 1852 1
2930 2928 2918 1850 1
2929 2916 1850 109 1
1836 1839 1842 1844 1
1848 472 1854 1842 1
2884 2869 1812 463 1
174 2707 2623 2933 1
2928 2929 2916 1850 1
1843 469 1838 1833 1
1144 1145 299 1147 1
1145 50 1131 1132 1
1851 1850 109 1861 1
1811 1796 1807 464 1
2930 2928 1850 1856 1
1858 1850 1857 1856 1
810 1314 342 1310 1
474 1839 1836 1844 1
1842 1836 1844 1833 1
1846 1831 1797 459 1
2910 1850 473 1837 1
469 2911 473 1837 1
1858 476 1835 1853 1
2911 2910 473 1837 1
1800 1796 1804 464 1
2928 1850 1856 475 1
1857 1850 109 475 1
1857 109 1860 475 1
1850 2928 109 475 1
109 2928 1860 475 1
1792 461 1810 1804 1
2871 2912 105 104 1
460 1793 2869 1801 1
2912 2909 2915 1843 1
2915 2909 2913 1843 1
2909 469 2911 1843 1
2911 469 473 1843 1
2909 2911 2913 1843 1
2913 2911 473 1843 1
2882 2871 2912 105 1
2882 2912 2915 105 1
2915 2912 1843 105 1
1797 1846 459 462 1
1793 1792 1795 1814 1
1846 1831 459 462 1
619 2405 2881 1805 1
862 797 863 228 1
1794 460 1795 1812 1
476 1852 1835 1853 1
1836 1842 1838 1833 1
1854 1842 1852 1853 1
1852 1842 473 1838 1
473 469 1837 1838 1
1842 1852 1853 1838 1
470 1842 1853 1838 1
1835 470 1853 1838 1
1852 1835 1853 1838 1
1843 105 1832 1834 1
473 1842 1843 1838 1
469 473 1843 1838 1
461 1810 1804 464 1
1833 1843 1832 1834 1
465 1831 1841 1830 1
1844 1843 1833 1834 1
1829 1841 1830 471 1
1836 1844 1833 471 1
2488 1377 2487 359 1
2882 1794 105 1812 1
1794 2871 105 104 1
1825 465 1841 1830 1
465 1825 1824 1830 1
1824 1825 1841 1830 1
1092 286 1095 1091 1
1824 1840 1830 471 1
1840 1824 1841 471 1
1841 1824 1830 471 1
1840 1841 474 471 1
474 1841 1844 471 1
1840 474 1844 471 1
105 2912 1832 104 1
105 1832 1834 104 1
1794 1795 1791 1813 1
105 1794 1791 1813 1
1841 1844 1829 1813 1
1844 105 1834 1813 1
1834 105 1791 1813 1
1795 1792 462 1814 1
1792 1793 461 1814 1
1793 1795 1812 1814 1
1844 1834 1829 1813 1
1829 1834 1791 1813 1
1792 1810 462 1814 1
2884 2872 2882 1812 1
2882 2872 1794 1812 1
1188 1187 1176 48 1
2401 947 944 1278 1
1769 457 454 1807 1
460 1793 1795 1812 1
1382 1385 361 1386 1
1811 1796 457 1807 1
1202 1200 1466 1465 1
948 248 1286 1283 1
925 2056 9 77 1
2872 460 1794 1812 1
2872 2884 2869 1812 1
460 2872 2869 1812 1
1207 1211 1225 310 1
1798 1789 1811 1796 1
1798 1811 1810 1796 1
1771 1780 458 1787 1
1786 1806 1807 464 1
954 941 250 949 1
1800 947 1806 1285 1
1765 1779 1766 1770 1
943 249 1784 942 1
249 943 1784 1788 1
1779 455 1768 1766 1
1789 102 103 1760 1
1764 1762 453 1755 1
1559 412 1581 1526 1
2402 619 2881 1805 1
947 1786 1806 1803 1
2400 2405 619 1805 1
247 947 1277 1278 1
1789 1811 1796 457 1
1771 1780 1787 1790 1
1780 1771 101 1753 1
952 954 26 953 1
1758 451 1763 1759 1
619 2402 2082 1805 1
1766 1782 456 1770 1
227 873 880 882 1
1764 1761 1759 453 1
1264 1321 330 244 1
461 1799 1796 1804 1
907 762 906 871 1
2400 619 2082 1805 1
989 1778 987 990 1
1787 1771 1790 1769 1
457 1787 1790 1769 1
1782 458 454 1770 1
1789 457 1790 1769 1
1789 1811 457 1769 1
1811 1789 103 1769 1
1790 1771 1762 1769 1
1761 1764 1760 453 1
1761 1760 1754 453 1
1760 1754 453 1755 1
1762 1760 453 1755 1
1756 1771 1765 452 1
1780 101 1765 1781 1
1754 1757 1755 450 1
1760 1754 1755 450 1
1762 1790 1760 450 1
1762 1760 1755 450 1
1757 1762 1755 450 1
332 2408 2400 1805 1
1771 1790 1762 450 1
1725 1721 1751 219 1
1806 1800 1804 464 1
1388 1385 361 1305 1
50 1098 1095 1091 1
1771 1780 101 1765 1
1780 1771 458 1765 1
299 1146 1115 1116 1
79 1377 1380 1381 1
101 1780 1753 1781 1
1757 1762 450 452 1
1757 450 1753 452 1
1780 1771 1753 452 1
450 1780 1753 452 1
1771 1780 1790 452 1
1790 1780 450 452 1
1771 1790 450 452 1
458 1780 1765 1779 1
1765 1780 1781 1779 1
1771 458 1765 1779 1
455 1767 1779 1768 1
1756 101 1767 1768 1
101 1756 1765 1768 1
1781 1765 1779 1768 1
1767 1781 1779 1768 1
1767 101 1781 1768 1
101 1765 1781 1768 1
1765 1779 1768 1766 1
1765 1766 456 1770 1
1772 1774 19 806 1
808 210 1142 1143 1
169 2580 167 2949 1
1771 458 1779 1770 1
1779 1782 1766 1770 1
359 2487 1301 78 1
458 1771 454 1770 1
1765 1771 1779 1770 1
1384 1383 1378 78 1
876 879 1775 229 1
341 209 1385 1386 1
1796 1800 457 464 1
1772 880 876 882 1
983 4 939 246 1
457 1787 1769 454 1
1778 981 259 990 1
892 1702 1706 235 1
1378 1384 78 1304 1
1302 339 946 28 1
1224 316 1234 320 1
4 983 454 246 1
313 1466 1465 1199 1
4 1782 1785 454 1
1784 4 1785 454 1
1787 1771 1769 454 1
1782 1784 1785 454 1
458 1771 1787 454 1
1784 458 1787 454 1
1784 1782 458 454 1
1752 1745 446 1684 1
2131 2787 2135 436 1
360 1803 1808 1302 1
209 804 1385 1388 1
810 808 797 210 1
2 864 861 798 1
1123 1120 1143 1141 1
896 759 907 871 1
1098 1145 1144 50 1
341 1313 809 1386 1
2794 440 1748 1719 1
1125 1108 293 1118 1
1378 359 1301 78 1
1378 1383 359 78 1
2080 2082 2881 1805 1
1650 85 1645 1657 1
20 1314 809 810 1
137 2081 2080 339 1
341 1382 1385 1305 1
1383 2487 359 78 1
2487 2421 1301 78 1
807 805 804 209 1
1811 457 1769 1807 1
1132 1128 1114 44 1
1314 1303 809 810 1
1143 1142 299 1141 1
1303 805 809 810 1
457 1786 1788 1807 1
2869 2874 1801 463 1
723 2879 2873 463 1
1385 1382 361 1304 1
1792 1810 1814 1804 1
1800 1806 1804 1805 1
1799 1800 1804 1805 1
319 1572 413 1590 1
461 1792 1814 1804 1
1801 2874 1802 463 1
1812 1793 1814 463 1
1793 460 2869 463 1
1800 947 1786 1806 1
1786 1800 1806 464 1
1811 1810 1796 464 1
1125 295 1108 1118 1
1575 1576 1236 1238 1
947 2400 2082 1805 1
1810 461 1796 464 1
1384 361 1379 1378 1
1793 461 1804 463 1
2874 723 2873 463 1
1799 461 1802 463 1
461 1799 1804 463 1
2884 2879 2869 463 1
2082 2402 2881 1805 1
2408 2405 2400 1805 1
1786 947 250 940 1
2874 1799 1802 1805 1
2873 2879 2876 1805 1
2879 2881 2876 1805 1
2874 2873 1799 1805 1
209 341 1385 1303 1
2408 2873 2876 1805 1
2881 2405 2876 1805 1
2405 2408 2876 1805 1
1787 1788 454 1807 1
457 1787 454 1807 1
1787 457 1788 1807 1
943 941 250 940 1
1308 137 339 28 1
457 1800 1786 464 1
984 1308 28 965 1
1130 289 1114 1094 1
989 1778 258 987 1
1666 430 1664 1665 1
1778 8 875 990 1
2487 2494 1383 359 1
19 804 1388 1305 1
2780 523 2786 2955 1
804 1385 1388 1305 1
1381 1378 1301 1305 1
947 945 250 940 1
341 1313 1303 809 1
293 297 1114 1116 1
1314 20 808 810 1
981 456 1775 259 1
360 1379 1381 1305 1
868 865 866 226 1
1379 1378 1381 1305 1
1378 1377 1381 359 1
1122 1119 808 1143 1
439 222 842 847 1
1141 1145 296 1131 1
32 763 843 14 1
1387 1773 1305 1302 1
1382 1385 1305 1304 1
1378 1301 1305 1304 1
1387 19 1388 1305 1
1803 1380 339 1302 1
13 1311 1126 1312 1
807 805 1303 342 1
1379 1378 1305 1304 1
361 1379 1305 1304 1
1382 341 1385 1386 1
341 1382 1305 1304 1
20 1122 1119 808 1
2421 2424 2487 1301 1
1312 1311 872 866 1
1301 1378 78 1304 1
1773 19 1387 1305 1
1388 361 1379 1305 1
1128 1114 44 1094 1
1385 209 1303 1305 1
263 893 895 1003 1
2421 2487 2494 78 1
762 756 906 226 1
1377 79 1380 1301 1
1377 1380 1381 1301 1
1381 1378 359 1301 1
1126 867 225 1110 1
209 804 1303 1305 1
873 882 800 27 1
1382 1384 361 1304 1
361 1384 1379 1304 1
79 1377 2485 1301 1
1377 1381 359 1301 1
902 753 236 901 1
1303 341 809 1386 1
2424 2488 2487 1301 1
2487 2488 359 1301 1
2488 2424 2485 1301 1
1377 2488 2485 1301 1
2488 1377 359 1301 1
20 809 808 810 1
1107 1142 1148 798 1
211 805 810 797 1
1098 1092 50 1095 1
1112 1113 1148 1111 1
1098 50 1099 1096 1
406 1584 1582 1583 1
1696 1695 896 898 1
2131 2133 2431 74 1
1142 299 293 1112 1
1782 4 986 988 1
137 2080 2423 339 1
98 1692 1682 1694 1
1302 984 985 980 1
1136 298 1138 1137 1
1312 210 225 862 1
292 1108 1117 1118 1
1132 1145 44 1116 1
1120 1142 1126 294 1
2133 2131 539 74 1
195 18 867 755 1
1142 1120 299 1141 1
1120 299 1141 297 1
1092 1098 50 1099 1
286 1098 1145 1144 1
1130 1093 289 1094 1
2131 539 1698 436 1
1128 50 1132 1096 1
1123 1120 296 1121 1
44 50 1095 1091 1
1122 1123 1143 296 1
1143 1123 1141 296 1
1122 1143 1141 296 1
1122 1119 1143 294 1
1128 1096 287 1097 1
2794 2101 968 978 1
849 859 855 220 1
290 1092 1099 1097 1
1126 761 1312 867 1
1120 1123 1143 294 1
1122 1123 1119 294 1
308 1169 1170 1153 1
47 1105 1139 49 1
2789 2787 1703 436 1
2135 2787 2789 436 1
2083 2131 2135 436 1
1004 436 957 1010 1
1115 44 1147 1116 1
1131 1132 1121 297 1
1131 1145 1132 297 1
299 1145 1141 297 1
1141 1131 1121 297 1
1141 1145 1131 297 1
2096 542 2830 255 1
1105 1100 1139 288 1
47 290 1102 1103 1
290 1102 1103 1097 1
298 1133 1134 1140 1
1712 846 845 220 1
1100 1105 1101 288 1
1345 350 1339 2942 1
1688 1742 2968 2992 1
1127 1125 1108 293 1
1128 287 1130 1097 1
290 1128 1130 1097 1
1130 287 1102 1097 1
290 1130 1102 1097 1
1115 1146 291 1112 1
819 824 823 10 1
892 969 889 5 1
1241 1575 1576 1236 1
752 754 902 194 1
1714 1716 970 840 1
210 1142 1143 294 1
444 1750 1725 1751 1
828 826 736 217 1
1684 1752 1683 1740 1
44 1144 1091 1147 1
1125 1130 1129 1118 1
681 2358 2660 2970 1
1136 1105 1137 49 1
1128 1130 1114 1094 1
761 13 1124 1126 1
675 2646 2642 2979 1
762 756 865 755 1
1529 1615 89 2940 1
1124 295 1138 1140 1
1309 1306 230 883 1
342 1309 1302 1307 1
137 2423 1308 339 1
804 1303 1305 1302 1
2431 2133 2432 74 1
456 1770 987 259 1
808 210 1143 294 1
1123 1122 1143 294 1
1119 808 1143 294 1
2212 2213 154 2958 1
808 1314 810 1310 1
2431 2131 74 1698 1
570 2209 2214 2958 1
1216 57 1217 1222 1
925 2101 978 9 1
1142 1120 1107 293 1
445 1731 2980 2993 1
1695 1696 1697 438 1
1773 1774 19 1302 1
1124 1127 1140 1126 1
761 1124 1140 1126 1
1119 1314 808 1310 1
294 1126 225 1107 1
1774 1772 876 1775 1
1134 761 1140 1126 1
1139 1136 1138 1137 1
1107 1127 1108 293 1
2131 539 74 1698 1
2131 2431 2790 1698 1
879 981 1778 990 1
2117 2423 2432 1308 1
2117 137 2423 1308 1
1309 230 1003 257 1
360 1808 1305 1302 1
19 804 1305 1302 1
19 806 804 1302 1
1254 324 922 1018 1
1302 1773 884 980 1
2088 2117 2432 1308 1
2117 2088 137 1308 1
2088 2089 137 1308 1
2133 2088 2432 1308 1
873 801 803 27 1
1301 1380 1305 339 1
2082 2081 1805 339 1
2081 2082 2080 339 1
2080 2082 1805 339 1
2881 2080 1805 339 1
1806 79 1805 339 1
1380 1806 1803 339 1
79 1380 1301 339 1
1126 225 1107 1110 1
808 210 294 1310 1
294 210 1312 1310 1
2423 2080 2880 339 1
2880 2080 2881 339 1
79 2881 1805 339 1
79 1806 1380 339 1
2485 79 1301 339 1
2424 2423 2485 339 1
2424 2485 1301 339 1
2880 2881 2485 339 1
2423 2880 2485 339 1
2881 79 2485 339 1
808 797 210 1310 1
1306 1700 893 898 1
1698 1700 436 1699 1
96 1714 970 840 1
1209 316 57 1218 1
2205 2218 573 2958 1
1700 1695 1306 340 1
1695 1311 1697 340 1
1703 1704 436 1699 1
1587 1585 1592 1583 1
1267 962 1269 328 1
826 193 736 743 1
2134 2135 2789 1703 1
1188 1187 48 1155 1
2788 2134 2789 1703 1
2135 2789 1703 436 1
754 189 903 735 1
2564 2455 630 2981 1
323 1589 1588 2951 1
2636 2614 2646 2979 1
1128 1093 1094 1095 1
679 2659 2362 2999 1
2815 2788 1731 100 1
297 299 1147 1116 1
907 196 234 904 1
327 919 1256 2995 1
2457 2455 557 2981 1
446 1684 1741 1740 1
1144 50 44 1091 1
1104 1130 289 1114 1
2017 482 2769 2955 1
825 750 830 748 1
323 1575 1236 1237 1
1730 444 1729 1727 1
338 2417 1293 1288 1
2614 2636 2617 2979 1
2796 972 256 1720 1
1745 446 1736 1735 1
45 1087 1084 2991 1
438 1696 1702 235 1
1134 1135 1108 292 1
1742 97 1688 1691 1
969 892 891 837 1
2814 445 2978 2993 1
1567 320 1227 2931 1
1733 1742 97 1705 1
2411 338 2412 1288 1
1705 437 1706 1690 1
1087 1085 1084 2991 1
2824 2830 1744 448 1
1516 1560 397 392 1
1696 432 235 897 1
4 983 939 988 1
2307 157 2317 2958 1
1701 1702 437 1706 1
1701 1704 1702 1706 1
1704 436 1699 1010 1
1168 1167 1078 43 1
873 211 874 803 1
2452 2554 630 2981 1
1152 1173 1189 1174 1
446 1752 1684 1740 1
1699 1008 263 235 1
763 899 905 14 1
157 2216 2317 2958 1
1684 98 1682 1740 1
2205 2216 2218 2958 1
1110 1107 1108 293 1
1684 763 449 2987 1
1695 438 893 898 1
2677 2680 2668 2937 1
1687 432 896 898 1
18 762 865 755 1
629 2564 2554 2981 1
213 1299 819 10 1
1730 1729 443 1727 1
1104 47 1130 49 1
1292 2419 2497 1389 1
444 1728 1724 1727 1
1575 1591 1590 2951 1
1692 434 98 1682 1
2817 182 2813 2956 1
2822 2819 711 2988 1
2978 445 2980 2993 1
2755 2756 167 2949 1
1702 1696 1706 235 1
1125 1128 1130 1114 1
98 1692 1728 1726 1
902 752 908 906 1
1698 1700 1699 1004 1
440 1719 968 256 1
2212 154 2215 2958 1
154 2214 2215 2958 1
2218 2213 573 2958 1
98 1682 1693 1694 1
927 938 245 926 1
2131 539 436 252 1
891 219 843 900 1
2830 2794 705 1748 1
2813 2815 2814 2993 1
434 1692 1728 1724 1
1682 1693 1741 1740 1
1683 1752 434 1740 1
742 753 189 901 1
444 1723 1722 1721 1
1684 1682 1741 1740 1
1682 98 1693 1740 1
2819 2821 2944 2988 1
154 157 2307 2958 1
2914 187 2897 2945 1
2216 2205 2317 2958 1
2205 155 2316 2958 1
1605 2711 1624 2965 1
700 2772 2973 2985 1
1620 1615 1616 2940 1
1684 1683 434 1740 1
1684 434 98 1740 1
570 2214 2316 2958 1
2317 2205 2316 2958 1
2214 2317 2316 2958 1
97 1742 1686 1691 1
187 2899 2897 2945 1
1735 1736 2941 2960 1
2218 157 154 2958 1
2825 2823 2821 2944 1
2899 2900 2897 2945 1
323 1246 1243 2951 1
1226 1579 51 2961 1
154 2307 2317 2958 1
2214 154 2317 2958 1
2216 157 2218 2958 1
1589 1246 1220 2951 1
2778 2973 2985 2994 1
182 2776 2778 2947 1
2919 2896 2895 2945 1
1696 1685 432 759 1
761 13 762 759 1
13 1685 1311 759 1
13 1311 762 759 1
342 1312 1307 870 1
1142 294 225 1107 1
218 829 193 741 1
432 1696 896 898 1
1772 806 882 1776 1
1007 1006 894 895 1
759 196 896 907 1
1712 439 847 846 1
752 757 194 908 1
827 189 903 217 1
444 1729 443 1750 1
1711 1299 818 213 1
1339 350 1459 2942 1
349 1339 1459 2942 1
2363 2368 2677 2937 1
1174 1173 306 1178 1
1752 1683 434 1726 1
737 828 193 736 1
903 827 217 901 1
700 2816 702 2985 1
1155 302 1150 1153 1
895 893 230 1003 1
2830 2095 969 255 1
745 749 823 16 1
1716 967 840 841 1
1175 1179 1080 48 1
442 30 1713 856 1
1723 1722 1721 190 1
1130 47 1129 49 1
834 836 826 743 1
1752 1684 1683 1750 1
1752 1745 1684 1750 1
337 1300 1289 1707 1
1684 763 1725 449 1
1699 436 1004 1010 1
1721 444 1725 1751 1
96 1729 1721 1751 1
1712 848 971 973 1
1752 443 1750 1724 1
1162 1170 304 1158 1
444 1730 1722 1727 1
1752 443 1724 1726 1
1728 1683 1724 1726 1
1683 1752 1724 1726 1
1730 444 1722 1721 1
444 1730 1729 1721 1
2777 2778 2817 2985 1
285 1077 1079 1076 1
1296 812 824 1300 1
442 254 1012 1708 1
1730 96 1729 1721 1
1517 392 1499 1510 1
1171 1174 306 1178 1
1752 1683 1724 1725 1
1683 1752 1750 1725 1
1750 1752 1724 1725 1
443 1750 1724 1725 1
443 444 1750 1725 1
1739 433 2968 2992 1
1345 1339 1348 2942 1
2135 1008 977 1010 1
763 196 904 899 1
337 1707 1708 1710 1
1724 444 1727 1725 1
443 1724 1727 1725 1
444 443 1727 1725 1
856 1013 1289 1707 1
1464 1041 1347 2942 1
1714 440 1747 1749 1
1684 763 1683 1725 1
254 2139 975 1012 1
308 302 1155 1153 1
442 338 1013 1707 1
1189 1152 1151 822 1
1711 213 823 10 1
1168 1167 43 1158 1
683 2679 2677 2937 1
838 839 841 222 1
1391 1400 336 1297 1
2135 2134 2100 977 1
1721 1723 190 746 1
1713 1299 1711 10 1
1751 1725 1747 449 1
2756 169 167 2949 1
1732 447 2978 2987 1
1684 1683 1750 449 1
2578 2755 2758 2949 1
350 1464 1459 2942 1
2584 2581 2580 2949 1
2096 2830 705 440 1
2794 2096 705 440 1
2795 544 2794 99 1
440 2830 1748 1749 1
1750 1725 1751 449 1
242 2099 2104 974 1
323 1588 1591 2951 1
167 2578 2758 2949 1
338 442 1289 1707 1
1716 1717 967 221 1
849 1712 1713 220 1
1748 2794 1719 99 1
256 972 1715 1720 1
2101 256 974 978 1
2434 2065 1315 343 1
1012 2791 1293 1708 1
1704 1702 1008 235 1
256 1714 967 970 1
1751 96 1714 1747 1
1748 440 1749 1719 1
1185 1076 281 1082 1
848 30 1712 971 1
829 747 213 823 1
449 1747 1744 2987 1
1041 271 1348 2942 1
2830 705 440 1748 1
2584 655 2581 2949 1
1041 1348 1347 2942 1
271 1041 1464 2942 1
2214 2209 2215 2958 1
1464 349 1459 2942 1
711 2814 2977 2993 1
324 1248 922 240 1
440 1717 1719 256 1
1309 1308 1302 984 1
2361 2664 2362 2999 1
1712 30 442 971 1
983 246 946 985 1
2100 2134 542 255 1
972 1717 256 1715 1
1703 1701 100 1008 1
1230 1572 411 2931 1
235 1696 897 898 1
856 849 855 857 1
1240 323 1588 1239 1
85 1492 1657 1659 1
2104 972 976 974 1
838 96 219 841 1
1749 1747 968 255 1
976 972 256 974 1
242 925 2099 974 1
544 2794 99 256 1
3 995 1247 1251 1
1214 313 1208 53 1
1289 1709 1710 441 1
968 440 256 970 1
325 1253 239 923 1
438 1696 235 898 1
2099 2103 972 256 1
2099 2101 256 974 1
2796 99 1718 1720 1
969 892 1009 255 1
254 2104 2103 972 1
242 2104 976 974 1
968 1747 970 969 1
254 2102 2104 975 1
1321 242 926 929 1
2104 2099 972 974 1
1162 302 1153 1158 1
1743 75 2941 2944 1
2104 2099 2103 972 1
972 1717 973 967 1
968 2100 255 977 1
549 2450 2120 1331 1
1315 1316 343 931 1
2065 140 2435 1315 1
255 2134 1008 977 1
285 1081 1083 2991 1
1749 2830 969 255 1
30 848 1712 850 1
440 1717 256 967 1
1714 440 1749 968 1
1717 440 1714 967 1
1308 339 1302 28 1
1034 1206 1033 1193 1
1716 1717 1714 967 1
2101 2100 968 977 1
2101 2100 2096 968 1
957 9 77 958 1
2084 2088 539 252 1
2096 2830 440 968 1
440 2830 1749 968 1
1717 972 256 967 1
2794 440 1719 968 1
2794 2096 440 968 1
2101 2096 2794 968 1
968 1747 969 255 1
52 1557 1210 1223 1
344 932 245 926 1
745 747 829 830 1
1712 848 1717 850 1
984 1309 965 1005 1
2776 2775 2947 2955 1
285 1083 1076 2991 1
919 239 924 923 1
1140 1134 1126 1110 1
737 825 828 192 1
2089 137 1308 28 1
1704 1703 436 1010 1
2131 2083 539 252 1
2100 2135 977 957 1
2131 1004 957 252 1
1808 1773 1302 985 1
95 1587 1567 320 1
1306 1700 1698 1004 1
2056 118 2101 9 1
1267 1272 1262 331 1
1719 2794 968 978 1
2101 2794 256 978 1
925 2056 2101 9 1
118 2100 2101 9 1
2083 2100 118 9 1
2083 2131 957 252 1
1245 1243 56 1244 1
968 255 978 977 1
436 2131 1004 957 1
2134 2135 1008 977 1
74 1306 1004 1005 1
1719 968 256 978 1
1309 1308 984 965 1
256 968 974 978 1
1716 967 970 840 1
970 5 837 840 1
790 783 794 1400 1
1306 1700 1004 263 1
925 2101 974 978 1
1673 425 1675 1652 1
242 925 974 978 1
977 9 957 1010 1
1309 1306 74 1005 1
962 1268 1269 328 1
892 1009 255 1008 1
1704 1701 1703 1008 1
438 235 893 898 1
1243 1246 1589 2951 1
1169 46 43 1153 1
805 807 873 227 1
1702 892 1706 1008 1
1206 1034 1033 1040 1
330 1273 961 936 1
436 1698 1699 1004 1
2135 1703 100 1010 1
100 1703 1008 1010 1
1699 1704 1008 235 1
1703 2135 436 1010 1
870 1312 872 866 1
1004 1699 1010 263 1
1700 1695 438 893 1
210 294 1312 225 1
2135 977 957 1010 1
752 758 757 908 1
57 1209 1218 1219 1
2131 436 1004 252 1
2086 2083 957 252 1
2083 2086 539 252 1
539 74 1698 252 1
1698 74 1004 252 1
539 1698 436 252 1
436 1698 1004 252 1
191 744 749 822 1
904 763 899 905 1
1120 1142 299 293 1
438 1704 1699 235 1
1704 438 1702 235 1
1140 1134 1108 292 1
1702 892 1008 235 1
1695 1696 438 898 1
882 800 27 881 1
762 196 759 907 1
762 760 196 907 1
1725 1751 1747 219 1
868 1312 862 228 1
1723 746 831 216 1
1306 1700 263 893 1
904 760 236 906 1
761 195 867 1110 1
196 234 904 899 1
1696 432 897 898 1
865 762 866 226 1
842 1723 831 216 1
322 1240 1588 1239 1
196 897 234 900 1
211 810 870 228 1
760 196 907 904 1
2716 2686 684 2983 1
432 1687 897 898 1
1687 896 897 898 1
1700 1695 893 898 1
894 1007 887 29 1
309 1351 1359 1364 1
432 759 1687 896 1
1696 1695 1697 896 1
1696 1685 759 896 1
30 849 850 220 1
432 1696 759 896 1
838 96 1721 219 1
432 1687 235 897 1
1307 227 872 869 1
196 760 763 904 1
1125 1127 297 293 1
219 763 843 900 1
43 46 1075 1153 1
838 219 837 841 1
832 190 835 216 1
739 738 827 6 1
833 746 832 216 1
1185 1187 1155 1153 1
899 32 843 900 1
1236 1575 1238 1237 1
763 899 843 900 1
737 825 826 828 1
742 189 217 901 1
1746 1743 2941 2948 1
1717 973 967 221 1
2978 2944 2988 2993 1
1706 892 235 891 1
1744 1746 2941 2948 1
969 892 255 891 1
1737 2814 445 2988 1
2819 2823 711 2944 1
1732 447 1738 2978 1
1721 96 1751 219 1
1256 921 1258 2995 1
439 1712 1717 850 1
1180 1149 300 1150 1
824 823 10 16 1
196 234 899 900 1
763 1684 2986 2987 1
1745 449 1746 2987 1
747 746 829 213 1
32 843 740 14 1
1717 848 973 221 1
1006 1009 233 890 1
263 1006 893 890 1
1009 889 233 890 1
892 889 1009 890 1
892 1009 235 890 1
1009 1008 235 890 1
1008 1009 1006 890 1
1008 263 235 890 1
263 1008 1006 890 1
1700 263 893 890 1
235 1700 893 890 1
1699 1700 235 890 1
1700 1699 263 890 1
263 1699 235 890 1
894 1006 233 895 1
1007 263 1006 895 1
1006 263 893 895 1
892 969 5 837 1
837 96 840 841 1
1572 1574 1229 54 1
449 1744 1746 2987 1
96 1751 219 837 1
447 1681 1739 2987 1
196 1681 891 2987 1
1749 1747 969 837 1
1747 970 969 837 1
969 970 5 837 1
1751 1747 219 837 1
1751 96 1747 837 1
1714 96 970 837 1
96 1714 1747 837 1
1747 1714 970 837 1
2821 75 2944 2988 1
2830 1749 969 837 1
2775 2780 2786 2955 1
2776 2780 2775 2955 1
2769 482 2935 2955 1
2615 2614 2617 2979 1
2095 2830 969 837 1
2095 1968 2830 837 1
1721 219 843 844 1
1722 1721 190 844 1
1353 1196 1349 312 1
439 848 1717 839 1
1717 848 221 839 1
1778 8 989 1777 1
1047 1352 1033 1193 1
1630 1613 1629 417 1
967 221 840 841 1
1716 1717 221 839 1
1716 439 1717 839 1
1721 838 219 844 1
743 834 742 217 1
849 1713 856 855 1
1564 1582 1565 1566 1
919 921 1256 2995 1
96 1714 840 841 1
1722 838 1721 844 1
761 1134 195 1135 1
195 1109 867 1110 1
747 745 829 741 1
790 204 199 1397 1
439 1712 850 846 1
746 747 829 833 1
190 747 832 741 1
1166 1160 1159 813 1
423 1637 1360 352 1
307 1300 1189 822 1
1113 2 861 798 1
1716 439 839 222 1
2680 2679 611 2937 1
2677 2368 2681 2937 1
683 2677 2681 2937 1
1722 838 844 842 1
439 839 222 846 1
439 222 847 846 1
2363 2680 611 2937 1
2368 2363 611 2937 1
439 1723 746 831 1
2679 2682 611 2937 1
1711 439 746 831 1
833 746 818 213 1
743 836 741 740 1
1161 214 1160 813 1
746 1711 818 213 1
1120 1127 1107 293 1
190 747 746 832 1
746 747 833 832 1
746 190 832 216 1
737 828 738 192 1
844 190 835 740 1
1565 95 1592 1583 1
1568 1567 1227 2931 1
46 1079 1075 281 1
835 190 836 740 1
737 750 825 192 1
904 763 905 764 1
905 904 764 236 1
1107 1127 1110 1108 1
190 1723 842 216 1
1723 190 746 216 1
190 844 835 216 1
844 190 842 216 1
834 836 743 740 1
737 739 828 736 1
2 864 798 795 1
1152 1174 1171 1150 1
828 826 193 736 1
1161 307 1151 214 1
1713 1712 1711 15 1
1098 1092 1095 1091 1
825 750 748 192 1
189 827 903 735 1
739 737 828 738 1
834 905 14 742 1
843 1721 844 740 1
903 754 751 194 1
1152 1173 1174 1150 1
1105 47 1100 1106 1
843 844 835 740 1
342 1307 227 872 1
760 763 904 764 1
75 1735 2941 2960 1
197 752 236 906 1
743 834 740 14 1
826 737 828 193 1
32 834 905 14 1
763 1683 1725 14 1
834 32 836 740 1
826 836 218 193 1
825 826 218 193 1
825 737 826 193 1
750 737 825 193 1
745 750 830 193 1
218 829 830 193 1
829 745 830 193 1
32 843 835 740 1
836 190 741 740 1
825 218 830 193 1
750 825 830 193 1
1180 1152 1149 1150 1
736 826 743 217 1
739 736 827 217 1
905 14 742 764 1
868 1312 867 862 1
1075 1186 281 1153 1
195 1109 1135 755 1
282 1081 1080 1083 1
826 193 743 741 1
836 826 743 741 1
826 836 193 741 1
832 829 218 741 1
836 218 193 741 1
836 832 218 741 1
190 832 835 741 1
835 832 836 741 1
190 835 836 741 1
747 829 833 741 1
833 829 832 741 1
747 833 832 741 1
1725 1721 219 740 1
219 1721 843 740 1
1725 219 843 740 1
1166 1161 1160 813 1
2791 2417 2139 1012 1
338 1291 2412 1288 1
1299 213 819 821 1
1156 1168 43 1158 1
772 1296 307 214 1
1712 847 15 845 1
760 758 197 906 1
843 1725 740 14 1
763 1725 219 14 1
219 1725 843 14 1
763 219 843 14 1
1307 340 17 869 1
762 195 756 755 1
195 762 18 755 1
189 903 217 901 1
18 1109 867 755 1
1746 1744 2941 2987 1
447 1732 2980 2987 1
2948 1744 2977 2987 1
1744 2948 2980 2987 1
753 764 236 901 1
903 751 902 194 1
6 903 735 751 1
1145 297 1147 1116 1
189 753 903 901 1
1177 1175 282 1080 1
1142 1126 294 1107 1
754 903 902 194 1
743 736 742 189 1
1104 47 49 1106 1
1133 298 1137 1117 1
903 827 6 735 1
736 739 827 735 1
828 739 738 827 1
824 1299 1300 10 1
1126 761 867 1110 1
756 908 906 226 1
1109 761 1135 1110 1
1312 761 868 867 1
736 189 827 217 1
903 754 735 751 1
1081 45 1080 1083 1
47 1103 1101 1106 1
1108 293 1118 1114 1
752 197 908 906 1
907 760 904 906 1
761 195 868 867 1
1242 55 1241 1236 1
299 1115 1147 1116 1
1312 1310 862 228 1
225 867 1107 1110 1
760 197 236 906 1
753 752 754 902 1
753 754 903 902 1
757 902 194 908 1
1127 1126 1107 1110 1
1738 1736 1735 2960 1
1113 1107 1148 798 1
902 752 194 908 1
753 764 197 236 1
904 760 764 236 1
764 760 197 236 1
736 743 742 217 1
739 828 736 217 1
752 902 236 906 1
760 762 756 906 1
236 902 908 906 1
753 197 752 236 1
197 758 908 906 1
753 752 902 236 1
826 834 743 217 1
227 870 872 869 1
1133 1140 1108 292 1
801 800 803 27 1
810 797 1310 228 1
758 756 908 906 1
758 760 756 906 1
228 870 872 866 1
1139 1136 1137 49 1
1134 761 1126 1110 1
761 1109 195 1110 1
742 905 764 901 1
753 742 764 901 1
834 742 217 901 1
905 834 217 901 1
834 905 742 901 1
225 210 864 862 1
1309 1307 340 883 1
758 757 908 865 1
195 18 868 867 1
1134 1133 1135 292 1
1133 1134 1140 292 1
1127 1124 1140 1108 1
18 762 868 865 1
295 1125 1129 1118 1
761 1134 1135 1110 1
1129 47 1139 49 1
47 1105 49 1106 1
1129 1139 1117 49 1
13 1311 1312 868 1
2213 2212 2215 2958 1
864 799 798 795 1
954 1786 26 953 1
983 1770 987 988 1
259 1773 985 980 1
761 13 1312 868 1
1311 13 762 868 1
1142 210 1148 798 1
1370 1372 1047 1193 1
48 305 1154 1155 1
868 867 225 862 1
8 875 990 878 1
44 1144 1147 1116 1
211 863 228 874 1
50 1092 1099 1095 1
807 801 873 800 1
867 1312 225 862 1
805 211 870 874 1
13 761 762 868 1
210 1142 294 225 1
1127 1125 1124 1108 1
756 762 865 226 1
761 195 762 868 1
762 195 18 868 1
1311 872 866 226 1
1109 761 195 1135 1
1140 1134 1110 1108 1
1120 1127 1126 1107 1
1142 1120 1126 1107 1
1120 299 297 293 1
1127 1140 1110 1108 1
50 1128 1094 1095 1
1134 1135 1110 1108 1
1162 302 308 1153 1
1138 298 1140 1108 1
298 1133 1140 1108 1
295 1138 1140 1108 1
1124 1125 295 1108 1
1124 295 1140 1108 1
47 290 1103 1106 1
1139 1137 1117 49 1
286 1098 1144 1091 1
298 1138 1137 1117 1
342 805 870 227 1
1129 1139 1138 1117 1
1138 1139 1137 1117 1
1100 47 1101 1106 1
1105 1100 1101 1106 1
290 1101 1106 1093 1
1130 1104 49 1118 1
47 1104 1130 1093 1
290 47 1130 1093 1
1098 286 1092 1091 1
1128 290 1130 1093 1
1104 1130 1093 289 1
293 1125 1118 1114 1
297 1125 293 1114 1
1171 1174 300 1150 1
1107 1113 861 798 1
1130 1128 1093 1094 1
1187 305 1155 1150 1
1129 1130 49 1118 1
1117 1129 49 1118 1
295 1129 1138 1118 1
1138 1129 1117 1118 1
298 1138 1117 1118 1
1138 298 1108 1118 1
1108 298 1117 1118 1
291 1112 1148 1111 1
44 50 1094 1095 1
1092 290 1099 1095 1
1128 1125 297 1114 1
290 1092 1093 1095 1
1145 50 1132 44 1
1145 1144 50 44 1
1145 1144 44 1116 1
864 225 861 798 1
1144 1145 1147 1116 1
885 1307 883 17 1
864 225 862 861 1
1128 50 1096 1095 1
1128 290 1093 1095 1
290 1128 1096 1095 1
1146 299 1115 1147 1
1146 1115 1116 1112 1
1310 1312 870 228 1
1107 1142 293 1112 1
1229 1574 1238 1235 1
1312 1307 870 872 1
299 1146 1116 1112 1
864 862 799 863 1
293 299 1116 1112 1
1007 887 29 979 1
1112 291 1113 1111 1
211 805 873 874 1
210 864 862 799 1
1148 1113 798 1111 1
1772 208 806 1776 1
1770 1782 987 988 1
759 896 17 871 1
801 211 873 803 1
210 864 799 798 1
2 1113 861 1111 1
862 797 799 863 1
210 225 864 798 1
225 1107 1113 861 1
74 1004 252 1005 1
1146 291 1112 1148 1
1142 1146 1112 1148 1
1107 1112 1113 1148 1
1107 1142 1112 1148 1
797 210 799 798 1
210 1142 225 798 1
225 1107 861 798 1
225 1142 1107 798 1
1685 759 896 17 1
863 870 228 874 1
807 227 880 882 1
864 799 795 863 1
805 807 801 873 1
1302 232 885 884 1
1311 1697 340 17 1
797 211 863 228 1
807 805 342 227 1
1302 1773 232 884 1
1307 340 883 17 1
1772 806 880 882 1
806 208 807 882 1
870 805 873 227 1
1308 1302 984 28 1
873 870 227 874 1
1515 1516 397 392 1
1312 870 228 866 1
759 762 907 871 1
2089 2081 137 28 1
762 906 871 226 1
805 870 873 874 1
870 211 228 874 1
1306 340 898 883 1
211 805 801 873 1
340 1695 898 883 1
756 758 908 226 1
862 868 228 866 1
1312 342 1310 870 1
805 211 342 870 1
864 862 863 228 1
211 810 342 870 1
342 810 1310 870 1
1307 1309 885 883 1
208 873 882 800 1
893 1306 898 883 1
323 1591 55 1236 1
759 762 871 226 1
906 908 865 226 1
758 756 865 226 1
885 1307 17 869 1
883 885 17 869 1
807 873 227 882 1
1311 1307 872 869 1
762 759 866 226 1
1246 1233 1590 1237 1
981 879 231 878 1
866 872 871 226 1
1307 342 870 872 1
1311 1685 1697 17 1
1891 1887 1892 2969 1
1311 1312 868 866 1
906 907 871 226 1
1774 1772 19 880 1
876 880 232 882 1
880 1302 232 885 1
759 1311 872 871 1
19 806 1302 880 1
19 1772 806 880 1
806 804 1302 880 1
342 807 227 880 1
807 342 1302 880 1
1306 1309 340 883 1
806 807 804 880 1
804 807 1302 880 1
1557 1570 407 1223 1
1773 1774 1302 232 1
1772 1774 876 232 1
1774 1772 880 232 1
880 1772 876 232 1
1778 989 258 1783 1
1779 455 1766 1783 1
19 1774 880 232 1
1774 19 1302 232 1
1302 19 880 232 1
1307 1311 340 869 1
759 1311 866 226 1
870 342 227 872 1
232 880 885 884 1
1309 885 230 884 1
1309 1302 885 884 1
908 758 865 226 1
872 759 871 226 1
868 1312 228 866 1
1695 1697 896 17 1
1696 1685 896 17 1
1685 1696 1697 17 1
1697 1696 896 17 1
1697 1695 340 17 1
340 1695 883 17 1
1695 898 883 17 1
1695 896 898 17 1
762 1311 868 866 1
1311 762 759 866 1
873 803 802 27 1
1302 342 1307 869 1
227 342 880 869 1
227 880 885 869 1
342 1302 880 869 1
880 1302 885 869 1
807 208 801 800 1
1772 876 1775 229 1
872 1311 869 871 1
17 872 869 871 1
1311 17 869 871 1
1685 759 17 871 1
1311 1685 17 871 1
1685 1311 759 871 1
1311 759 872 226 1
456 1772 1774 1775 1
1772 876 229 1776 1
1782 258 987 988 1
874 873 803 802 1
876 882 881 1776 1
211 874 803 802 1
258 986 987 988 1
208 800 881 1776 1
1782 456 1770 987 1
1216 1217 315 1222 1
801 873 800 27 1
803 211 802 796 1
1778 1766 456 1775 1
797 799 863 796 1
211 797 863 796 1
211 863 874 796 1
258 1782 986 988 1
211 874 802 796 1
874 802 796 207 1
863 874 796 207 1
799 863 796 207 1
799 795 863 207 1
1774 876 232 1775 1
882 208 800 881 1
884 230 257 887 1
981 879 1778 1775 1
1784 4 454 246 1
456 1774 1770 1775 1
954 1786 952 26 1
1276 1805 1280 1282 1
2122 2120 550 262 1
229 876 881 1776 1
806 208 882 1776 1
882 208 881 1776 1
1782 258 1783 987 1
1309 1308 965 1005 1
456 1782 1783 987 1
1766 455 1777 1783 1
1778 1766 1777 1783 1
263 1306 893 1003 1
879 1778 1775 875 1
879 1775 229 875 1
1007 263 895 1003 1
893 1306 230 1003 1
2081 339 28 944 1
4 1782 1770 988 1
1782 4 1785 986 1
1785 4 942 986 1
1766 1778 456 1783 1
1782 1766 456 1783 1
1778 456 1783 987 1
1770 1773 259 980 1
258 1778 1783 987 1
339 947 946 944 1
1773 1302 985 980 1
1517 1515 1516 397 1
1788 454 1807 246 1
80 2401 1278 1275 1
456 981 1770 259 1
1778 456 987 259 1
1778 981 1775 259 1
879 1778 875 990 1
987 1778 259 990 1
1788 1784 454 246 1
4 943 939 246 1
943 4 1784 246 1
1674 91 1520 1680 1
943 1784 1788 246 1
983 4 454 988 1
454 4 1770 988 1
983 454 1770 988 1
1308 74 965 1005 1
1803 1808 1302 946 1
1309 1306 1005 1003 1
2088 1308 74 965 1
1007 895 230 1003 1
2557 1467 379 1468 1
137 2081 339 28 1
2089 1308 965 966 1
1803 1807 1808 946 1
339 1803 1302 946 1
454 1807 246 946 1
1807 454 1808 946 1
74 252 965 1005 1
1308 1309 74 1005 1
879 981 231 877 1
1562 1584 1587 1582 1
248 947 949 1285 1
1806 1803 339 946 1
1806 947 1803 946 1
1559 1555 412 1526 1
947 1806 1805 946 1
1805 1806 339 946 1
947 1805 339 946 1
1005 1309 1003 257 1
1808 1302 946 985 1
946 1302 28 985 1
964 247 963 1272 1
1215 1212 1208 1213 1
1773 454 1770 985 1
1004 1306 263 1003 1
2088 74 252 965 1
1268 2081 2087 944 1
454 1773 1808 985 1
1302 984 980 257 1
1770 983 259 985 1
1302 984 28 985 1
1773 1770 259 985 1
1208 1215 1213 317 1
1047 1370 269 1050 1
1572 1574 1576 1238 1
454 983 1770 985 1
1306 1004 1005 1003 1
983 454 246 985 1
984 1309 1005 257 1
246 454 946 985 1
339 946 28 944 1
1322 935 1324 243 1
884 1302 980 257 1
230 1309 884 257 1
1302 1309 984 257 1
1309 1302 884 257 1
884 887 979 888 1
230 1007 1003 887 1
230 1003 257 887 1
257 884 887 979 1
1003 257 887 979 1
1007 1003 887 979 1
875 879 990 878 1
886 982 979 888 1
29 886 979 888 1
887 29 979 888 1
1786 952 1788 941 1
1272 963 1262 331 1
257 884 979 888 1
982 257 979 888 1
57 1216 1246 1220 1
952 249 1788 941 1
332 1805 1276 1282 1
980 884 257 888 1
982 980 257 888 1
1773 884 980 888 1
1773 232 884 888 1
981 982 231 877 1
876 232 1775 877 1
879 876 1775 877 1
982 980 888 877 1
982 981 980 877 1
231 982 886 877 1
886 982 888 877 1
456 981 1775 877 1
981 456 1770 877 1
1770 456 1775 877 1
981 1770 259 877 1
1774 1770 1775 877 1
232 1774 1775 877 1
1773 232 888 877 1
980 1773 888 877 1
981 259 980 877 1
259 1770 980 877 1
1773 1774 232 877 1
1774 1773 1770 877 1
1770 1773 980 877 1
944 947 247 1278 1
429 430 1668 1678 1
1354 1618 399 352 1
1469 381 1465 1468 1
950 25 963 1272 1
2081 2089 2087 944 1
2087 2089 962 944 1
1268 2087 962 944 1
954 1786 250 940 1
1786 954 941 940 1
941 954 250 940 1
1807 246 946 940 1
1786 1788 1807 940 1
1807 1788 246 940 1
1786 1807 1803 940 1
947 1786 1803 940 1
1803 1807 946 940 1
947 1803 946 940 1
1274 1263 961 253 1
944 247 964 1272 1
770 860 1400 1297 1
1273 1319 1323 33 1
962 944 247 964 1
954 953 248 949 1
1308 28 965 966 1
1805 947 339 944 1
2081 1805 339 944 1
2081 2401 2082 944 1
2401 947 2082 944 1
2082 947 1805 944 1
2081 2082 1805 944 1
1574 1229 54 1235 1
945 248 951 1283 1
1586 1557 1558 1556 1
332 2408 1805 1282 1
1268 2081 944 247 1
2081 1268 536 247 1
2081 2401 944 247 1
2401 2081 536 247 1
2102 2143 140 31 1
2389 541 1261 328 1
953 954 250 949 1
947 250 949 1285 1
430 429 1668 1664 1
348 1337 1341 1462 1
945 250 951 949 1
948 25 1286 1271 1
1658 1678 1670 427 1
26 1786 1284 1285 1
25 950 1267 1272 1
950 247 1267 1272 1
1202 313 1214 53 1
1204 271 1464 1463 1
1464 350 1459 1463 1
248 945 951 949 1
947 945 248 949 1
945 947 250 949 1
945 948 1286 1283 1
950 247 948 1286 1
2558 380 1472 1470 1
247 945 948 1286 1
247 1277 1271 329 1
1277 947 1276 1278 1
947 945 334 1283 1
247 945 951 948 1
2056 242 532 1320 1
247 1268 1266 1269 1
950 247 951 948 1
25 950 951 948 1
1284 1800 1280 1285 1
947 2401 1276 1278 1
334 1277 1276 1278 1
329 247 1266 1269 1
2401 247 80 1278 1
947 1800 1786 1285 1
247 950 963 1272 1
2400 332 1805 1276 1
25 950 948 1286 1
334 945 1286 1283 1
945 247 1277 1286 1
951 248 948 1283 1
1806 947 1805 1283 1
945 947 248 1283 1
1805 947 334 1283 1
945 951 948 1283 1
315 1216 1222 1220 1
1806 1805 334 1283 1
1233 1585 57 1246 1
247 1277 1286 1271 1
536 2401 247 80 1
2089 2389 2087 328 1
1267 25 1272 1271 1
962 944 964 1267 1
2087 1268 962 328 1
950 247 1286 1271 1
25 950 1286 1271 1
950 25 1267 1271 1
247 950 1267 1271 1
247 1277 329 1266 1
1277 1286 1271 329 1
947 1786 250 1285 1
2817 2777 2985 2997 1
944 247 1267 1269 1
944 1268 247 1269 1
1267 247 1271 1269 1
1271 247 329 1269 1
1267 1271 329 1269 1
963 964 1262 331 1
2326 2561 1200 1349 1
914 238 1260 917 1
962 944 1267 1269 1
962 1268 944 1269 1
962 1267 1262 328 1
1268 536 247 80 1
1268 2397 536 80 1
1283 334 1280 1285 1
1786 1800 1284 1285 1
1206 1034 312 1193 1
947 334 1277 1276 1
250 953 949 1285 1
405 1518 395 1521 1
1806 1283 1280 1285 1
947 1805 334 1276 1
947 2400 1805 1276 1
2400 947 2401 1276 1
1500 1555 1558 392 1
1786 26 953 1285 1
2401 944 247 1278 1
1786 953 250 1285 1
1799 1280 1282 333 1
1786 1800 26 1284 1
1806 947 1283 1285 1
1623 1630 422 1627 1
2408 2407 2873 1281 1
2407 81 1279 1281 1
1282 1799 333 1279 1
330 1321 1319 1273 1
1805 334 1276 1280 1
2873 2407 1279 1281 1
334 1806 1283 1280 1
1800 1806 1805 1280 1
1805 1806 334 1280 1
1605 1604 1533 1546 1
1261 1265 956 958 1
1800 1799 1280 1282 1
1799 1800 1805 1282 1
1805 1800 1280 1282 1
328 2084 253 956 1
1799 2874 1802 1279 1
2874 2407 81 1279 1
1802 2874 81 1279 1
992 997 1332 1250 1
2407 2874 2873 1279 1
2873 2874 1799 1279 1
2408 2873 1805 1281 1
2408 1805 1282 1281 1
1799 2873 1279 1281 1
1282 1799 1279 1281 1
2873 1799 1805 1281 1
1805 1799 1282 1281 1
1248 324 1254 1255 1
1595 1606 1604 396 1
112 2378 2377 324 1
1021 2147 991 260 1
1041 36 1464 1347 1
1265 960 1270 331 1
2065 2102 140 1315 1
1211 1208 1201 1225 1
1016 1017 264 1014 1
2130 2126 69 1247 1
2119 993 2122 262 1
2120 2375 69 1331 1
2145 112 2142 324 1
2119 2122 550 262 1
2124 550 2142 262 1
617 2389 541 1261 1
1046 1045 1042 1463 1
2143 2142 2044 324 1
964 962 1270 251 1
316 1209 1211 1210 1
2120 992 260 1331 1
112 525 2142 324 1
2142 525 2044 324 1
2044 525 2377 324 1
525 112 2037 324 1
2037 112 2377 324 1
525 2037 2377 324 1
242 1321 1316 343 1
140 2435 1315 76 1
2435 140 2385 76 1
1255 1253 325 923 1
1527 412 1528 1581 1
1321 242 1316 926 1
140 2044 2386 1254 1
2386 2044 2377 1254 1
2377 2044 324 1254 1
2386 2377 324 1254 1
2044 2143 324 1254 1
1252 325 1317 923 1
1318 76 1252 31 1
140 2385 76 1254 1
140 2386 2385 1254 1
1321 1316 1319 926 1
140 2143 2044 1254 1
268 1028 1030 1329 1
266 1029 1046 70 1
22 916 997 996 1
2557 2553 381 1460 1
2390 2086 77 1261 1
2524 1026 1420 1419 1
1256 921 238 920 1
1225 1209 314 1224 1
617 541 2390 1261 1
932 1318 344 1317 1
252 1261 956 958 1
2057 532 2440 1320 1
241 1260 917 910 1
2440 532 343 1320 1
1274 1264 330 959 1
960 1265 1270 251 1
925 242 2056 1320 1
962 960 966 1270 1
242 1321 343 1320 1
241 919 915 1256 1
2557 381 1468 1460 1
2084 2088 252 956 1
1261 1265 253 956 1
955 961 936 244 1
1045 1344 1342 1463 1
2057 2440 2387 1320 1
2056 2057 2387 1320 1
541 2084 1261 253 1
2555 2451 1337 71 1
964 1267 1272 1262 1
1274 1264 1263 330 1
2084 2086 2390 1261 1
960 962 966 253 1
316 1209 1210 1224 1
2083 2086 957 77 1
9 2083 957 77 1
2053 2086 118 77 1
2086 2053 2387 77 1
2086 2083 118 77 1
118 2083 9 77 1
2056 2053 118 77 1
2056 118 9 77 1
960 966 1270 331 1
2398 1268 2087 328 1
966 962 1262 328 1
651 2453 1343 348 1
270 1038 1205 1203 1
2089 2087 962 328 1
1267 1269 1262 328 1
541 2389 2089 328 1
56 1243 1589 1588 1
964 962 1262 331 1
1274 960 1263 253 1
324 1248 1254 922 1
1321 1319 936 927 1
962 964 1270 331 1
960 1274 1263 251 1
2389 2398 2395 328 1
2395 2398 2087 328 1
2389 2395 2087 328 1
2084 541 2089 328 1
1265 1263 253 956 1
1261 1265 1262 331 1
350 1345 1342 1463 1
966 962 1270 331 1
962 966 1262 331 1
1321 1319 1273 936 1
935 1257 1324 933 1
9 928 77 958 1
77 1264 955 958 1
235 1706 891 2943 1
1265 960 1263 251 1
1262 966 328 253 1
1261 1265 331 253 1
330 1273 959 961 1
917 1260 916 910 1
937 938 245 934 1
33 936 927 938 1
1265 960 331 253 1
252 2088 965 956 1
1017 324 1016 3 1
961 330 936 244 1
935 1324 243 933 1
1273 33 959 961 1
1207 1469 1202 313 1
962 960 1270 251 1
960 962 964 251 1
1274 1270 1263 251 1
1262 1261 331 253 1
2084 252 1261 956 1
1270 1265 1263 251 1
2143 1254 31 1018 1
961 1263 955 253 1
1319 1323 33 938 1
1264 330 959 961 1
960 1265 1263 253 1
1274 1264 959 961 1
1264 1274 1263 961 1
1252 1254 1255 31 1
330 1321 1273 936 1
1319 33 927 938 1
1263 955 253 956 1
1273 1319 33 936 1
33 937 936 938 1
2084 1261 253 956 1
1252 76 1254 31 1
77 1264 1265 955 1
1265 1264 1263 955 1
1263 1264 961 955 1
1000 1017 262 998 1
2084 541 328 253 1
960 1274 959 253 1
959 1274 961 253 1
960 959 961 253 1
1261 1262 328 253 1
966 1262 331 253 1
960 966 331 253 1
541 1261 328 253 1
966 328 253 956 1
2088 2084 2089 956 1
2088 2089 965 956 1
966 2089 328 956 1
2089 2084 328 956 1
2443 345 2147 1325 1
928 1264 77 958 1
330 961 955 244 1
330 1321 936 244 1
1319 33 936 927 1
2559 2561 381 1465 1
1601 2694 2691 379 1
1031 1333 267 1032 1
2104 2102 931 975 1
927 928 244 929 1
1333 267 1327 1336 1
1564 1582 1566 407 1
1572 413 1590 1571 1
993 2124 999 262 1
327 241 924 911 1
344 1322 1323 245 1
1323 937 938 245 1
1319 344 1323 245 1
1248 327 924 911 1
1017 261 999 998 1
1202 1469 1200 1465 1
1323 937 245 934 1
918 21 1257 933 1
935 918 1257 933 1
729 2922 2890 2996 1
1254 922 31 1018 1
409 1572 1576 1238 1
2561 2559 2326 1200 1
65 2700 2699 1610 1
1045 1342 271 1463 1
1345 350 1464 1463 1
2691 2694 650 379 1
1555 412 397 392 1
1322 1323 245 934 1
1323 1322 937 934 1
1582 1587 1565 1583 1
820 212 821 1298 1
245 1322 934 930 1
1317 325 1324 930 1
1318 1315 76 31 1
344 1322 245 930 1
932 344 245 930 1
1322 1317 1324 930 1
935 1322 1324 930 1
344 1317 1322 930 1
344 932 1317 930 1
1322 935 243 930 1
243 935 934 930 1
1322 243 934 930 1
1255 1248 924 922 1
7 851 1001 1015 1
413 1587 1582 1583 1
976 242 974 931 1
2086 957 77 958 1
918 935 1257 239 1
1324 935 930 239 1
325 1324 930 239 1
242 1321 1320 929 1
930 325 239 923 1
1257 935 1324 239 1
325 1257 1324 239 1
1636 1639 1355 1638 1
2102 2139 2143 975 1
1255 1254 922 31 1
1315 140 76 31 1
955 928 244 958 1
2104 242 976 931 1
1256 921 920 1258 1
2985 2777 2994 2997 1
2922 729 2889 2996 1
242 2065 343 931 1
932 1318 31 931 1
2065 242 2104 931 1
911 1248 913 240 1
1255 1248 327 924 1
241 919 1256 924 1
327 241 1256 924 1
919 327 1256 924 1
1588 323 1591 1239 1
224 852 336 1293 1
922 1255 31 923 1
2065 1315 343 931 1
932 1316 931 926 1
1255 327 1253 924 1
1253 327 919 924 1
1316 242 343 931 1
1215 1214 1208 53 1
932 1318 1317 923 1
1253 1255 924 923 1
1321 1319 927 926 1
924 1255 922 923 1
1252 1318 31 923 1
1264 928 955 958 1
1252 1255 325 923 1
76 140 1254 31 1
254 2104 976 975 1
140 2143 1254 31 1
922 31 1018 975 1
976 2104 931 975 1
313 1207 1211 1201 1
915 241 1260 917 1
2143 324 1254 1018 1
1038 272 1044 1205 1
2065 2102 1315 931 1
932 1316 1318 931 1
1318 1316 1315 931 1
1046 1029 1328 70 1
2102 2065 2104 931 1
1316 344 1319 926 1
1319 344 245 926 1
1323 1319 245 926 1
1319 1323 938 926 1
938 1323 245 926 1
2102 2143 31 975 1
31 2143 1018 975 1
1315 31 931 975 1
2102 1315 931 975 1
1315 2102 31 975 1
922 1018 1016 240 1
238 915 1260 917 1
241 327 1256 911 1
1427 1352 369 1436 1
1372 1352 1047 1193 1
554 2155 266 70 1
1011 223 851 1015 1
936 927 244 929 1
1321 936 244 929 1
936 1321 927 929 1
1264 1321 244 929 1
928 1264 244 929 1
928 925 1264 929 1
1320 1321 1264 929 1
925 1320 1264 929 1
957 2086 252 958 1
252 2086 1261 958 1
2086 77 1261 958 1
1265 77 955 958 1
77 1265 1261 958 1
357 1367 1455 1450 1
272 1205 1203 1200 1
1467 1195 1198 1350 1
1469 1196 1202 1200 1
1248 324 912 240 1
327 1248 1251 1249 1
1587 1564 1582 1565 1
2813 2784 703 2956 1
2148 2149 555 265 1
2148 1019 265 1020 1
1248 327 911 913 1
2150 2147 1021 268 1
1056 275 1064 1059 1
1027 346 1327 1336 1
1333 1031 1334 347 1
2554 2555 2453 348 1
2148 1019 2149 265 1
1189 1300 10 822 1
1202 1207 1201 310 1
1370 279 1072 1193 1
772 1296 812 12 1
651 2554 2453 348 1
1044 1205 1042 1204 1
1038 270 1205 1043 1
1044 1038 1205 1043 1
1686 97 2953 2963 1
392 1499 1510 1512 1
316 1209 57 1222 1
700 2985 2994 2997 1
52 1207 1211 1210 1
1564 1587 1582 407 1
1367 1452 1450 378 1
62 2164 1023 1036 1
1421 2518 370 1415 1
1467 351 1357 1350 1
1352 59 1417 369 1
915 241 1256 1260 1
1713 1299 856 855 1
324 922 1018 1016 1
1016 1017 3 912 1
999 1000 262 998 1
2450 2375 2120 1331 1
1346 1045 1342 271 1
1012 1011 264 1013 1
2143 324 1018 1016 1
2143 2142 324 1016 1
2145 1017 324 1016 1
2142 2145 324 1016 1
2378 2377 324 1247 1
324 1016 3 240 1
1250 1251 326 1249 1
1000 995 999 262 1
1018 1016 1012 264 1
1017 261 998 1014 1
556 2147 268 1325 1
896 897 234 2943 1
1248 924 922 240 1
922 924 911 240 1
3 1016 912 240 1
2144 993 999 1014 1
2144 993 2124 999 1
260 992 1332 1331 1
99 2795 256 1715 1
442 338 1012 1013 1
1000 995 262 1247 1
1401 1404 365 1402 1
1045 1335 1346 346 1
1016 1017 999 262 1
2167 2326 1046 1035 1
2142 1016 999 262 1
996 22 1031 1334 1
1626 414 1599 1594 1
2145 550 324 262 1
1017 2145 324 262 1
2145 1017 1016 262 1
550 2145 2142 262 1
2142 2145 1016 262 1
1028 1027 1327 1336 1
1027 1335 346 1336 1
1228 1570 1568 410 1
1292 2420 1295 1293 1
1260 914 917 916 1
915 238 914 917 1
324 3 1247 1251 1
266 2161 1035 1023 1
1342 1345 271 1463 1
1251 997 326 1249 1
992 2120 69 1331 1
1601 2694 379 1603 1
196 897 891 2943 1
380 1472 1470 1460 1
996 1332 326 1330 1
1345 1346 1342 271 1
1345 1346 350 1342 1
1063 1060 1059 37 1
1345 1045 1346 271 1
1042 311 271 1204 1
241 1256 1260 910 1
1256 241 911 910 1
1256 327 1260 910 1
327 1256 911 910 1
996 1326 1330 347 1
1259 22 916 997 1
271 1042 1204 1041 1
2147 2150 1021 991 1
860 815 24 787 1
1370 1072 1194 1193 1
2157 2444 556 70 1
2147 1021 268 1325 1
1420 2524 1419 368 1
2161 2164 1035 1023 1
550 324 262 1247 1
997 996 1332 326 1
1329 1030 1328 1327 1
2558 2553 2557 1460 1
2126 2120 69 1247 1
1248 913 1251 1249 1
1025 1421 265 1026 1
1596 1604 1546 2972 1
2122 992 994 260 1
2555 1337 2454 348 1
2149 2150 2121 991 1
266 2155 1024 70 1
2122 549 2120 260 1
2122 2120 262 992 1
2558 2557 1468 1460 1
1021 1028 268 1329 1
2122 994 991 260 1
2122 2120 992 260 1
1034 272 1038 1036 1
1248 324 1247 1251 1
1023 1420 1417 369 1
993 2122 262 994 1
2326 1200 1046 1035 1
348 1343 1338 1344 1
272 1205 1200 1035 1
2147 2121 991 260 1
993 262 992 994 1
345 549 2147 260 1
996 1259 1334 1330 1
549 2121 2147 260 1
324 1248 3 1251 1
262 2122 992 994 1
1024 1030 1328 70 1
2534 1437 1431 63 1
1021 1326 1329 1325 1
995 1000 3 1247 1
2130 2378 2126 1247 1
2126 2128 550 1247 1
262 995 992 1247 1
262 995 997 992 1
1248 327 913 1249 1
780 815 779 775 1
811 773 202 766 1
200 777 771 199 1
792 1917 793 794 1
1914 2512 132 23 1
779 860 24 787 1
1916 2122 792 23 1
641 2519 2510 366 1
2121 549 2122 260 1
2121 2122 991 260 1
554 2160 2159 266 1
2160 554 2155 266 1
2161 554 2159 266 1
2159 2161 266 1023 1
2378 2375 69 1247 1
554 2161 2167 266 1
1370 358 1053 40 1
1043 1044 36 1204 1
1352 1036 1422 1033 1
266 2167 1046 1035 1
651 2555 2554 348 1
2329 2463 2561 1349 1
996 1032 260 1326 1
345 2450 549 1331 1
916 1259 997 326 1
1019 2150 991 1022 1
1370 1372 372 1430 1
2164 2161 2159 1023 1
2160 2159 266 1023 1
791 790 789 199 1
1367 1369 1455 1450 1
351 1469 2561 1349 1
368 1413 2952 2962 1
1036 1023 1417 369 1
60 1369 1365 1454 1
1372 354 1352 1193 1
1458 1071 1069 280 1
1469 1196 1200 1349 1
2553 380 1461 1460 1
2150 2148 556 268 1
1408 1407 366 1405 1
206 790 786 199 1
266 2160 1023 1026 1
2159 62 1023 1419 1
555 2518 2160 265 1
1019 2519 2149 265 1
2149 2519 555 265 1
2518 2519 1421 265 1
2519 2518 555 265 1
2518 2160 265 1026 1
1421 2518 265 1026 1
1421 1025 1423 1026 1
1025 1023 1423 1026 1
437 1701 1706 2953 1
2120 2126 550 1247 1
1024 2155 268 70 1
995 909 237 1251 1
2521 2524 2160 1026 1
916 1260 326 1249 1
2150 1021 991 1022 1
212 860 815 770 1
265 1019 1022 1020 1
2150 268 1022 1020 1
2150 2148 268 1020 1
1019 2150 1022 1020 1
1019 2148 2150 1020 1
2155 1024 268 1020 1
2148 2155 268 1020 1
2160 265 1026 1020 1
2160 2148 265 1020 1
1024 2160 1026 1020 1
2148 2160 2155 1020 1
2155 2160 1024 1020 1
2516 2521 644 370 1
1370 1372 1433 1047 1
2515 644 2518 370 1
1421 2518 1026 370 1
644 2521 2160 370 1
2160 2521 1026 370 1
2518 644 2160 370 1
2518 2160 1026 370 1
997 1332 1250 326 1
1029 1024 1328 70 1
381 1459 1460 1462 1
556 2444 2147 1325 1
1200 1046 1042 1465 1
1030 268 1329 70 1
2120 2375 2130 69 1
2460 2441 2167 1343 1
997 992 69 1250 1
1200 2326 1046 1343 1
1029 1045 1046 1328 1
311 1463 1466 1465 1
2559 651 2460 1343 1
996 1326 1332 1330 1
1028 1027 1030 1327 1
2167 266 1046 1343 1
2326 2167 1046 1343 1
327 1256 1260 1249 1
992 69 1250 1331 1
2559 2326 1200 1343 1
2375 2378 2130 1247 1
2167 554 266 1343 1
2559 2167 2326 1343 1
2559 2460 2167 1343 1
2375 2130 69 1247 1
2378 112 2126 1247 1
1017 324 3 1247 1
1328 1344 346 1342 1
1329 268 1325 70 1
266 1046 1343 70 1
1029 1024 1030 1328 1
1031 996 1334 347 1
554 266 1343 70 1
350 1342 1459 1463 1
345 549 260 1331 1
1021 345 260 1326 1
1032 1021 260 1326 1
1328 1027 346 1327 1
1343 1046 1344 1328 1
995 997 1247 1251 1
379 2694 1471 1603 1
2126 112 2128 1247 1
1343 1046 1328 70 1
2157 556 2155 70 1
2155 556 268 70 1
268 556 1325 70 1
2154 2441 2155 70 1
554 2154 2155 70 1
2154 554 2167 70 1
2167 554 1343 70 1
2441 2154 2167 70 1
2441 2167 1343 70 1
1000 1017 3 1247 1
992 996 260 1332 1
997 996 992 1332 1
995 3 909 1251 1
1260 1259 916 326 1
1031 1333 1032 347 1
997 1250 1251 326 1
1028 1030 1329 1327 1
69 1247 1250 1251 1
1259 996 326 1330 1
1017 1000 262 1247 1
324 1017 262 1247 1
2120 992 69 1247 1
2120 262 992 1247 1
2120 550 262 1247 1
2128 2145 550 1247 1
550 2145 324 1247 1
2145 112 324 1247 1
112 2145 2128 1247 1
912 913 909 1251 1
3 1248 912 1251 1
3 912 909 1251 1
912 1248 240 1251 1
913 912 240 1251 1
1248 913 240 1251 1
997 1259 996 326 1
1045 1328 346 1342 1
1027 1030 1328 346 1
1027 1335 1030 346 1
1335 1045 34 346 1
909 237 1251 1249 1
913 909 1251 1249 1
909 913 237 1249 1
911 327 910 1249 1
327 911 913 1249 1
913 911 910 1249 1
237 916 997 1249 1
997 916 326 1249 1
995 997 1251 1249 1
237 995 1251 1249 1
995 237 997 1249 1
1335 1346 346 1342 1
1326 1032 1329 347 1
1333 267 1032 347 1
34 1045 1029 346 1
1029 1045 1328 346 1
1335 34 1030 346 1
34 1029 1030 346 1
1030 1029 1328 346 1
267 1028 1032 1327 1
1346 1045 346 1342 1
348 1337 1338 1341 1
1472 2558 1468 1460 1
1334 996 1330 347 1
1028 1032 1327 347 1
1032 1028 1329 347 1
1329 1028 1327 347 1
996 1031 1032 347 1
1338 1344 350 1342 1
196 896 234 2943 1
1337 2451 2454 71 1
1337 1341 1340 71 1
311 271 1204 1463 1
896 1687 897 2943 1
380 2558 1472 1460 1
1341 349 1340 1339 1
1042 1045 271 1463 1
272 1205 1035 1042 1
1200 1046 1035 1042 1
1046 1343 1344 1465 1
311 1200 1042 1463 1
818 1299 15 821 1
1205 1200 1035 1042 1
1467 1469 1207 52 1
1357 399 1530 352 1
1205 311 1200 1042 1
1027 1028 267 1336 1
1042 1044 1204 1041 1
267 1028 1327 1336 1
1209 1211 1225 317 1
1244 56 1589 1588 1
1208 1212 1201 1225 1
1681 196 891 2943 1
1605 416 1630 422 1
1557 1586 1587 1556 1
311 1042 271 1463 1
1046 1200 1343 1465 1
271 1345 1464 1463 1
380 1461 1460 1462 1
1344 1343 381 1465 1
897 196 234 2943 1
36 1204 1041 1464 1
1204 271 1041 1464 1
55 1591 1575 1236 1
1560 1559 1516 397 1
2694 1471 1603 1602 1
349 1341 1340 1459 1
1344 1338 350 1459 1
1207 1469 313 1465 1
1469 2561 1200 1465 1
2555 381 1460 1462 1
2694 2556 379 1471 1
1200 2559 1343 1465 1
396 1606 1523 1527 1
350 1338 1339 1459 1
1593 1596 1594 3001 1
1341 349 1339 1459 1
1338 1341 1339 1459 1
2561 1469 381 1465 1
311 1200 1463 1465 1
1042 1046 1463 1465 1
1463 1344 381 1465 1
1340 1337 71 1462 1
1208 1212 1225 1213 1
1344 350 1342 1459 1
849 30 1712 220 1
1225 1212 314 1213 1
1603 2694 415 1598 1
2694 2556 1471 1602 1
85 1481 83 1657 1
2711 416 2692 1605 1
1601 1467 2692 1605 1
1587 1567 320 1223 1
1587 1557 407 1223 1
1354 420 1618 1622 1
1631 66 2965 2966 1
1360 423 352 1355 1
1530 1357 352 1355 1
423 1636 352 1355 1
348 1459 381 1462 1
348 2555 1461 1462 1
1337 348 1461 1462 1
2558 1472 1471 1470 1
348 1338 1459 1462 1
1338 348 1341 1462 1
2555 348 381 1462 1
651 2555 348 381 1
2557 651 2561 381 1
2559 651 1343 381 1
1343 651 348 381 1
2558 2557 379 1468 1
1343 1338 1344 381 1
1344 1338 1459 381 1
651 2559 2561 381 1
1343 348 1338 381 1
1338 348 1459 381 1
57 316 1222 1220 1
1562 406 1584 1566 1
2694 2693 415 1598 1
1636 389 1497 1639 1
2556 2558 1471 1470 1
72 2556 1471 1470 1
2553 380 2558 1470 1
1341 1340 1459 1462 1
1341 1337 1340 1462 1
1525 1595 1604 396 1
2686 2688 2687 3003 1
1196 1467 310 1198 1
1337 2555 71 1461 1
2555 1337 348 1461 1
1675 1513 1511 1651 1
1601 2691 1598 1600 1
2696 1597 1600 73 1
1618 399 1616 1612 1
2691 2696 1598 1600 1
52 1210 310 1223 1
2693 2691 2696 1598 1
2694 1601 2691 1598 1
2694 2691 2693 1598 1
1596 1593 2972 3001 1
416 1543 1630 1627 1
1632 1631 421 1624 1
1354 65 1611 1609 1
1601 416 2691 1600 1
2691 416 2696 1600 1
414 1626 1599 1623 1
1518 405 1547 1552 1
2696 2695 73 1599 1
1680 91 1553 1653 1
1520 86 1554 1551 1
1521 400 1554 1539 1
400 398 1514 1519 1
2695 1625 73 1599 1
1554 1520 1539 1553 1
1563 1559 1581 1526 1
1625 2695 2713 1599 1
1625 2713 1626 1599 1
429 1663 1666 1665 1
421 1631 2965 2966 1
1516 1517 93 1510 1
1518 405 395 1547 1
398 1523 1519 1533 1
2699 65 66 1607 1
1598 416 1600 1594 1
1501 1528 392 1499 1
1669 430 1668 1664 1
412 1606 1527 1528 1
1691 1688 2963 2968 1
1548 1596 1593 1544 1
354 1370 1194 1193 1
416 1601 1605 1604 1
1644 1642 1662 1655 1
398 400 1534 1533 1
1596 1595 1604 2972 1
1514 398 1521 1519 1
394 1540 1514 1539 1
1553 1680 1653 1672 1
395 1518 1547 1552 1
1527 1528 94 1581 1
1513 93 1511 1651 1
400 398 1519 1533 1
1605 1543 90 1630 1
1674 91 394 1520 1
87 1548 1596 1593 1
1593 1544 2972 3001 1
1670 429 1665 1672 1
1522 1525 1595 1604 1
405 1545 1554 1551 1
1681 435 2963 2968 1
918 21 920 2995 1
1604 1525 1523 1533 1
1543 1605 90 1533 1
1520 91 1539 1553 1
1525 1522 1595 396 1
1497 1586 1500 1501 1
430 429 1664 1665 1
1524 1522 1549 1544 1
1605 90 1613 1630 1
1586 1562 1587 1556 1
416 2686 2696 1594 1
416 2696 1600 1594 1
1600 2696 1599 1594 1
2713 1626 1599 1594 1
2686 416 2713 1594 1
2713 416 1626 1594 1
2686 2695 2696 1594 1
2696 2695 1599 1594 1
2695 2713 1599 1594 1
2695 2686 2713 1594 1
416 1605 1596 1604 1
416 1596 1595 1604 1
1473 383 1478 353 1
90 1543 1533 1546 1
1606 1536 1523 1501 1
1482 1481 1485 1489 1
1518 395 1521 1519 1
1604 1525 396 1523 1
1606 1604 396 1523 1
1604 1525 1533 1546 1
1519 400 1533 1546 1
1522 1525 1604 1546 1
1604 1605 1498 1497 1
85 1492 385 1657 1
1555 1559 1560 397 1
1561 1563 1562 408 1
1647 83 1661 1657 1
1517 398 1515 1514 1
51 1195 1355 355 1
1826 1849 107 2932 1
1517 1513 1516 93 1
1515 1517 1516 392 1
1663 429 1666 1664 1
395 1525 1524 1519 1
1663 1680 404 1672 1
1211 1208 1225 317 1
1605 389 1498 1497 1
1540 1538 391 1507 1
412 1563 1581 1561 1
1661 83 1486 1657 1
435 1681 1739 2968 1
1605 1586 1497 1501 1
1502 1504 1532 89 1
1663 1678 1680 1672 1
400 1514 1521 1519 1
1536 1606 1523 1533 1
405 1518 1545 1551 1
1606 1536 1604 1533 1
1606 1604 1523 1533 1
482 2017 2769 2977 1
1644 1662 88 1541 1
1497 1500 92 1501 1
1216 57 1222 1220 1
1563 1559 1526 397 1
1179 1172 306 1154 1
1208 313 1211 1201 1
2700 2697 419 1621 1
1202 1207 313 1201 1
1623 414 1624 422 1
1200 1202 1466 1199 1
314 1209 317 1218 1
1606 412 1527 1581 1
1555 412 1586 408 1
1509 1542 1508 390 1
1224 1210 320 1223 1
1559 412 1563 1581 1
65 1354 1611 417 1
1496 1491 1490 386 1
1195 1223 1228 92 1
1586 1557 1587 1210 1
1210 1225 310 1223 1
430 1668 1678 1670 1
1647 1645 83 1657 1
1354 1608 1611 417 1
1656 431 427 1653 1
1481 85 385 1657 1
1503 1509 390 1531 1
1225 1208 1213 317 1
412 1528 1581 1526 1
1528 1515 1526 397 1
412 1528 1526 397 1
1555 412 1526 397 1
1497 1195 1639 92 1
323 1242 55 1239 1
1209 314 1224 1218 1
412 1563 1561 408 1
1033 1047 269 1050 1
311 1200 1466 1199 1
1502 1505 390 1531 1
1586 412 1561 408 1
1564 1587 95 1583 1
1072 279 1194 1193 1
1576 409 1238 1237 1
1209 1208 1211 317 1
314 1225 1213 317 1
1353 1352 1192 312 1
1585 57 1246 1220 1
1210 1211 1225 1224 1
1733 447 1681 2963 1
1211 1209 1225 1224 1
1202 313 1465 1199 1
413 1585 1587 1583 1
1587 1564 95 1567 1
1466 313 1214 1199 1
1557 1569 1570 1228 1
412 1586 1561 1584 1
1581 412 1561 1584 1
1561 1586 1562 1584 1
406 1561 1562 1584 1
1202 1214 1199 53 1
1557 1587 1210 1223 1
413 1590 1571 1592 1
1580 1228 1568 410 1
52 1586 1587 1210 1
313 1202 1201 53 1
1586 1562 1584 1587 1
322 1240 1244 1588 1
1240 1245 322 1244 1
1570 320 1223 1228 1
319 409 1590 1237 1
1573 95 1567 320 1
1587 1582 1566 1556 1
2329 2561 2326 1349 1
1582 406 1565 1566 1
1500 1586 92 1558 1
1587 316 1210 320 1
1451 1376 1458 1456 1
1572 319 1229 1238 1
316 1585 1587 1210 1
1208 313 1201 53 1
1033 1047 1193 269 1
323 1245 1243 1240 1
1577 1231 1232 318 1
1246 1216 315 1220 1
642 2508 2507 1401 1
323 1240 1242 1239 1
1584 406 1582 1566 1
1207 1211 1201 1225 1
406 1582 1565 1583 1
52 1557 1586 1210 1
2784 182 2775 2947 1
316 1233 1585 57 1
1587 1562 1582 1556 1
1891 2001 1887 2969 1
55 1575 1241 1236 1
319 1233 413 1585 1
323 1245 1240 1244 1
310 1467 1195 1198 1
2164 1035 1036 59 1
1572 1574 54 1578 1
1243 315 56 1220 1
1570 1567 320 1228 1
57 1209 1217 1222 1
1555 408 1558 1556 1
323 1591 1575 1237 1
1225 1210 1224 1223 1
319 1572 1229 1232 1
1213 314 317 1218 1
600 2461 2464 59 1
1246 315 1243 1220 1
1574 321 1238 1235 1
358 1370 1372 1366 1
1575 409 1576 1237 1
1243 315 1221 56 1
1587 1564 1565 1583 1
309 1363 1475 1191 1
321 1241 1576 1236 1
1640 1636 1355 1638 1
358 1367 1369 1366 1
1243 56 1589 1220 1
1221 315 1222 1220 1
1233 1585 1246 1590 1
1529 1618 1616 352 1
1574 321 1576 1238 1
1567 1587 407 1223 1
1585 316 1587 320 1
1036 1034 1352 312 1
1233 319 1590 1237 1
1209 317 1218 1219 1
317 1213 1218 1219 1
1196 1202 1201 310 1
1587 1566 407 1556 1
1586 1605 1604 1501 1
1574 54 1578 1235 1
2699 2714 687 2966 1
323 1243 1244 1588 1
317 1209 1217 1219 1
1216 1246 315 1243 1
1012 1011 1013 1293 1
1011 1012 264 1293 1
1233 413 1585 1590 1
301 1166 1160 1159 1
1018 2143 1016 264 1
373 1372 1430 1432 1
1243 56 1244 1588 1
1562 1584 1582 1566 1
1712 30 850 220 1
729 2890 2889 2996 1
1458 1066 1071 280 1
1299 1713 859 855 1
1585 316 57 1220 1
315 1221 56 1220 1
413 1592 1230 320 1
1240 323 1244 1588 1
261 999 1001 1002 1
409 1572 1590 1571 1
1055 41 275 1061 1
425 1673 1648 1649 1
1575 1576 1238 1237 1
1572 319 1238 1237 1
319 1572 409 1237 1
409 1572 1238 1237 1
447 1733 1742 2963 1
316 1585 1234 320 1
1228 1580 1227 1226 1
1467 52 310 1195 1
316 1233 57 1234 1
316 57 1218 1234 1
1209 316 1218 1234 1
316 1209 1224 1234 1
1224 1209 1218 1234 1
1352 1192 312 1193 1
1234 1585 1230 320 1
1570 1567 407 1223 1
1207 52 1211 310 1
1207 1467 52 310 1
319 1233 1585 1230 1
1585 1233 1234 1230 1
1849 1827 107 2932 1
1211 52 1210 310 1
413 319 1585 1230 1
1572 319 413 1230 1
1572 413 1571 1230 1
1196 1467 1207 310 1
2560 2474 2692 1356 1
1571 413 1592 1230 1
1571 1592 1573 1230 1
1211 1210 1225 310 1
1585 413 1230 320 1
413 1585 1592 320 1
1592 1587 1583 320 1
1587 95 1583 320 1
1592 95 1573 320 1
95 1592 1583 320 1
1555 1586 1500 1558 1
1572 1574 1578 411 1
1586 1557 92 1558 1
1606 1523 1528 1501 1
1542 1538 1509 1506 1
65 2699 687 1356 1
52 1467 1605 1195 1
1197 1479 1359 355 1
2547 2546 2478 1449 1
1570 1567 1228 1568 1
1228 410 1226 1579 1
1580 1577 1568 318 1
600 2329 2326 1349 1
1536 1606 1604 1501 1
1536 1605 389 1498 1
1654 431 1658 427 1
1580 1568 1227 318 1
1414 368 2952 2962 1
1227 1577 1232 318 1
1569 1497 1639 92 1
1228 1580 1568 1227 1
1827 1826 107 2932 1
1826 1845 1849 2932 1
1567 1228 1568 1227 1
1567 320 1228 1227 1
52 1195 1497 92 1
1227 1580 318 1226 1
1229 54 1231 1232 1
1505 1502 1532 1531 1
1580 1228 410 1226 1
1198 1197 1351 355 1
1577 1568 1227 411 1
1823 1826 466 2932 1
1578 1577 1231 411 1
1231 1577 1232 411 1
54 1572 1578 411 1
466 1827 474 2932 1
1230 1572 1232 411 1
1577 1227 1232 411 1
54 1231 1232 411 1
54 1578 1231 411 1
1229 54 1232 411 1
1572 1229 1232 411 1
1229 1572 54 411 1
466 1826 1827 2932 1
1827 1849 474 2932 1
1640 1479 1579 51 1
408 1586 1558 1556 1
1604 1606 1500 1501 1
1195 1640 1639 1638 1
1476 1361 39 1358 1
1517 93 1510 1512 1
2329 600 2464 1349 1
1478 382 1476 1358 1
1586 1604 1500 1501 1
62 2523 2164 59 1
40 1434 376 1448 1
1506 1644 88 1541 1
51 1479 1480 1197 1
1414 2516 368 2962 1
2511 2510 2512 1406 1
66 2699 1607 2966 1
1353 59 1352 312 1
309 1198 1351 1192 1
309 1351 1364 1192 1
354 1370 1072 1194 1
1530 399 1529 352 1
1517 398 1514 1499 1
1605 52 1195 1639 1
1644 1642 424 1662 1
1492 1481 85 385 1
382 1361 1476 1358 1
391 1643 1506 401 1
1676 84 1659 1658 1
2718 674 2983 3003 1
1630 1605 422 1629 1
1509 1538 391 1506 1
1480 1474 1359 353 1
1643 1656 1655 401 1
1523 1536 398 1499 1
389 1505 1504 1532 1
1639 1640 1355 1638 1
1223 1557 1228 92 1
1586 52 1497 92 1
1505 1503 390 1531 1
52 1557 1223 92 1
1643 1673 1652 1649 1
1586 1497 1500 92 1
1507 393 1512 1534 1
1560 1555 397 392 1
1538 1509 391 1507 1
1640 1195 51 1638 1
1641 1644 424 1662 1
1674 1673 1675 1643 1
1649 1643 1656 1655 1
1637 423 1636 352 1
1195 1569 1639 92 1
1536 1357 1605 90 1
1509 393 1507 1503 1
1637 423 1633 1636 1
1557 52 1586 92 1
86 1518 1552 1551 1
1528 1515 397 392 1
1540 394 391 1537 1
51 1579 1638 2961 1
412 1606 1528 392 1
1605 1536 1604 1498 1
1586 52 1605 1497 1
1511 1675 1651 1652 1
1605 1636 1497 1639 1
1479 1361 1640 1634 1
1509 1503 402 1531 1
1507 1513 1512 1511 1
1536 1523 1501 1499 1
1676 1659 1654 1658 1
1195 52 1223 92 1
1675 425 1651 1652 1
1504 1505 1502 1532 1
1538 1509 402 1531 1
412 1555 1586 1500 1
1604 1605 1497 1501 1
412 1528 397 392 1
1198 1353 1351 1192 1
2636 2687 2982 3003 1
389 1605 1636 1497 1
1569 1195 1228 92 1
1557 1569 1228 92 1
412 1586 1604 1500 1
1562 1586 408 1556 1
1536 1604 1498 1501 1
1586 1555 408 1558 1
1528 1515 392 1499 1
1606 412 1604 1500 1
1582 1562 1566 1556 1
1499 1517 1510 1512 1
393 1536 1498 1499 1
1498 1536 1501 1499 1
1540 91 394 1537 1
398 1515 1528 1499 1
1500 1501 392 1499 1
1528 1606 1501 392 1
1606 412 1500 392 1
1560 1555 392 1510 1
1516 1560 392 1510 1
1517 1516 392 1510 1
1606 1500 1501 392 1
1515 1517 392 1499 1
1492 1485 388 1483 1
467 1846 1816 2950 1
393 1498 1501 1499 1
1513 93 1512 1511 1
389 1636 1530 1532 1
1523 1528 1501 1499 1
1523 398 1528 1499 1
1517 1513 93 1512 1
1514 1517 1499 1512 1
1517 1514 1513 1512 1
394 1514 1507 1512 1
1514 394 1513 1512 1
1513 394 1507 1512 1
1507 393 1499 1512 1
420 1612 1608 1614 1
1514 1540 1507 1512 1
394 1513 1507 1511 1
1513 394 1675 1511 1
1675 394 391 1511 1
1540 394 1507 1511 1
394 1540 391 1511 1
391 1540 1507 1511 1
1673 425 1652 1649 1
1536 398 1499 1534 1
1485 1482 1487 388 1
1642 1660 424 1662 1
1845 1823 1841 2932 1
1642 1660 1646 424 1
1485 1482 1489 385 1
1509 1542 1506 1508 1
1648 1650 1649 426 1
1484 1481 85 1485 1
1492 1484 85 1485 1
1481 1492 85 1485 1
1503 1509 1508 390 1
1482 1489 385 1487 1
1361 382 1476 1634 1
1481 1485 1489 385 1
1361 1476 39 1634 1
423 1640 1355 1634 1
1481 1650 85 1645 1
1481 1492 1485 385 1
1492 1485 385 1487 1
384 1481 1489 1486 1
1644 426 1642 1655 1
1650 85 1657 1659 1
383 1477 1473 1478 1
1481 384 1488 1486 1
1640 1361 1355 1634 1
1488 1647 1645 83 1
1637 1620 1360 352 1
1481 1488 83 1486 1
399 1618 1529 352 1
1481 1488 1645 83 1
85 1481 1645 83 1
1676 1484 85 1659 1
1492 1484 84 1659 1
1646 1647 83 1661 1
394 1521 1520 1539 1
1185 46 1076 2991 1
420 1618 1616 1612 1
687 2714 2692 1356 1
1674 1673 1643 1656 1
431 1673 1656 1654 1
1668 82 1671 1667 1
1505 1532 402 1531 1
1673 1674 431 1656 1
1649 428 1655 1654 1
1677 1650 1648 1659 1
431 1678 1658 427 1
1492 387 1484 1483 1
1492 1484 1485 1483 1
2702 2697 65 1621 1
1642 426 428 1655 1
1668 82 1679 1671 1
1611 65 419 1621 1
1645 85 83 1657 1
1491 1483 1496 1493 1
1491 388 1483 1493 1
1486 1481 385 1657 1
83 1481 1486 1657 1
388 1492 1483 1493 1
1645 1650 1657 428 1
1491 1496 1490 1493 1
1668 430 1671 1670 1
1657 1650 1659 428 1
430 1669 1668 1671 1
1650 1677 85 1659 1
1484 1492 85 1659 1
1677 1676 85 1659 1
1195 1640 51 1355 1
399 1612 1535 1614 1
1679 82 1494 84 1
1679 1494 1676 84 1
2687 2688 2982 3003 1
1494 387 1676 84 1
1357 1536 1535 90 1
1678 1679 1658 1670 1
1676 387 1484 84 1
387 1492 1484 84 1
1673 1648 1649 1654 1
1484 1676 84 1659 1
1496 1490 1493 84 1
1496 1494 1490 84 1
387 1494 1496 84 1
1492 387 1483 84 1
1492 1483 1493 84 1
1669 1668 1671 1667 1
1356 2692 2965 2966 1
1483 1496 1493 84 1
1483 387 1496 84 1
1661 1647 1657 428 1
2473 687 2709 1356 1
1637 1633 1620 418 1
1649 1648 426 1654 1
426 1648 428 1654 1
1662 1644 1655 1541 1
1673 1677 1648 1654 1
1498 393 402 1534 1
1643 1649 426 1655 1
1658 1679 1671 1670 1
1641 1644 1662 88 1
1478 1477 1358 353 1
1660 1647 1646 428 1
1646 1647 1661 428 1
1660 1646 1661 428 1
426 1647 1642 428 1
1647 1660 1642 428 1
1647 426 1645 428 1
1647 1645 1657 428 1
1673 1649 1656 1654 1
1679 82 1658 1671 1
1656 1649 1655 1654 1
1474 309 1359 1364 1
1675 1643 1652 1656 1
1649 426 428 1654 1
1673 431 1677 1654 1
1648 1677 1659 1654 1
431 1676 1677 1654 1
1677 1676 1659 1654 1
674 2718 2687 3003 1
1650 1659 428 1654 1
1648 1650 428 1654 1
1650 1648 1659 1654 1
1679 82 84 1658 1
1679 1676 431 1658 1
431 1676 1654 1658 1
1678 1679 431 1658 1
2714 2692 1356 2966 1
1678 1668 1679 1670 1
1679 1668 1671 1670 1
1505 389 1530 1532 1
1678 429 1670 1672 1
429 430 1678 1670 1
1680 1678 1653 1672 1
1618 1620 1616 352 1
1618 399 1529 1616 1
88 1506 1541 1508 1
1506 1542 1541 1508 1
416 414 1630 422 1
1502 1532 1529 89 1
1507 1540 402 1534 1
1538 1542 1509 1531 1
1514 1540 1512 1534 1
399 1617 1529 1616 1
1538 1509 1507 402 1
1505 1498 1503 402 1
1536 393 1498 1534 1
1509 1542 390 1531 1
393 1507 1503 402 1
389 1536 1498 1530 1
1505 389 1498 1530 1
399 1536 1357 1530 1
1498 1505 1530 402 1
1536 1498 1530 402 1
1357 1536 1605 1530 1
1605 1536 389 1530 1
1498 393 1503 402 1
91 1674 394 1537 1
1540 1538 1507 402 1
405 1518 1521 1545 1
429 1666 1664 1665 1
1538 391 1506 401 1
1499 1514 1512 1534 1
1530 1505 1532 402 1
1525 1519 1533 1546 1
393 1499 1512 1534 1
1644 1643 1655 401 1
1643 1644 1506 401 1
405 1547 1552 1551 1
1495 1669 1667 3002 1
1644 1655 1541 401 1
1506 1644 1541 401 1
1542 1506 1541 401 1
1542 1538 1506 401 1
1618 1354 1535 1614 1
1535 1357 90 1613 1
65 2700 1610 419 1
1595 1522 1604 1546 1
420 1354 1618 1614 1
1195 51 1638 2961 1
1228 410 1579 2961 1
1615 1620 1616 418 1
1620 1633 1619 418 1
1477 1359 1358 353 1
398 1514 1499 1534 1
1633 1620 1619 1360 1
1615 1617 1529 89 1
1635 1633 1619 1360 1
1476 1635 39 1634 1
394 1514 1521 1539 1
399 1617 1616 1612 1
1479 1640 382 1634 1
1635 423 1633 1360 1
423 1637 1633 1360 1
1633 1637 1620 1360 1
1579 1640 51 1638 1
1532 1530 1529 352 1
1636 1530 1532 352 1
1504 1532 1529 352 1
1504 1636 1532 352 1
1637 1504 1529 352 1
1504 1637 1636 352 1
394 1674 1675 1537 1
394 1675 391 1537 1
1538 391 401 1537 1
1538 1540 391 1537 1
91 1540 394 1539 1
1643 1656 401 1537 1
1643 1652 1656 1537 1
391 1675 1652 1537 1
391 1643 401 1537 1
1643 391 1652 1537 1
404 1680 1553 1672 1
1536 399 1357 1535 1
1618 1354 399 1535 1
1618 399 1612 1535 1
1518 86 1520 1551 1
1357 399 352 1535 1
1354 1357 352 1535 1
399 1354 352 1535 1
399 1536 1530 1535 1
687 2714 1356 2966 1
1622 65 1609 1621 1
1608 1354 1613 417 1
1357 1354 1613 1614 1
1354 1357 1535 1614 1
1535 1357 1613 1614 1
86 1554 1551 1553 1
1514 1540 1534 1539 1
1518 405 1552 1551 1
87 1548 1549 1544 1
82 1671 1667 3002 1
86 1551 404 1553 1
1607 1356 2965 2966 1
1521 400 1519 1545 1
763 899 900 2986 1
86 1552 1550 1551 1
395 1521 1519 1545 1
395 405 1521 1545 1
1494 1496 1490 3002 1
1523 1525 1519 1533 1
1522 1525 1546 1544 1
1548 87 1596 1544 1
90 1543 1613 1630 1
435 1739 433 2968 1
1689 435 433 2968 1
1543 1605 1533 1546 1
386 1495 1667 3002 1
1545 1518 1554 1551 1
1595 1522 1546 1544 1
1522 87 1549 1544 1
87 1522 1596 1544 1
920 21 1258 2995 1
1666 1663 1550 1665 1
1520 86 1680 1553 1
416 1543 1605 1630 1
86 1520 1554 1553 1
2944 2814 2988 2993 1
416 414 1594 1630 1
1681 2769 255 2977 1
82 1669 1495 3002 1
1688 1742 2963 2968 1
91 1674 1537 1653 1
1674 431 1656 1653 1
414 416 1624 422 1
1520 1521 1554 1539 1
400 1514 1534 1539 1
91 394 1520 1539 1
414 1594 1630 1627 1
1674 91 1680 1653 1
1521 400 1545 1554 1
1518 1521 1545 1554 1
1521 1518 1520 1554 1
1623 414 1630 1627 1
414 1623 1630 422 1
1663 429 1678 1672 1
429 1663 1665 1672 1
1663 404 1665 1672 1
747 829 830 823 1
86 1663 1680 404 1
1663 86 1550 404 1
1552 1550 1551 404 1
1680 86 404 1553 1
1678 1670 427 1653 1
416 1605 1624 422 1
1680 1678 431 1653 1
431 1678 427 1653 1
1631 2711 2715 421 1
1594 416 1630 1627 1
414 1626 1623 1624 1
1593 1628 403 3001 1
1543 416 1594 1627 1
1607 2699 1356 2966 1
66 1607 2965 2966 1
2711 416 1605 1624 1
414 416 1594 1624 1
1626 414 1594 1624 1
416 1626 1594 1624 1
416 2711 2713 1624 1
416 2713 1626 1624 1
2713 2711 421 1624 1
1626 2713 421 1624 1
1624 1632 422 1629 1
1605 1624 422 1629 1
65 1354 1622 1609 1
1630 422 1627 1629 1
1608 1354 1611 1609 1
1354 1608 1622 1609 1
65 1611 1610 1607 1
66 65 1610 1607 1
1467 1195 1350 1355 1
2714 2711 2692 2966 1
65 2699 66 1610 1
1640 1479 51 1355 1
1611 65 1610 419 1
1608 420 1614 1622 1
1354 1608 1614 1622 1
420 1354 1614 1622 1
1451 1376 1367 358 1
1195 1350 1355 355 1
65 1354 417 1356 1
351 2474 2560 1356 1
1195 51 1197 355 1
65 417 1607 1356 1
1475 1363 1364 353 1
1469 1196 1349 1350 1
1479 1361 1359 355 1
1196 1469 1467 1350 1
1078 46 1079 43 1
1467 1469 351 1350 1
2474 2473 2709 1356 1
1474 309 1197 1359 1
1374 1073 38 1072 1
1357 1605 1350 1355 1
1196 1353 1349 1350 1
1613 1605 417 1356 1
1605 1629 417 1356 1
2714 2699 2715 2966 1
2474 2709 175 1356 1
175 2709 2692 1356 1
2474 175 2692 1356 1
2711 2715 421 2966 1
2692 2711 2965 2966 1
1357 1605 90 1356 1
90 1605 1613 1356 1
1357 90 1613 1356 1
1370 279 1193 269 1
1619 1635 1360 39 1
410 1569 1639 1638 1
423 1640 1634 1638 1
383 1477 1478 353 1
1474 1473 1475 353 1
1360 1361 39 1634 1
1635 1360 39 1634 1
2517 2513 1413 61 1
1360 423 1355 1634 1
1361 1360 1355 1634 1
1351 354 1194 1192 1
2160 2159 1023 1419 1
1437 1432 1431 63 1
309 1198 1197 1351 1
2523 2527 2461 59 1
1363 309 1475 1364 1
309 1474 1475 1364 1
1480 1474 1197 1359 1
1361 1479 1359 1358 1
1479 1361 382 1358 1
1479 1477 1480 1358 1
1480 1477 1359 1358 1
1479 1480 1359 1358 1
1477 1479 382 1358 1
1477 382 1478 1358 1
1474 1480 383 353 1
1477 1480 1359 353 1
1480 1477 383 353 1
1474 1475 1364 353 1
1359 1474 1364 353 1
1195 1198 1350 355 1
1198 1195 1197 355 1
1353 1198 1351 355 1
1198 1353 1350 355 1
1479 51 1355 355 1
51 1479 1197 355 1
1451 1457 1456 378 1
1443 64 2477 356 1
2164 2161 1035 59 1
1349 1353 59 1352 1
1371 1372 1352 1428 1
643 2523 2461 59 1
600 2464 1349 59 1
1047 1370 1193 269 1
860 815 779 24 1
1443 64 1366 1444 1
1367 1451 1452 378 1
1034 1352 312 1193 1
2523 62 2527 59 1
1374 279 1370 358 1
1370 1374 358 1373 1
1451 1376 358 1373 1
774 791 789 776 1
1458 1373 278 1068 1
1446 1458 1069 280 1
42 1458 1070 1071 1
1376 1373 1458 1068 1
1067 41 1061 1065 1
1458 1066 277 1071 1
1457 42 1456 1070 1
1370 1374 1362 1072 1
2526 2534 2484 1371 1
2478 2552 1454 377 1
1412 1403 1393 58 1
2527 2484 2461 1371 1
792 2495 794 1391 1
2527 2526 2484 1371 1
820 1713 15 845 1
2534 2537 2484 1371 1
2534 2533 2537 1371 1
1454 1369 377 1455 1
1352 1417 1427 369 1
1352 354 1194 1193 1
1370 354 1372 1193 1
2547 2478 2477 1449 1
2477 2478 1365 1449 1
770 1400 12 1297 1
1433 1370 1047 1050 1
1365 1369 1449 377 1
1369 1367 1452 1450 1
2477 2478 356 1365 1
2546 2478 1449 377 1
1186 1181 308 1169 1
1368 1369 60 1454 1
1369 1366 356 1365 1
1366 64 1449 1441 1
1372 1371 1366 356 1
2536 1443 2477 356 1
2537 2536 2477 356 1
2484 2477 1371 356 1
2537 2484 1371 356 1
2484 2537 2477 356 1
2534 2533 1371 1437 1
2160 2524 2159 1419 1
356 2537 374 1437 1
1369 377 1455 1450 1
1036 1023 369 1422 1
2546 2552 2478 377 1
357 1367 1368 1455 1
2537 2536 356 374 1
2478 1365 1449 377 1
1369 1366 1365 1449 1
2543 2547 2477 1449 1
64 2543 2477 1449 1
64 2477 356 1449 1
356 2477 1365 1449 1
1366 64 356 1449 1
1366 356 1365 1449 1
2478 2475 60 1454 1
1457 1375 1453 378 1
362 2496 2495 1390 1
358 1444 1441 1442 1
1369 1366 1449 1452 1
1367 1451 358 1452 1
1367 358 1369 1452 1
1369 358 1366 1452 1
1440 356 374 1437 1
356 1366 1440 1438 1
1292 2419 1389 68 1
356 1443 1438 374 1
1366 1449 1452 1441 1
1023 1026 1420 1418 1
1394 1397 1399 1412 1
789 11 776 1399 1
1424 1410 366 1415 1
2536 1443 356 374 1
1976 1962 706 2964 1
1370 1372 1435 1433 1
1428 1352 1417 1427 1
23 1019 1424 1410 1
1443 1366 1438 1444 1
1036 59 1352 369 1
1366 1372 356 1440 1
1372 1371 1426 1428 1
59 1371 1352 1428 1
1445 40 376 1448 1
1372 1371 356 1440 1
2524 2523 2159 1419 1
1026 1023 1420 1419 1
97 1690 2939 2953 1
1352 1436 1047 1033 1
2519 1424 1410 366 1
1036 35 1422 1033 1
204 789 1412 1409 1
1435 373 1433 1430 1
204 793 1411 1409 1
1706 1701 2943 2953 1
2513 641 2514 1407 1
62 1023 1419 1417 1
641 2514 1407 366 1
1706 432 1690 2953 1
1428 1426 1427 373 1
1426 1372 1427 373 1
2524 2160 1026 1419 1
223 1011 851 336 1
1036 62 59 1417 1
1352 59 1428 1417 1
59 1036 1417 369 1
1742 97 1686 2963 1
2519 2518 1421 1415 1
2507 2506 1401 365 1
2514 2511 2506 365 1
2527 1371 59 1425 1
62 2527 59 1425 1
59 1371 1428 1425 1
62 59 1428 1425 1
200 791 774 777 1
2511 2512 2506 365 1
2512 2510 23 1410 1
1023 1423 1026 1418 1
1421 1423 370 1418 1
2512 23 793 1411 1
1426 1372 1428 1427 1
1372 1352 1428 1427 1
375 1373 1447 1446 1
358 1370 1434 40 1
1034 1036 1352 1033 1
1170 1167 1078 284 1
1422 35 1047 1033 1
276 279 1048 1049 1
1426 373 1430 1432 1
1162 1182 1184 303 1
1366 1438 1444 376 1
1451 358 1452 375 1
817 773 771 202 1
1023 1036 35 1422 1
2815 2788 100 2956 1
204 790 794 1391 1
772 773 766 198 1
1371 2534 1437 1431 1
376 1434 1439 1448 1
2776 2778 2934 2956 1
279 1370 276 1048 1
354 1362 1191 1194 1
1011 264 1014 1015 1
815 779 775 771 1
817 780 815 778 1
1051 40 1445 1448 1
1434 1370 1053 40 1
358 1370 1435 1434 1
1433 1372 1436 1047 1
812 824 1300 822 1
1352 1036 369 1422 1
1742 1733 97 2963 1
1037 1206 269 1040 1
273 1370 1050 1049 1
1370 1433 273 1050 1
1352 1422 1436 1033 1
1372 1352 1427 1436 1
786 791 777 199 1
1372 1427 373 1436 1
373 1427 1433 1436 1
1372 373 1433 1436 1
1436 1422 1047 1033 1
1445 1054 1052 276 1
782 860 853 785 1
2355 681 2669 2970 1
2143 1018 1012 264 1
2103 254 972 1718 1
782 860 788 787 1
1372 1352 1436 1047 1
269 1037 1040 1039 1
1063 1049 37 1039 1
279 1370 1048 1049 1
358 1366 1444 376 1
1053 1054 40 1048 1
1373 1451 1458 1446 1
358 1053 40 1048 1
1060 1063 1049 37 1
1366 1438 376 1439 1
747 744 10 16 1
1370 1435 1053 273 1
1435 1370 1433 273 1
1370 358 1435 1439 1
1458 1066 1065 277 1
1203 1206 1037 1040 1
860 779 788 787 1
1711 1712 439 15 1
1054 1051 1445 1052 1
791 774 777 199 1
1054 1051 40 1445 1
1441 358 1442 375 1
1434 358 376 1439 1
1402 2512 367 1411 1
815 860 779 771 1
1061 1067 1065 280 1
358 1370 1366 1439 1
358 1366 376 1439 1
2526 1371 371 1431 1
1370 1372 1366 1439 1
1433 1047 273 1050 1
1451 1376 1373 1458 1
42 1376 1457 1456 1
1455 357 1450 1453 1
1376 1451 1457 1456 1
1447 1445 274 1052 1
1458 1446 1065 280 1
358 1373 1442 375 1
1152 1173 744 10 1
1452 358 1441 375 1
358 1451 1373 375 1
1376 1367 1375 1453 1
1458 1451 375 1446 1
1376 1367 1453 378 1
1376 1451 1367 378 1
1375 1376 1453 378 1
1376 1375 1457 378 1
1451 1376 1457 378 1
847 1712 846 845 1
40 1445 376 1442 1
358 40 376 1442 1
640 492 2495 1395 1
358 1054 40 1442 1
40 1054 1445 1442 1
274 1447 1052 1057 1
2512 2510 132 23 1
1182 1181 1184 303 1
1373 1442 375 1447 1
1373 1445 1442 1447 1
817 780 778 202 1
2506 642 2507 1401 1
993 2144 264 1014 1
365 2512 1402 1411 1
1034 1206 1203 1040 1
1058 274 1052 1057 1
814 811 769 766 1
1079 1078 43 1075 1
12 1183 1163 1164 1
1447 1058 1052 1057 1
1362 354 1072 1194 1
41 1446 1061 1065 1
1445 1051 274 1052 1
1447 1056 275 1064 1
1447 1446 1058 1057 1
1067 41 1055 1061 1
1711 1299 213 10 1
1056 1064 276 1059 1
1053 1370 273 1048 1
1058 1447 1052 1056 1
278 1458 1068 1069 1
43 1170 1153 1158 1
1064 1060 276 1059 1
1206 1033 269 1040 1
358 1370 1053 1048 1
1070 1458 277 1071 1
279 1374 1072 1074 1
1071 1066 1069 280 1
1206 1034 1203 312 1
745 747 830 823 1
41 1058 1057 1055 1
42 1458 1071 1069 1
1299 818 213 821 1
1058 41 1057 275 1
1446 1058 1057 275 1
41 1446 1057 275 1
41 1446 275 1061 1
42 1071 1068 1069 1
1458 42 1068 1069 1
279 1060 1064 1063 1
1072 279 1074 1062 1
42 1376 1458 1068 1
1374 1073 1072 1074 1
1066 1458 1065 280 1
273 1050 1048 1049 1
1067 1066 1065 280 1
1070 42 1071 1068 1
774 789 11 776 1
1458 1373 1446 278 1
1446 1061 1065 280 1
1446 1458 278 1069 1
1362 1374 1073 38 1
354 1351 1352 1192 1
279 1374 1370 1072 1
1362 1374 38 1072 1
1446 1061 280 1062 1
278 1069 1074 1062 1
1069 1446 280 1062 1
1198 1196 1353 1192 1
1363 309 1364 1191 1
309 1191 1194 1192 1
1191 1351 1194 1192 1
1364 354 1362 1191 1
1363 1362 38 1191 1
1363 1364 1362 1191 1
1196 1353 1192 312 1
354 1352 1194 1192 1
1351 1353 1352 1192 1
354 1370 1362 1072 1
1049 1060 37 1039 1
1060 1064 1063 1059 1
1374 1373 1073 1074 1
1373 278 1073 1074 1
1373 278 1074 1062 1
1374 1373 1074 1062 1
279 1374 1074 1062 1
1374 279 1373 1062 1
1060 279 1064 1062 1
275 1064 1061 1062 1
1446 275 1061 1062 1
275 1446 1064 1062 1
278 1446 1069 1062 1
1373 1446 278 1062 1
1396 1412 1393 58 1
1373 1447 1446 1062 1
1446 1447 1064 1062 1
2420 1292 1295 68 1
1406 2510 1410 366 1
1060 1056 276 1059 1
358 40 276 1048 1
1447 1056 1064 1062 1
1033 1034 269 1040 1
1364 354 1191 1194 1
1351 1364 1191 1194 1
1364 1351 354 1194 1
1203 1034 1036 312 1
38 1362 1072 1194 1
1362 38 1191 1194 1
1191 38 1072 1194 1
1353 1349 59 312 1
1196 1200 1349 312 1
1364 1351 1191 1192 1
309 1364 1191 1192 1
59 1036 1352 312 1
1349 1035 59 312 1
1035 1036 59 312 1
1203 272 1200 312 1
1200 272 1035 312 1
272 1203 1036 312 1
1035 272 1036 312 1
2161 1035 1349 312 1
600 2161 1349 312 1
2326 600 1349 312 1
1200 2326 1349 312 1
2326 1200 1035 312 1
2161 600 2326 312 1
2161 2326 1035 312 1
1370 273 1048 1049 1
1447 1052 1056 276 1
1447 1445 1052 276 1
1056 1064 1062 276 1
1064 1060 1062 276 1
1447 1056 1062 276 1
279 1370 358 276 1
1370 279 1050 1049 1
1060 279 276 1049 1
1054 358 40 276 1
1373 1447 1062 276 1
1373 1445 1447 276 1
279 1373 1062 276 1
1060 279 1062 276 1
1054 1445 1442 276 1
358 1054 1442 276 1
1445 1373 1442 276 1
1373 358 1442 276 1
1374 358 1373 276 1
279 1374 1373 276 1
1374 279 358 276 1
270 1203 1037 1040 1
270 1034 1203 1040 1
1050 269 1049 1039 1
1063 1050 1049 1039 1
1037 1206 37 1039 1
1206 1037 269 1039 1
1206 1063 37 1039 1
1063 1206 1193 1039 1
279 1193 269 1039 1
279 1063 1193 1039 1
1193 1206 269 1039 1
279 269 1050 1039 1
1063 279 1050 1039 1
994 991 792 23 1
307 1300 822 214 1
1296 812 1300 214 1
1914 1916 792 23 1
261 993 999 1002 1
621 2119 552 264 1
860 782 853 203 1
782 860 787 203 1
132 2149 2121 23 1
1299 820 15 821 1
858 1293 1297 1298 1
198 1166 765 813 1
773 811 816 215 1
1296 772 812 214 1
213 818 819 821 1
750 745 830 823 1
746 831 833 818 1
1300 812 822 214 1
746 1711 831 818 1
1189 307 822 214 1
829 746 833 213 1
1711 831 818 15 1
439 1712 847 15 1
1296 12 1183 1298 1
820 1296 859 1298 1
769 814 766 198 1
814 198 765 813 1
1170 1169 43 1153 1
747 745 749 823 1
439 847 831 15 1
1082 1185 1155 1153 1
1151 1161 214 1160 1
993 261 999 1014 1
215 812 819 824 1
1296 215 819 824 1
215 1296 812 824 1
747 746 213 823 1
213 819 824 823 1
1152 1189 1190 1171 1
1189 1174 10 1171 1
1711 439 831 15 1
1299 1711 818 15 1
1299 1713 1711 15 1
820 212 816 821 1
1713 1712 15 845 1
1712 850 846 220 1
1296 1300 307 214 1
820 1299 1713 859 1
820 1713 845 859 1
1713 849 859 855 1
1713 1712 845 220 1
212 820 858 1298 1
858 224 860 853 1
1016 2142 999 264 1
2417 621 552 264 1
855 852 857 224 1
774 776 777 199 1
782 785 206 1400 1
442 254 971 1013 1
788 206 199 1400 1
852 855 857 223 1
2144 999 264 1014 1
855 856 857 223 1
855 859 224 858 1
212 820 859 858 1
781 853 785 203 1
855 852 224 223 1
2411 2420 2417 1288 1
788 782 206 1400 1
201 811 767 769 1
2513 2517 2515 1405 1
971 254 1012 1013 1
852 224 223 1293 1
30 442 971 1013 1
766 769 198 765 1
254 442 1012 1013 1
442 30 856 1013 1
2143 1018 975 1012 1
2139 2143 975 1012 1
2142 2124 999 264 1
552 2142 2143 264 1
2143 2142 1016 264 1
2139 2143 1012 264 1
2139 552 2143 264 1
2417 552 2139 264 1
2417 2139 1012 264 1
2119 993 2144 264 1
2119 2144 552 264 1
552 2144 2124 264 1
2124 2144 999 264 1
852 854 224 851 1
261 1014 1001 1015 1
791 790 204 789 1
999 993 262 1002 1
204 789 199 1397 1
789 776 199 1397 1
2508 1401 367 1409 1
1014 1001 1015 1002 1
993 261 1014 1002 1
1014 261 1001 1002 1
264 1014 1015 1002 1
264 993 1014 1002 1
2793 1709 2410 441 1
2791 338 2417 1293 1
816 212 770 1297 1
856 338 1013 1293 1
338 1012 1013 1293 1
776 199 1397 1399 1
773 771 199 770 1
2527 2526 1371 371 1
794 790 1400 1391 1
204 790 1391 1397 1
201 811 769 768 1
791 789 776 199 1
336 1292 1295 1293 1
811 814 769 768 1
1175 1177 1179 48 1
201 817 778 767 1
811 817 201 767 1
772 773 812 766 1
744 747 191 16 1
814 812 766 198 1
1089 1186 1185 46 1
811 814 215 766 1
1183 307 1163 1164 1
2417 2420 1293 1288 1
790 1400 1391 1397 1
773 811 215 766 1
774 791 776 199 1
853 782 785 203 1
777 775 771 202 1
2496 640 2495 1395 1
854 7 781 785 1
7 854 851 784 1
7 851 1015 784 1
1001 1015 1002 784 1
7 1001 1002 784 1
1001 7 1015 784 1
780 778 779 24 1
815 780 779 24 1
780 815 778 24 1
1914 132 1916 23 1
2510 1019 2149 23 1
2149 1019 991 23 1
1002 993 784 205 1
784 205 785 783 1
1015 1002 784 205 1
2420 1292 2417 1293 1
622 2791 2410 441 1
132 2510 2149 23 1
223 1011 336 1293 1
779 200 788 786 1
792 1914 23 793 1
1372 1366 1439 372 1
621 1916 491 205 1
1916 2119 491 205 1
2119 621 491 205 1
264 2417 336 1293 1
215 814 812 766 1
2514 1408 1407 366 1
204 1914 1917 793 1
1411 1406 1410 366 1
1402 367 1406 1411 1
2508 2512 1914 793 1
204 2508 1914 793 1
790 791 786 199 1
782 785 783 206 1
993 994 205 792 1
790 783 206 794 1
1917 1914 1916 792 1
2495 1917 1916 792 1
204 790 793 794 1
2527 1371 1425 371 1
2119 993 205 792 1
1916 2119 205 792 1
993 2122 994 792 1
200 780 779 775 1
2514 2513 1407 61 1
2119 1916 2122 792 1
993 2119 2122 792 1
2121 2149 991 23 1
2122 994 792 23 1
994 2122 991 23 1
132 2121 2122 23 1
2122 2121 991 23 1
2526 2527 1425 371 1
1407 2513 1405 61 1
2510 2512 1406 1410 1
1391 362 1390 1392 1
2514 1408 365 1407 1
2778 2776 2817 2956 1
1421 1019 265 1424 1
2519 1421 265 1424 1
1019 2519 265 1424 1
2784 2775 703 2947 1
1081 45 1083 2991 1
1291 1709 67 1290 1
782 860 785 1400 1
212 773 816 770 1
11 776 1399 1398 1
204 2508 793 1409 1
1408 1407 1405 61 1
1408 1402 367 1406 1
204 789 1397 1412 1
790 204 789 199 1
791 200 786 777 1
817 212 815 771 1
773 771 202 766 1
785 783 206 1400 1
23 793 1411 1410 1
773 215 812 766 1
2497 362 2495 1391 1
811 773 817 202 1
780 815 775 202 1
1152 1189 10 822 1
778 780 767 202 1
1434 1435 1439 372 1
769 767 202 766 1
817 778 767 202 1
773 772 812 12 1
773 212 771 770 1
767 811 202 766 1
811 767 769 766 1
777 776 771 199 1
860 782 788 1400 1
859 224 858 1293 1
815 817 771 202 1
790 199 1400 1397 1
199 770 1400 1397 1
775 200 777 771 1
811 817 767 202 1
780 817 815 202 1
773 212 816 771 1
816 212 817 771 1
773 816 817 771 1
779 200 775 771 1
779 860 788 771 1
200 779 788 771 1
1012 2417 264 1293 1
200 786 777 199 1
788 206 786 199 1
1708 254 1718 1720 1
1412 1399 1393 363 1
788 200 771 199 1
200 788 786 199 1
1295 1292 1294 68 1
1403 1398 1412 363 1
1404 204 1401 58 1
783 790 206 1400 1
788 199 770 1400 1
206 790 199 1400 1
815 860 771 770 1
212 815 771 770 1
860 788 771 770 1
771 788 199 770 1
859 855 224 1293 1
1391 1400 364 1397 1
1717 440 1719 1715 1
1701 437 2943 2953 1
204 1391 364 1397 1
2495 204 794 1391 1
1295 2420 1294 335 1
336 224 1293 1297 1
789 11 1398 1412 1
2412 1291 1287 1288 1
2420 1295 1293 1288 1
2791 2417 1012 1293 1
2495 204 1391 1395 1
860 853 785 1400 1
852 223 336 1293 1
1182 302 304 1161 1
1011 856 1013 1293 1
855 856 223 1293 1
223 856 1011 1293 1
224 855 223 1293 1
1296 820 821 1298 1
773 770 12 1297 1
1421 370 1424 1415 1
1686 97 2939 2953 1
789 776 1397 1399 1
2519 2515 2518 1415 1
1395 364 1396 58 1
1404 1403 1402 367 1
204 1403 1412 58 1
2508 492 2507 1401 1
1401 1404 367 1409 1
1299 856 855 1300 1
367 1406 1411 1409 1
2001 1891 127 2969 1
1426 1372 373 1432 1
364 204 1397 1412 1
2503 2507 2505 58 1
1403 204 1404 58 1
492 2507 1401 58 1
1156 301 1165 1157 1
1401 1404 1402 367 1
1398 1399 1412 363 1
1396 364 1397 1412 1
1403 1404 1393 58 1
2507 2503 1401 58 1
1406 1408 366 1405 1
1399 1394 1412 1393 1
204 492 1401 58 1
2524 1420 1418 1414 1
1394 1396 1397 1393 1
1397 1396 1412 1393 1
1394 1397 1412 1393 1
1404 1403 1393 363 1
1403 1412 1393 363 1
492 2509 2505 58 1
2503 2509 2504 58 1
640 492 1395 58 1
2504 640 1395 58 1
1396 364 1412 58 1
364 204 1412 58 1
2509 492 640 58 1
2509 640 2504 58 1
1370 1372 1439 372 1
1408 365 1407 1402 1
1733 1734 437 2963 1
2513 2515 641 366 1
1686 1687 2943 2953 1
1408 2514 1406 366 1
2514 2511 1406 366 1
2510 1019 23 1410 1
1440 1429 1430 1432 1
1415 366 1405 1416 1
1406 2512 1411 1410 1
2506 2514 365 1407 1
1371 1437 1432 1431 1
2512 23 1411 1410 1
2519 1424 366 1415 1
2512 365 1406 1411 1
2518 2515 370 1415 1
2534 2526 371 1431 1
2506 1401 365 1402 1
204 1403 1404 1409 1
2513 641 1407 366 1
1404 1403 367 1409 1
2512 2506 365 1402 1
642 2508 1401 367 1
2508 642 2512 367 1
2512 642 2506 367 1
2512 2506 1402 367 1
1371 1372 1426 1432 1
2506 1401 1402 367 1
2506 642 1401 367 1
432 1706 2943 2953 1
2511 2512 365 1406 1
1403 1412 367 1409 1
2515 2519 366 1415 1
1408 365 1402 1406 1
2517 1413 1416 61 1
2514 2511 365 1406 1
1408 2514 365 1406 1
2508 204 1401 1409 1
2512 367 1411 1409 1
2512 2508 367 1409 1
2508 2512 793 1409 1
793 2512 1411 1409 1
1019 2519 1424 1410 1
2519 1019 2510 1410 1
2943 1686 2953 2963 1
2513 2517 1405 61 1
2515 2517 1415 1405 1
2524 1420 1414 368 1
1405 2517 1416 61 1
2510 2519 1410 366 1
641 2510 2511 366 1
2511 2510 1406 366 1
1372 1440 1430 1432 1
2513 2515 366 1405 1
366 2515 1415 1405 1
2515 2519 641 366 1
1440 1371 1437 1429 1
510 1974 706 2964 1
2516 2521 370 1414 1
370 2521 1418 1414 1
1687 432 2943 2953 1
1705 437 1690 2953 1
2521 2524 1418 1414 1
2521 2516 2524 1414 1
1440 1429 372 1430 1
1372 1435 1433 1430 1
373 1372 1433 1430 1
972 2796 1718 1720 1
1437 1429 1432 63 1
1372 1370 1435 1430 1
1435 1370 1439 372 1
1366 1440 1438 372 1
1438 1440 1439 372 1
1366 1438 1439 372 1
1366 1440 372 1430 1
1372 1366 372 1430 1
1366 1372 1440 1430 1
1371 1437 1429 1432 1
2534 2533 1437 63 1
1372 1371 1440 1432 1
1440 1371 1429 1432 1
2526 2534 1371 1431 1
1426 1371 1432 1431 1
1371 1426 371 1431 1
371 1426 1432 1431 1
1161 198 214 813 1
816 212 1297 1298 1
307 1184 1183 1163 1
338 856 1013 1289 1
1291 1709 2412 67 1
12 773 1297 1298 1
1292 2497 336 1392 1
212 858 770 1297 1
338 1296 859 1300 1
820 1296 821 1300 1
2497 362 1391 1392 1
2497 1391 336 1392 1
1296 338 859 1298 1
1296 772 307 1183 1
362 2497 1389 1392 1
814 769 768 765 1
1299 820 821 1300 1
823 747 10 16 1
859 1299 855 1300 1
1299 819 824 1300 1
1296 820 859 1300 1
2411 2412 1287 1288 1
772 1296 12 1183 1
191 747 749 16 1
1182 1162 1184 1164 1
1292 2419 2417 336 1
2417 2419 621 336 1
224 852 851 336 1
1002 993 205 336 1
784 205 783 336 1
264 993 1002 336 1
621 2419 2497 336 1
2419 1292 2497 336 1
856 338 855 1300 1
2417 1292 336 1293 1
858 860 770 1297 1
621 2497 2495 336 1
2495 2497 1391 336 1
2119 621 205 336 1
993 2119 205 336 1
621 1916 205 336 1
205 1916 792 336 1
792 2495 1391 336 1
205 792 794 336 1
794 792 1391 336 1
785 784 783 336 1
783 205 794 336 1
783 794 1400 336 1
1400 794 1391 336 1
2119 993 264 336 1
621 2119 264 336 1
308 1187 1155 1150 1
1296 819 821 1300 1
621 2495 1916 336 1
1916 2495 792 336 1
860 858 853 1297 1
860 853 1400 1297 1
858 224 853 1297 1
853 785 1400 1297 1
224 854 853 1297 1
853 854 785 1297 1
783 785 336 1297 1
785 783 1400 1297 1
1400 783 336 1297 1
854 224 851 1297 1
851 224 336 1297 1
854 784 785 1297 1
785 784 336 1297 1
854 851 784 1297 1
784 851 336 1297 1
856 338 1300 1289 1
302 1162 1181 1182 1
1299 856 1300 1707 1
338 1012 1293 1708 1
2791 2793 2410 441 1
765 1166 1 813 1
2796 256 1715 1720 1
46 1077 1090 1088 1
2791 338 1293 1708 1
338 442 1012 1708 1
442 338 1289 1708 1
1300 856 1289 1707 1
1299 1713 856 1707 1
307 1184 1163 1164 1
2796 2795 99 1715 1
1717 1719 256 1715 1
749 747 823 16 1
1709 1290 1289 1710 1
1290 337 1289 1710 1
254 442 1715 1720 1
338 2410 2412 1289 1
1291 338 2412 1289 1
2410 1709 2412 1289 1
1709 1291 2412 1289 1
816 773 215 1298 1
215 773 812 1298 1
812 773 12 1298 1
1296 215 812 1298 1
1296 812 12 1298 1
212 816 821 1298 1
215 1296 819 1298 1
816 215 819 1298 1
773 816 770 1298 1
770 816 1297 1298 1
773 770 1297 1298 1
819 1296 821 1298 1
816 819 821 1298 1
1719 99 256 1715 1
1717 972 973 1715 1
1712 1717 973 1715 1
972 254 973 1715 1
2410 1709 1289 441 1
2968 433 2990 2992 1
442 1712 971 1715 1
971 1712 973 1715 1
254 442 971 1715 1
254 971 973 1715 1
824 10 822 16 1
198 307 1161 214 1
1593 1548 1544 3001 1
338 1289 1708 441 1
1190 1152 1171 1150 1
2791 338 1708 441 1
747 744 746 10 1
746 1711 823 10 1
1173 1189 1174 10 1
2796 2791 543 1718 1
2791 254 543 1718 1
254 2791 1708 1718 1
99 2796 1715 1720 1
744 1152 10 822 1
812 772 766 198 1
1187 305 48 1155 1
1162 1181 1182 303 1
1173 1180 300 1150 1
1177 1175 1080 48 1
2642 2646 666 2979 1
100 2815 2956 2993 1
2646 2614 666 2979 1
1228 1569 410 2961 1
1579 410 1638 2961 1
1195 1569 1228 2961 1
2815 2813 2956 2993 1
2948 2944 2978 2993 1
2948 2978 2980 2993 1
2977 2948 2980 2993 1
2956 2977 2980 2993 1
45 1176 1177 48 1
1088 1078 1079 284 1
1 1166 1159 813 1
1185 1187 1188 1155 1
302 1190 308 1150 1
46 1185 1076 281 1
1189 1152 1174 1171 1
1081 1086 282 1080 1
46 1186 1075 1153 1
2680 2363 2668 2937 1
1085 285 1077 1090 1
1088 1170 1078 284 1
285 46 1077 1090 1
1742 1688 1739 2992 1
750 748 749 16 1
1156 1168 304 1165 1
1182 307 1189 1164 1
1079 46 1076 281 1
46 1077 1088 1079 1
46 285 1077 1079 1
1162 1181 303 1169 1
1186 1185 46 281 1
1166 198 1161 813 1
1169 46 1170 43 1
46 1088 1170 1078 1
46 1088 1078 1079 1
1173 744 191 1180 1
191 749 1149 822 1
1077 1088 1079 284 1
303 1162 1169 1170 1
1186 46 1075 281 1
1176 305 1177 48 1
1181 308 1169 1170 1
1162 1181 1169 1170 1
1152 744 191 822 1
1162 1170 1167 304 1
305 1172 1154 1155 1
307 1164 198 1161 1
307 1189 1151 214 1
772 307 198 214 1
305 1190 1171 1150 1
45 1177 1080 48 1
46 1079 43 1075 1
1567 1568 411 2931 1
1187 305 1176 48 1
10 744 822 16 1
1164 772 198 1161 1
1164 1182 304 1161 1
302 304 1157 1158 1
302 1162 1182 304 1
1182 1162 1164 304 1
1300 824 10 822 1
744 191 749 16 1
302 308 1155 1150 1
1731 100 2956 2993 1
198 812 214 813 1
744 191 1180 1149 1
744 1152 191 1149 1
1173 744 1180 1149 1
1152 1173 1180 1149 1
1173 1152 744 1149 1
1086 1177 282 1080 1
1179 306 1178 1154 1
2814 2948 2977 2993 1
1175 1177 1172 1179 1
1086 45 1177 1080 1
1081 45 1086 1080 1
1187 1190 305 1150 1
320 1230 1227 2931 1
45 1080 1083 48 1
1742 1739 2968 2992 1
281 1082 1155 1153 1
302 1152 1190 1150 1
812 772 198 214 1
1173 1152 1180 1150 1
308 1186 1169 1153 1
1187 308 1155 1153 1
1568 1227 411 2931 1
1177 305 1172 48 1
1177 1172 1179 48 1
305 1172 48 1154 1
1172 1179 48 1154 1
1188 48 1082 1155 1
1173 1180 1178 300 1
1174 1173 1178 300 1
281 1185 1082 1153 1
1186 46 1169 1153 1
306 1171 1178 300 1
1185 1188 1082 1155 1
1186 308 1185 1153 1
1171 1174 1178 300 1
1227 1230 1232 2931 1
1186 1185 281 1153 1
1167 1170 43 1158 1
302 1162 304 1158 1
1232 1230 411 2931 1
1573 1230 320 2931 1
1571 1572 1230 2931 1
1572 1571 1573 2931 1
305 1172 1155 1150 1
1172 305 1171 1150 1
1172 1171 306 1150 1
306 1171 300 1150 1
1154 300 1155 1150 1
1172 306 1154 1150 1
1172 1154 1155 1150 1
1178 300 1154 1150 1
306 1178 1154 1150 1
1178 306 300 1150 1
301 1166 1165 1157 1
1075 43 1153 1158 1
748 750 823 16 1
307 1189 1164 1151 1
307 1164 1161 1151 1
750 745 823 16 1
1182 302 1161 1151 1
1166 301 1160 1157 1
1189 1152 1190 1151 1
1182 1189 1190 1151 1
1189 1182 1164 1151 1
1164 1182 1161 1151 1
823 824 822 16 1
302 1182 1190 1151 1
1152 302 1190 1151 1
1822 466 474 2932 1
1227 1232 411 2931 1
1573 1571 1230 2931 1
304 1156 1165 1157 1
1161 1166 1160 1157 1
1166 1161 1165 1157 1
302 1161 1151 1157 1
1151 1161 1160 1157 1
302 304 1161 1157 1
1161 304 1165 1157 1
1168 1156 304 1158 1
1167 1168 304 1158 1
1170 1167 304 1158 1
308 1162 1153 1158 1
1170 308 1153 1158 1
1181 308 1170 1158 1
1162 1181 1170 1158 1
1181 1162 308 1158 1
1823 1825 1841 2932 1
1825 1823 466 2932 1
1828 1823 1845 2932 1
1823 1828 1826 2932 1
1826 1828 1845 2932 1
106 1822 474 2932 1
1841 106 474 2932 1
1825 1824 1841 2932 1
1824 1822 106 2932 1
1824 106 1841 2932 1
1822 1825 466 2932 1
1825 1822 1824 2932 1
2708 2704 2623 2933 1
2707 2708 2623 2933 1
633 2705 2726 2933 1
2705 633 2623 2933 1
2623 633 2726 2933 1
2804 1967 181 2974 1
435 1689 433 2957 1
2688 2638 2689 2982 1
1185 1188 1084 2991 1
1731 2956 2980 2993 1
439 1723 831 2936 1
1716 439 222 2936 1
1682 1693 1694 2957 1
2815 703 2788 2956 1
2769 2017 2955 2956 1
2784 182 2947 2956 1
2943 100 2955 2956 1
847 439 831 2936 1
842 847 831 2936 1
2722 679 2664 2999 1
702 2816 2956 2985 1
160 2664 2361 2999 1
921 918 920 2995 1
921 920 1258 2995 1
2368 2682 2342 2937 1
2342 2682 2681 2937 1
2368 2342 2681 2937 1
611 2682 2367 2937 1
2368 611 2367 2937 1
2682 2368 2367 2937 1
2688 2689 2685 2982 1
629 2554 2452 2981 1
2774 2772 2771 2938 1
2768 2774 2771 2938 1
700 2772 702 2938 1
700 2820 2771 2938 1
2772 700 2771 2938 1
1185 1089 46 2991 1
435 2963 2968 2989 1
2046 2384 130 3004 1
2921 2919 2895 2945 1
2894 727 2895 2945 1
2919 2914 2894 2945 1
323 1591 1237 2951 1
2580 2578 167 2949 1
1226 1228 1579 2961 1
1736 1745 1735 2941 1
1735 1745 1746 2941 1
2900 2914 2897 2945 1
2893 733 2921 2945 1
1585 1589 1220 2951 1
323 1243 1589 2951 1
670 2635 2615 2979 1
2893 727 733 2945 1
2896 2894 2895 2945 1
2914 733 187 2945 1
2896 2919 2894 2945 1
2914 2900 2894 2945 1
727 2899 733 2945 1
733 2899 187 2945 1
1687 432 235 2943 1
1687 235 897 2943 1
897 235 891 2943 1
2692 1605 1356 2965 1
1706 892 891 2943 1
2023 2021 1883 2954 1
1883 2021 482 2954 1
1624 1632 1629 2965 1
1605 1624 1629 2965 1
1605 1629 1356 2965 1
892 255 891 2943 1
892 1706 1008 2943 1
643 2521 2524 2975 1
2797 510 706 2964 1
2521 2520 2522 2975 1
1962 2805 706 2964 1
1962 1974 2805 2964 1
255 892 1008 2943 1
1701 100 1008 2943 1
1704 1701 1008 2943 1
1701 1704 1706 2943 1
2158 144 2159 2975 1
1974 1976 706 2964 1
1962 1976 1974 2964 1
1702 1704 1008 2943 1
1704 1702 1706 2943 1
1706 1702 1008 2943 1
2815 2813 703 2956 1
702 2816 2769 2956 1
899 196 900 2986 1
711 2817 2813 2956 1
1741 1739 433 2957 1
711 2816 2817 2985 1
2814 2978 2988 2993 1
2823 2825 712 2948 1
45 1176 48 2991 1
1734 100 2963 2980 1
1694 1693 1689 2957 1
1744 2824 448 2948 1
2636 2638 2617 2979 1
670 2638 2635 2979 1
2170 2457 557 2981 1
2780 521 2022 2955 1
1188 1185 1076 2991 1
1085 1089 283 2991 1
75 1737 2960 2988 1
2022 521 482 2955 1
2638 670 2615 2979 1
2716 2718 674 2983 1
2001 127 1890 2969 1
1416 1415 1414 2952 1
1742 1686 1691 2963 1
1595 1596 1544 2972 1
1688 1742 1691 2963 1
1415 370 1414 2952 1
97 1705 1690 2953 1
2664 679 2362 2999 1
96 838 1721 2984 1
2554 2564 630 2981 1
2941 2944 2960 2978 1
711 2817 2956 2985 1
46 285 1076 2991 1
1745 1736 447 2978 1
1737 1738 2960 2978 1
2455 2564 557 2981 1
2455 2457 2452 2981 1
283 1185 1084 2991 1
2956 711 2977 2993 1
1736 2941 2960 2978 1
2941 1744 2948 2978 1
2379 2043 614 3004 1
2772 700 702 2985 1
2963 1691 2968 2989 1
100 1731 2963 2980 1
1731 100 1734 2980 1
2379 2384 2049 3004 1
1739 435 2957 2987 1
447 1736 1738 2978 1
1738 1736 2960 2978 1
1745 1684 449 2987 1
100 2134 1008 2955 1
100 1008 2943 2955 1
435 1681 2957 2987 1
2134 542 255 2955 1
2134 255 1008 2955 1
1008 255 2943 2955 1
1745 2941 2978 2987 1
2209 2211 573 2958 1
2211 2209 2208 2958 1
155 2208 2316 2958 1
2211 155 573 2958 1
155 2211 2208 2958 1
410 1569 1638 2961 1
1569 1195 1639 2961 1
1639 1195 1638 2961 1
1569 1639 1638 2961 1
370 1414 2952 2962 1
370 2516 1414 2962 1
2517 2516 2515 2962 1
1413 2517 1416 2962 1
1413 1416 2952 2962 1
644 2516 370 2962 1
2515 2516 644 2962 1
2517 2515 1415 2962 1
2517 1415 1416 2962 1
1416 1415 2952 2962 1
2515 644 370 2962 1
2515 370 1415 2962 1
1415 370 2952 2962 1
2358 2355 608 2970 1
2660 2358 2661 2970 1
1701 100 2943 2963 1
1734 1701 437 2963 1
437 1701 2943 2963 1
100 1701 1734 2963 1
1705 1733 437 2963 1
97 1705 2953 2963 1
2001 1890 1892 2969 1
2943 100 2956 2963 1
437 2943 2953 2963 1
1705 437 2953 2963 1
255 2943 2956 2963 1
1681 255 2956 2963 1
100 1731 2956 2963 1
255 1681 891 2963 1
891 1681 2943 2963 1
255 891 2943 2963 1
395 405 1545 2967 1
2692 2711 1605 2965 1
1525 1546 1544 2967 1
1524 1525 1544 2967 1
1524 395 1519 2967 1
1525 1519 1546 2967 1
1525 1524 1519 2967 1
405 395 1547 2967 1
1547 395 1549 2967 1
405 1547 1549 2967 1
395 1524 1549 2967 1
1549 1524 1544 2967 1
1546 1595 1544 2972 1
447 1681 2963 2968 1
1681 447 1739 2968 1
1742 447 2963 2968 1
447 1742 1739 2968 1
608 2355 2672 2970 1
2358 681 2360 2970 1
2360 681 2355 2970 1
2358 2360 2355 2970 1
2672 2355 2671 2970 1
2669 2672 2671 2970 1
2355 2669 2671 2970 1
1731 2815 100 2993 1
414 1628 1593 3001 1
1544 1548 403 3001 1
1546 1596 2972 3001 1
1548 1593 403 3001 1
1543 1546 2972 3001 1
1596 416 1594 3001 1
2813 711 2956 2993 1
2805 1872 706 2801 1
2524 2521 2159 2975 1
643 2524 2159 2975 1
2769 542 255 2977 1
2978 1744 2980 2987 1
2769 1681 2956 2977 1
1736 447 1739 2987 1
1744 2824 2948 2977 1
2824 712 2948 2977 1
712 1883 2770 2977 1
2770 1883 2954 2977 1
2820 2768 2938 2977 1
2768 2820 2770 2977 1
712 2823 2948 2977 1
2823 712 2770 2977 1
2023 482 2954 2977 1
2023 2017 482 2977 1
2777 2778 2985 2994 1
711 2814 2944 2977 1
2944 2814 2948 2977 1
542 2095 255 2977 1
2095 969 255 2977 1
1732 2978 2980 2987 1
196 900 2986 2987 1
2830 2824 1744 2977 1
2823 2825 2948 2977 1
2017 2023 1883 2977 1
1883 2023 2954 2977 1
2017 1968 2095 2977 1
2017 542 2769 2977 1
542 2017 2095 2977 1
2819 2816 711 2977 1
702 2816 2938 2977 1
2816 702 2769 2977 1
2769 702 2938 2977 1
711 2816 2956 2977 1
2816 2769 2956 2977 1
2825 2944 2948 2977 1
969 2095 837 2977 1
2941 1744 2978 2987 1
447 1745 2978 2987 1
2830 1744 1749 2977 1
2830 2828 2824 2977 1
2824 2828 712 2977 1
712 2828 1883 2977 1
2816 2820 2938 2977 1
2816 2819 2820 2977 1
2770 2820 710 2977 1
2820 2819 710 2977 1
2823 2819 711 2977 1
2823 2770 710 2977 1
2819 2823 710 2977 1
509 2017 1883 2977 1
509 1968 2017 2977 1
2095 1968 837 2977 1
2823 711 2944 2977 1
2825 2823 2944 2977 1
2830 1749 837 2977 1
1968 2830 837 2977 1
1968 2828 2830 2977 1
2828 509 1883 2977 1
2828 1968 509 2977 1
1691 1688 2968 2990 1
285 46 1090 2991 1
1083 48 1082 2991 1
48 1188 1082 2991 1
2821 2819 2822 2988 1
1737 2822 2814 2988 1
2944 2960 2978 2988 1
445 2814 2978 2988 1
1737 445 2978 2988 1
2960 1737 2978 2988 1
1076 1083 1082 2991 1
2814 711 2944 2988 1
1744 1749 2977 2987 1
255 1681 2977 2987 1
255 969 891 2987 1
1681 255 891 2987 1
891 969 837 2987 1
891 763 900 2987 1
900 763 2986 2987 1
1733 447 2980 2987 1
447 1733 1681 2987 1
1681 1733 2980 2987 1
1741 1739 2957 2987 1
1741 1736 1739 2987 1
1682 1684 1741 2987 1
1682 1741 2957 2987 1
1744 1747 1749 2987 1
2956 1681 2980 2987 1
1681 2956 2977 2987 1
2977 2956 2980 2987 1
1749 837 2977 2987 1
969 255 2977 2987 1
837 969 2977 2987 1
219 891 837 2987 1
763 891 219 2987 1
1745 446 1684 2987 1
446 1745 1736 2987 1
1749 1747 837 2987 1
1684 446 1741 2987 1
446 1736 1741 2987 1
1747 763 219 2987 1
1747 219 837 2987 1
1253 327 1258 2995 1
327 1253 919 2995 1
239 919 924 2995 1
919 1253 924 2995 1
1257 1253 1258 2995 1
924 1253 923 2995 1
239 924 923 2995 1
1253 239 923 2995 1
325 1257 239 2995 1
1253 325 239 2995 1
325 1253 1257 2995 1
2816 2817 2985 2997 1
1722 842 2936 2998 1
839 838 841 2998 1
96 838 2984 2998 1
838 96 841 2998 1
839 1716 222 2998 1
838 839 222 2998 1
838 222 842 2998 1
842 222 2936 2998 1
1722 1730 1721 2998 1
1721 1730 2984 2998 1
221 839 841 2998 1
1716 221 841 2998 1
221 1716 839 2998 1
96 1714 841 2998 1
1716 96 2984 2998 1
96 1716 1714 2998 1
1714 1716 840 2998 1
840 1716 841 2998 1
1714 840 841 2998 1
2722 2725 2659 2999 1
2659 2725 2333 2999 1
82 1494 84 3002 1
1494 82 1495 3002 1
1594 1543 1627 3000 1
1494 1490 84 3002 1
403 1628 1627 3000 1
82 84 1671 3002 1
414 1594 1627 3000 1
386 1496 1495 3002 1
84 1490 1671 3002 1
1490 1496 386 3002 1
1496 1494 1495 3002 1
414 1594 3000 3001 1
414 1593 1594 3001 1
1628 414 1627 3001 1
1627 414 3000 3001 1
1628 1627 3000 3001 1
416 1543 1594 3001 1
1594 1543 3000 3001 1
1543 416 1605 3001 1
1605 416 1596 3001 1
1543 1605 1546 3001 1
1605 1596 1604 3001 1
1604 1596 1546 3001 1
1605 1604 1546 3001 1
674 2645 2636 3003 1
2636 2645 2687 3003 1
2686 2687 684 3003 1
2686 684 2983 3003 1
2688 2686 685 3003 1
2638 2637 2982 3003 1
2688 2638 2982 3003 1
2716 2718 2983 3003 1
2718 2716 684 3003 1
684 2716 2983 3003 1
2637 2686 2983 3003 1
2686 2637 685 3003 1
685 2637 2692 3003 1
2688 685 2692 3003 1
2637 2638 2692 3003 1
2638 2688 2689 3003 1
2689 2688 2692 3003 1
2638 2689 2692 3003 1
614 2043 2383 3004 1
2384 614 2383 3004 1
526 2382 613 3004 1
613 2382 2383 3004 1
526 613 2383 3004 1
2042 526 2383 3004 1
2045 2042 2383 3004 1
2042 2045 526 3004 1
2803 2804 2808 3005 1
2808 2804 2974 3005 1
2797 1969 507 3005 1
507 1969 1966 3005 1
2797 507 1966 3005 1
1969 2797 1965 3005 1
1965 2797 2799 3005 1
1969 1965 2799 3005 1
2799 2797 181 3005 1
181 2797 2974 3005 1
1969 2799 181 3005 1
